PolicyNum,Year,Premium,Deduct,BCcov,Freq,Fire5,NoClaimCredit,EntityType,AlarmCredit,BCClaim
120002,2006,9313,1000.0,22714456.0,0,1,0,3,1,0.0
120002,2007,8767,1000.0,25046646.0,0,1,0,3,1,0.0
120002,2008,7090,1000.0,20851525.0,0,1,1,3,1,0.0
120002,2009,8522,1000.0,21852696.0,0,1,1,3,1,0.0
120002,2010,7994,1000.0,23511493.0,1,1,1,3,1,6838.87
120003,2006,40735,5000.0,99353377.0,0,1,0,3,4,0.0
120003,2007,39728,5000.0,104546824.0,5,1,0,3,4,15500.0
120003,2008,42280,5000.0,111265009.0,1,1,0,3,4,8775.0
120003,2009,36893,5000.0,119005219.0,2,1,0,3,4,37470.91
120003,2010,36687,5000.0,114646079.0,1,1,0,3,4,9711.28
120004,2006,16823,500.0,25879634.0,3,1,0,3,4,13003.08
120004,2007,20507,500.0,29720359.0,1,1,0,3,4,32733.44
120004,2008,22694,500.0,31088524.0,0,1,0,3,4,0.0
120004,2009,18185,1000.0,33064745.0,3,1,0,3,4,42600.43
120004,2010,17839,1000.0,31853574.0,1,1,0,3,4,10323.5
120005,2006,19192,1000.0,31462584.0,0,1,0,3,4,0.0
120005,2007,14245,5000.0,33128746.0,5,1,0,3,4,144005.39
120005,2008,15397,5000.0,34995158.0,0,1,0,3,4,0.0
120005,2009,14050,5000.0,36974202.0,2,1,0,3,4,27480.88
120005,2010,12431,5000.0,32713698.0,0,1,0,3,4,0.0
120008,2006,21644,500.0,46051532.0,3,1,0,3,4,48060.82
120008,2007,18928,500.0,49811334.0,2,1,0,3,4,2250.0
120008,2008,17809,500.0,43438490.0,2,1,0,3,4,713.15
120008,2009,18144,500.0,45360920.0,2,1,0,3,4,12014.69
120008,2010,16090,500.0,47321724.0,1,1,0,3,4,3469.79
120009,2006,15988,25000.0,66618639.0,0,1,0,3,4,0.0
120009,2007,16120,25000.0,70089341.0,0,1,0,3,4,0.0
120009,2008,16948,25000.0,73688951.0,0,1,1,3,4,0.0
120009,2009,15044,25000.0,75219452.0,2,1,1,3,4,5474.3
120009,2010,15180,25000.0,72286976.0,0,1,0,3,4,0.0
120010,2009,16334,25000.0,71017505.0,7,0,0,3,1,20110.06
120010,2010,15861,25000.0,99135847.0,1,0,0,3,4,35000.0
120012,2006,196802,500.0,447277005.0,20,1,0,3,4,55273.39
120012,2007,196055,500.0,478182819.0,15,1,0,3,4,366403.42
120012,2008,214762,500.0,511339313.0,11,1,0,3,4,47562.49
120012,2009,222048,500.0,584335432.0,19,1,0,3,4,157402.17
120012,2010,222052,500.0,569366096.0,19,1,0,3,4,83934.7
120013,2006,63796,500.0,127590738.0,3,0,0,3,4,20169.21
120013,2007,55347,500.0,138368204.0,6,0,0,3,4,13101.99
120013,2008,59665,500.0,145526388.0,4,0,0,3,4,41266.18
120013,2009,62636,500.0,152772888.0,0,0,0,3,4,0.0
120013,2010,58869,500.0,163526511.0,5,0,0,3,4,63529.9
120015,2006,43760,1000.0,84154470.0,10,1,0,3,4,194133.31
120015,2007,42497,1000.0,92383555.0,8,1,0,3,4,26819.98
120015,2008,41638,1000.0,96832364.0,9,1,0,3,4,52866.97
120015,2009,43605,1000.0,101407523.0,6,1,0,3,4,36411.4
120015,2010,38657,1000.0,107382645.0,11,1,0,3,4,38117.45
120017,2006,25733,5000.0,67719951.0,5,1,0,3,1,970.9
120017,2007,21816,5000.0,72719899.0,8,1,0,3,1,52342.26
120017,2008,22907,5000.0,71582224.0,8,1,0,3,4,5018.22
120017,2009,23997,5000.0,74992679.0,5,1,0,3,4,886.95
120017,2010,22321,5000.0,79719144.0,7,1,0,3,4,9131.7
120018,2006,51823,5000.0,101613238.0,0,1,0,3,4,0.0
120018,2007,48858,5000.0,108575007.0,1,1,0,3,4,44628.76
120018,2008,44785,5000.0,114830450.0,1,1,0,3,4,146083.94
120018,2009,49863,5000.0,121617722.0,2,1,0,3,4,117967.96
120018,2010,39301,5000.0,115589417.0,1,1,0,3,4,9648.62
120021,2006,12923,2500.0,23930241.0,0,0,0,3,1,0.0
120021,2007,11573,2500.0,25716292.0,0,0,0,3,1,0.0
120021,2008,12135,2500.0,28220772.0,0,0,1,3,4,0.0
120021,2009,13031,2500.0,29615734.0,1,0,1,3,4,5451.19
120021,2010,10707,2500.0,31490661.0,2,0,0,3,4,10989.35
120022,2006,14410,500.0,22168794.0,6,0,0,3,4,52282.21
120022,2007,13081,500.0,23783332.0,1,0,0,3,4,4500.0
120022,2008,13172,500.0,24852080.0,0,0,0,3,4,0.0
120022,2009,13839,500.0,26110607.0,1,0,0,3,4,2440.21
120022,2010,12937,500.0,27525078.0,0,0,0,3,4,0.0
120023,2006,19602,1000.0,44549513.0,0,1,0,3,3,0.0
120023,2007,17714,1000.0,47874105.0,2,1,0,3,3,55591.69
120023,2008,19695,1000.0,50498835.0,2,1,0,3,3,57080.39
120023,2009,19622,1000.0,51635317.0,0,1,0,3,3,0.0
120023,2010,21036,1000.0,65739367.0,2,1,0,3,4,16424.49
120024,2009,10679,10000.0,23731498.0,4,0,0,3,1,5432.29
120024,2010,14285,5000.0,34840494.0,0,0,0,3,4,0.0
120025,2006,27169,500.0,46048119.0,3,1,0,3,1,14327.12
120025,2007,24617,500.0,49233619.0,0,1,0,3,4,0.0
120025,2008,26474,500.0,51909998.0,2,1,0,3,4,624.85
120025,2009,28854,500.0,54441728.0,1,1,0,3,4,376255.81
120025,2010,29045,500.0,64542605.0,3,1,0,3,4,11391.53
120026,2006,46950,500.0,66127182.0,5,0,0,3,4,12048.91
120026,2007,35682,2500.0,71365462.0,4,0,0,3,4,16487.11
120026,2008,36277,2500.0,75576654.0,7,0,0,3,4,90932.6
120026,2009,38790,2500.0,79162253.0,4,0,0,3,4,6636.19
120026,2010,34851,2500.0,85003637.0,2,0,0,3,4,70561.27
120027,2006,13196,5000.0,21634190.0,0,0,0,3,1,0.0
120027,2007,11232,5000.0,23402531.0,0,0,0,3,1,0.0
120027,2008,11550,5000.0,25108004.0,1,0,1,3,1,174518.44
120027,2009,12595,5000.0,26238226.0,0,0,0,3,2,0.0
120027,2010,13811,5000.0,32882702.0,0,0,0,3,4,0.0
120028,2006,77808,5000.0,169148795.0,2,1,0,3,4,22015.0
120028,2007,63540,5000.0,186884087.0,0,1,0,3,4,0.0
120028,2008,65722,5000.0,193302920.0,0,1,0,3,4,0.0
120028,2009,66750,5000.0,196322125.0,1,1,1,3,4,12875.0
120028,2010,60774,5000.0,209567808.0,1,1,0,3,4,66931.96
120029,2009,13261,10000.0,41440541.0,0,1,0,3,1,0.0
120029,2010,11950,5000.0,51956716.0,7,1,0,3,4,32828.12
120030,2006,383297,50000.0,1916482297.0,100,1,0,3,4,5047367.54
120030,2007,373359,50000.0,2074216536.0,157,1,0,3,4,1855679.59
120030,2008,393150,50000.0,2184168823.0,67,1,0,3,4,1459481.92
120030,2009,412328,50000.0,2290709661.0,228,1,0,3,4,2160411.07
120030,2010,391168,50000.0,2444796980.0,103,1,0,3,4,4920530.65
120032,2006,11366,1000.0,28416083.0,1,1,0,3,1,19714.09
120032,2007,10385,1000.0,30544157.0,0,1,0,3,1,0.0
120032,2008,10752,1000.0,32580637.0,2,1,0,3,1,5366.77
120032,2009,10845,1000.0,33890716.0,2,1,0,3,1,30722.54
120032,2010,10223,1000.0,36511265.0,1,1,0,3,4,2601.5
120033,2006,48961,2500.0,119417636.0,0,1,0,3,4,0.0
120033,2007,47653,2500.0,128793300.0,0,1,0,3,4,0.0
120033,2008,49153,2500.0,136537216.0,1,1,1,3,4,38568.02
120033,2009,50842,2500.0,141228192.0,1,1,0,3,4,8720.69
120033,2010,47683,2500.0,153815190.0,1,1,0,3,4,7536.73
120036,2006,69839,500.0,101216134.0,8,1,0,3,4,58004.7
120036,2007,67368,500.0,106932849.0,4,1,0,3,4,25819.98
120036,2008,68275,500.0,111927379.0,5,1,0,3,4,15195.01
120036,2009,62050,500.0,101721302.0,1,1,0,3,4,1185.9
120036,2010,47931,500.0,97819792.0,4,1,0,3,4,24862.73
120038,2006,113744,2500.0,206808178.0,5,1,0,3,4,29527.79
120038,2007,106992,2500.0,227642315.0,3,1,0,3,4,12959.55
120038,2008,98505,5000.0,240254975.0,3,1,0,3,4,32625.15
120038,2009,105370,5000.0,250878875.0,0,1,0,3,4,0.0
120038,2010,93980,5000.0,268515327.0,6,1,0,3,4,69066.78
120039,2006,12435,500.0,19130207.0,0,1,0,3,1,0.0
120039,2007,12118,500.0,20539436.0,2,1,0,3,4,6975.6
120039,2008,17805,500.0,30179731.0,3,1,0,3,4,16067.38
120039,2009,19067,500.0,31778548.0,1,1,0,3,4,64066.0
120039,2010,18563,500.0,33752361.0,2,1,0,3,4,20007.73
120040,2006,24620,25000.0,79422226.0,0,1,0,3,4,0.0
120040,2007,23904,25000.0,85374565.0,0,1,0,3,4,0.0
120040,2008,24254,25000.0,93283811.0,2,1,1,3,4,5942.35
120040,2009,24475,25000.0,97896606.0,1,1,0,3,4,1858.13
120040,2010,22939,25000.0,104265872.0,1,1,0,3,4,2117.43
120042,2009,20442,10000.0,38569210.0,2,0,0,3,3,1923.3
120042,2010,24102,10000.0,65140348.0,1,0,0,3,4,623.0
120043,2006,20832,2500.0,43399520.0,0,1,0,3,4,0.0
120043,2007,18773,2500.0,46932258.0,2,1,0,3,4,3065.95
120043,2008,20822,2500.0,50786447.0,1,1,0,3,4,29398.15
120043,2009,19662,5000.0,53141137.0,2,1,0,3,4,17489.69
120043,2010,16280,5000.0,58142676.0,2,1,0,3,4,592.26
120044,2006,156096,500.0,177382307.0,2,1,0,3,4,9623.05
120044,2007,115936,500.0,186995079.0,1,1,0,3,4,2629.0
120044,2008,114802,500.0,197934829.0,6,1,0,3,4,47803.42
120044,2009,121499,500.0,209480521.0,5,1,0,3,4,6892.8
120044,2010,99097,1000.0,230458677.0,2,1,0,3,4,12602.85
120046,2006,22638,1000.0,29023426.0,2,0,0,3,4,1749.09
120046,2007,21385,1000.0,31449321.0,0,0,0,3,4,0.0
120046,2008,21450,1000.0,33001591.0,2,0,0,3,4,16476.89
120046,2009,22292,1000.0,35954269.0,1,0,0,3,4,2504.0
120046,2010,23988,1000.0,39325942.0,6,0,0,3,4,25175.55
120047,2006,25563,500.0,39328623.0,3,1,0,3,1,12009.72
120047,2007,26577,500.0,45823417.0,5,1,0,3,1,14334.42
120047,2008,27631,500.0,48473634.0,1,1,0,3,1,2922.71
120047,2009,32675,500.0,57325345.0,1,1,0,3,4,72336.83
120047,2010,41840,500.0,80463176.0,1,1,0,3,4,2825.0
120048,2006,29344,1000.0,63790723.0,3,1,0,3,4,3581.91
120048,2007,27960,1000.0,68195979.0,2,1,0,3,4,4147.54
120048,2008,29900,1000.0,74752051.0,1,1,0,3,4,1039.0
120048,2009,29324,1000.0,79251905.0,0,1,0,3,4,0.0
120048,2010,25507,1000.0,77295427.0,3,1,0,3,4,66224.39
120049,2006,34156,1000.0,65683842.0,2,1,0,3,1,10501.12
120049,2007,28689,1000.0,69974850.0,2,1,0,3,1,146554.24
120049,2008,31593,1000.0,75221199.0,2,1,0,3,1,5661.0
120049,2009,33081,1000.0,80686093.0,4,1,0,3,4,7423.81
120049,2010,26928,1000.0,74801112.0,4,1,0,3,4,1297.0
120050,2006,14987,1000.0,23790966.0,1,1,0,3,1,6337.15
120050,2007,12952,1000.0,24907948.0,0,1,0,3,1,0.0
120050,2008,12566,1000.0,27318222.0,2,1,0,3,1,18265.27
120050,2009,12117,1000.0,30293979.0,1,1,0,3,1,9102.19
120050,2010,11525,1000.0,29552442.0,1,1,0,3,4,10484.62
120051,2006,30505,25000.0,152524099.0,0,1,0,3,4,0.0
120051,2007,30623,25000.0,180137767.0,1,1,0,3,4,134128.98
120051,2008,32640,25000.0,217590806.0,0,1,0,3,4,0.0
120051,2009,34167,25000.0,227789226.0,1,1,0,3,4,159109.46
120051,2010,31505,25000.0,242337759.0,0,1,0,3,4,0.0
120053,2006,65956,2500.0,183213153.0,1,1,0,3,4,4837.23
120053,2007,59143,2500.0,184822080.0,4,1,0,3,4,108986.45
120053,2008,65986,2500.0,194077742.0,1,1,0,3,4,3625.0
120053,2009,52240,2500.0,208957606.0,4,1,0,3,4,81100.67
120053,2010,54065,2500.0,200242867.0,4,1,0,3,4,75831.34
120054,2006,20770,2500.0,45151836.0,0,1,0,3,1,0.0
120054,2007,19428,2500.0,47385365.0,2,1,0,3,1,108211.19
120054,2008,21980,2500.0,49955675.0,3,1,0,3,1,22958.39
120054,2009,19696,2500.0,53232224.0,0,1,0,3,1,0.0
120054,2010,21263,2500.0,53157029.0,0,1,0,3,4,0.0
120056,2006,22903,25000.0,99580601.0,3,1,0,3,4,4923.36
120056,2007,33737,5000.0,108828869.0,1,1,0,3,4,2720.0
120056,2008,24168,25000.0,115085753.0,2,1,0,3,4,25449.0
120056,2009,22864,25000.0,120336302.0,1,1,0,3,4,28884.85
120056,2010,23116,25000.0,144478083.0,3,1,0,3,4,21693.98
120057,2006,14498,500.0,19075113.0,4,0,0,3,4,11879.36
120057,2007,13989,500.0,19984027.0,1,0,0,3,4,1547.78
120057,2008,14130,500.0,21090566.0,1,0,0,3,4,18623.05
120057,2009,12667,500.0,22619188.0,2,0,0,3,4,548.95
120057,2010,13424,500.0,22005694.0,2,0,0,3,4,9378.5
120058,2006,27157,75000.0,208900636.0,8,1,0,3,4,34036.45
120058,2007,22193,75000.0,221936225.0,8,1,0,3,4,48697.0
120058,2008,24348,75000.0,221340135.0,10,1,0,3,4,61508.72
120058,2009,23523,75000.0,235228659.0,11,1,0,3,4,61690.48
120058,2010,17952,75000.0,224399640.0,6,1,0,3,4,18550.83
120059,2009,27964,2500.0,34955567.0,0,0,0,3,1,0.0
120059,2010,40324,2500.0,60184992.0,5,0,0,3,4,62146.01
120060,2006,19459,500.0,36036574.0,1,0,0,3,4,851.0
120060,2007,19793,500.0,38809840.0,4,0,0,3,4,30496.93
120060,2008,22474,500.0,40861512.0,3,0,0,3,4,5455.1
120060,2009,23705,500.0,43098531.0,2,0,0,3,4,5702.78
120060,2010,21475,500.0,45691908.0,2,0,0,3,4,12695.39
120063,2006,15036,1000.0,32686408.0,0,1,0,3,1,0.0
120063,2007,16329,1000.0,34742689.0,2,1,0,3,4,94077.17
120063,2008,15828,1000.0,37687253.0,1,1,0,3,4,2930.0
120063,2009,17141,1000.0,41806927.0,0,1,0,3,4,0.0
120063,2010,19212,1000.0,43664548.0,4,1,0,3,4,10552.35
120064,2006,7720,500.0,13542984.0,0,0,0,3,4,0.0
120064,2007,7325,500.0,14948471.0,1,0,0,3,4,849.83
120064,2008,6683,500.0,15911999.0,1,0,0,3,4,3409.94
120064,2009,7634,500.0,16596770.0,0,0,0,3,4,0.0
120064,2010,7045,500.0,17610933.0,0,0,0,3,4,0.0
120065,2009,13711,10000.0,24928525.0,0,1,0,3,4,0.0
120065,2010,22431,10000.0,48765148.0,3,1,0,3,4,9195.44
120067,2006,154639,500.0,262098980.0,14,1,0,3,1,135885.44
120067,2007,173428,500.0,321162903.0,18,1,0,3,4,180773.78
120067,2008,131832,5000.0,338030103.0,14,1,0,3,4,97481.3
120067,2009,139166,5000.0,356837467.0,18,1,0,3,4,75109.39
120067,2010,122358,5000.0,382369780.0,17,1,0,3,4,123063.63
120069,2006,81842,10000.0,209851398.0,2,1,0,3,4,30394.32
120069,2007,76779,10000.0,225820073.0,0,1,0,3,4,0.0
120069,2008,75954,10000.0,237356875.0,2,1,0,3,4,19705.77
120069,2009,78128,10000.0,260427944.0,0,1,0,3,4,0.0
120069,2010,74525,10000.0,276018058.0,1,1,0,3,4,18575.14
120070,2009,29042,25000.0,76425407.0,12,1,0,3,4,24806.58
120070,2010,26192,25000.0,119052956.0,9,1,0,3,4,12969.4
120072,2006,48015,500.0,81379631.0,0,1,0,3,4,0.0
120072,2007,46381,500.0,89192349.0,3,1,0,3,4,4745.0
120072,2008,49964,500.0,94272090.0,1,1,0,3,4,4645.0
120072,2009,54474,500.0,99042605.0,4,1,0,3,4,14462.64
120072,2010,51736,500.0,107783629.0,3,1,0,3,4,11780.37
120073,2009,31714,50000.0,137887431.0,21,1,0,3,4,446736.39
120073,2010,34010,50000.0,242932380.0,39,1,0,3,4,69943.8
120074,2006,31375,500.0,45470231.0,3,0,0,3,4,17536.95
120074,2007,29695,500.0,47135556.0,4,0,0,3,4,13169.27
120074,2008,31590,500.0,50142349.0,1,0,0,3,4,3726.07
120074,2009,32939,500.0,52285534.0,2,0,0,3,4,627427.27
120074,2010,28212,500.0,50378029.0,3,0,0,3,4,10489.87
120076,2006,16869,500.0,22794543.0,5,0,0,3,4,16412.96
120076,2007,16373,500.0,24437415.0,7,0,0,3,4,113324.1
120076,2008,16460,500.0,25718457.0,1,0,0,3,4,4315.02
120076,2009,17264,500.0,26975507.0,2,0,0,3,4,1772.83
120076,2010,16097,500.0,28744859.0,4,0,0,3,4,13789.93
120077,2006,42304,500.0,62212044.0,2,1,0,3,4,8838.42
120077,2007,40775,500.0,66844403.0,0,1,0,3,4,0.0
120077,2008,42343,500.0,70570627.0,1,1,0,3,4,4335.33
120077,2009,42359,500.0,71794512.0,2,1,0,3,4,2502.0
120077,2010,40627,500.0,76654500.0,5,1,0,3,4,16932.94
120079,2006,26418,500.0,40642917.0,3,0,0,3,4,20673.35
120079,2007,25249,500.0,42796034.0,2,0,0,3,4,7190.0
120079,2008,25657,500.0,45815034.0,1,0,0,3,4,1848.63
120079,2009,26535,500.0,48246328.0,4,0,0,3,4,6557.96
120079,2010,26068,500.0,51114523.0,6,0,0,3,4,112697.76
120082,2006,5436,10000.0,18117461.0,0,0,0,3,4,0.0
120082,2007,5328,10000.0,19026776.0,0,0,0,3,4,0.0
120082,2008,6361,10000.0,19876713.0,0,0,1,3,4,0.0
120082,2009,5224,10000.0,20894540.0,0,0,1,3,4,0.0
120082,2010,6291,10000.0,23296497.0,0,0,1,3,4,0.0
120083,2006,14307,500.0,16444372.0,1,1,0,3,1,6570.0
120083,2007,13317,500.0,17073340.0,3,1,0,3,1,10992.5
120083,2008,13687,500.0,18248919.0,1,1,0,3,1,1980.0
120083,2009,11622,500.0,19697296.0,2,1,0,3,1,12568.3
120083,2010,11959,500.0,18981590.0,0,1,0,3,4,0.0
120084,2006,41824,500.0,58906653.0,0,1,0,3,4,0.0
120084,2007,39712,500.0,63035621.0,0,1,0,3,4,0.0
120084,2008,39572,500.0,65954752.0,4,1,1,3,4,5753.0
120084,2009,40697,500.0,68976526.0,2,1,0,3,4,10896.01
120084,2010,44195,500.0,105228950.0,0,1,0,3,4,0.0
120086,2006,24881,1000.0,39493643.0,4,0,0,3,3,17966.2
120086,2007,25947,1000.0,42535261.0,3,0,0,3,3,15394.29
120086,2008,24808,1000.0,45104607.0,4,0,0,3,3,12828.58
120086,2009,26021,1000.0,48187110.0,5,0,0,3,4,37469.68
120086,2010,24413,1000.0,50860819.0,7,0,0,3,4,60974.97
120087,2006,44174,500.0,64962694.0,6,0,0,3,1,139880.33
120087,2007,41852,500.0,69753832.0,4,0,0,3,1,38126.27
120087,2008,46323,500.0,73528052.0,4,0,0,3,1,5273.1
120087,2009,48507,500.0,76995661.0,5,0,0,3,4,245626.57
120087,2010,45055,500.0,81918008.0,3,0,0,3,4,7125.64
120088,2006,5601,500.0,13025760.0,2,0,0,3,4,13107.48
120088,2007,5055,500.0,13660172.0,0,0,0,3,4,0.0
120088,2008,5179,500.0,14386292.0,0,0,0,3,4,0.0
120088,2009,5480,500.0,15223251.0,2,0,1,3,4,1982.83
120088,2010,5588,500.0,14704089.0,1,0,0,3,4,23546.23
120090,2009,4407,10000.0,13774205.0,0,0,0,3,1,0.0
120090,2010,6371,10000.0,27701728.0,0,0,0,3,4,0.0
120091,2006,53032,5000.0,165724060.0,3,0,0,3,1,82809.75
120091,2007,34187,5000.0,142443722.0,7,0,0,3,1,31529.78
120091,2008,36120,5000.0,150495436.0,4,0,0,3,1,22363.2
120091,2009,40305,5000.0,161220775.0,3,0,0,3,4,32258.77
120091,2010,43062,5000.0,172247261.0,2,0,0,3,4,121296.12
120092,2006,24118,500.0,33968236.0,8,0,0,3,4,18963.86
120092,2007,23345,500.0,37654143.0,3,0,0,3,4,1634.82
120092,2008,20713,2500.0,39832480.0,1,0,0,3,4,4672.08
120092,2009,20992,2500.0,40369742.0,2,0,0,3,4,6658.22
120092,2010,18123,2500.0,43147482.0,3,0,0,3,4,7728.24
120094,2006,18727,25000.0,64575846.0,0,1,0,3,4,0.0
120094,2007,18035,25000.0,69367448.0,1,1,0,3,4,7723.0
120094,2008,16091,25000.0,73139112.0,4,1,0,3,4,12711.05
120094,2009,18483,25000.0,77007997.0,1,1,0,3,4,1013.38
120094,2010,15542,25000.0,81806418.0,1,1,0,3,4,625.0
120095,2006,29964,500.0,74911433.0,6,1,0,3,4,19540.0
120095,2007,17310,15000.0,78683287.0,7,1,0,3,4,340189.29
120095,2008,19090,15000.0,83003978.0,4,1,0,3,4,24926.58
120095,2009,16789,15000.0,88359077.0,5,1,0,3,4,136982.16
120095,2010,16929,15000.0,84649403.0,2,1,0,3,4,13815.78
120097,2006,10089,25000.0,40357937.0,0,0,0,3,4,0.0
120097,2007,9523,25000.0,43286134.0,0,0,0,3,4,0.0
120097,2008,9633,25000.0,45867226.0,1,0,1,3,4,8702.06
120097,2009,10089,25000.0,48043041.0,0,0,0,3,4,0.0
120097,2010,9411,25000.0,52277824.0,5,0,0,3,4,104492.9
120099,2006,135519,5000.0,322664221.0,2,1,0,3,4,41000.57
120099,2007,125139,5000.0,347605606.0,0,1,0,3,4,0.0
120099,2008,128307,5000.0,366593677.0,8,1,0,3,4,267317.42
120099,2009,134610,5000.0,384597201.0,3,1,0,3,4,6555.27
120099,2010,134470,5000.0,448230262.0,14,1,0,3,4,142704.7
120100,2006,7364,500.0,9205614.0,3,0,0,3,4,7171.91
120100,2007,6448,1000.0,9624460.0,1,0,0,3,4,3176.05
120100,2008,6732,1000.0,10198532.0,0,0,0,3,4,0.0
120100,2009,5652,2500.0,10464862.0,2,0,0,3,4,19188.49
120100,2010,4542,2500.0,10093923.0,0,0,0,3,4,0.0
120103,2006,20996,25000.0,99981169.0,0,1,0,3,1,0.0
120103,2007,23038,25000.0,100162805.0,0,1,0,3,4,0.0
120103,2008,22346,25000.0,106407238.0,3,1,1,3,4,10445.97
120103,2009,23097,25000.0,109984411.0,0,1,0,3,4,0.0
120103,2010,19113,25000.0,112432908.0,2,1,0,3,4,68971.28
130010,2006,10780,2500.0,19961955.0,0,0,0,5,4,0.0
130010,2007,9982,2500.0,21237512.0,0,0,0,5,4,0.0
130010,2008,9399,2500.0,22378525.0,0,0,1,5,4,0.0
130010,2009,10197,2500.0,23714767.0,1,0,1,5,4,20640.0
130010,2010,12825,2500.0,34664158.0,0,0,0,5,4,0.0
130084,2006,8566,10000.0,11420812.0,0,0,0,5,4,0.0
130084,2007,8667,10000.0,12039046.0,0,0,0,5,4,0.0
130084,2008,9090,10000.0,12624931.0,0,0,1,5,4,0.0
130084,2009,8554,10000.0,13579105.0,0,0,1,5,4,0.0
130084,2010,8184,10000.0,13199546.0,1,0,1,5,4,3000.0
130099,2006,41603,500.0,75641841.0,1,0,0,5,3,7078.27
130099,2007,37499,500.0,79783847.0,1,0,0,5,3,4374.91
130099,2008,39320,500.0,83657386.0,2,0,0,5,3,5889.95
130099,2009,35700,500.0,87071447.0,3,0,0,5,3,6874.71
130099,2010,34391,500.0,83880215.0,3,0,0,5,4,97578.81
130170,2006,25774,5000.0,61367550.0,1,1,0,5,4,22799.41
130170,2007,26703,5000.0,65131623.0,2,1,0,5,4,19144.0
130170,2008,26783,5000.0,68674648.0,0,1,0,5,4,0.0
130170,2009,24895,5000.0,73218752.0,1,1,0,5,4,7717.21
130170,2010,23341,5000.0,70732463.0,0,1,0,5,4,0.0
130196,2006,8908,500.0,14366107.0,0,0,0,5,4,0.0
130196,2007,8276,500.0,15326604.0,1,0,0,5,4,933.93
130196,2008,8583,500.0,16192079.0,0,0,0,5,4,0.0
130196,2009,9007,500.0,16992864.0,0,0,0,5,4,0.0
130196,2010,7840,500.0,16682997.0,0,0,1,5,4,0.0
130198,2006,18891,5000.0,32017664.0,4,0,0,5,4,620.0
130198,2007,19573,5000.0,33746412.0,0,0,0,5,4,0.0
130198,2008,20568,5000.0,35462336.0,0,0,0,5,4,0.0
130198,2009,19072,5000.0,38144840.0,0,0,1,5,4,0.0
130198,2010,19190,5000.0,36903325.0,0,0,1,5,4,0.0
130232,2006,32951,500.0,52303075.0,4,1,0,5,1,9888.5
130232,2007,35275,500.0,55117914.0,0,1,0,5,1,0.0
130232,2008,36438,500.0,56934403.0,0,1,0,5,4,0.0
130232,2009,35409,500.0,65572196.0,1,1,1,5,4,606.0
130232,2010,34840,500.0,63346186.0,0,1,0,5,4,0.0
130245,2006,16499,1000.0,24262935.0,2,0,0,5,1,87748.65
130245,2007,10956,1000.0,16352297.0,0,0,0,5,1,0.0
130245,2008,9258,1000.0,17144302.0,0,0,0,5,1,0.0
130245,2009,9862,1000.0,21916345.0,0,0,1,5,1,0.0
130245,2010,11502,1000.0,21299857.0,0,0,1,5,1,0.0
130427,2006,5338,500.0,11121041.0,0,0,0,5,1,0.0
130427,2007,5740,500.0,11715150.0,0,0,0,5,1,0.0
130427,2008,6017,500.0,12278590.0,1,0,1,5,1,4555.8
130427,2009,4695,1000.0,13037855.0,0,0,0,5,1,0.0
130427,2010,4563,1000.0,12678063.0,0,0,0,5,1,0.0
130431,2006,26241,10000.0,67285581.0,0,1,0,5,4,0.0
130431,2007,25066,10000.0,71619970.0,0,1,0,5,4,0.0
130431,2008,25616,10000.0,75342823.0,0,1,1,5,4,0.0
130431,2009,26402,10000.0,80005229.0,0,1,1,5,4,0.0
130431,2010,21521,10000.0,76862865.0,0,1,1,5,4,0.0
130474,2006,14742,500.0,15683278.0,2,0,0,5,2,11935.66
130474,2007,14288,500.0,16613659.0,4,0,0,5,2,25988.06
130474,2008,14383,500.0,17539451.0,2,0,0,5,2,8152.52
130474,2009,14778,500.0,18021379.0,1,0,0,5,2,500.0
130474,2010,13054,500.0,17405088.0,1,0,0,5,2,1950.0
130476,2006,29663,500.0,47084703.0,3,0,0,5,3,2277.7
130476,2007,23506,2500.0,51101358.0,0,0,0,5,3,0.0
130476,2008,24813,2500.0,53943252.0,0,0,0,5,3,0.0
130476,2009,28031,2500.0,57206663.0,1,0,1,5,3,5582.88
130476,2010,25274,2500.0,61642992.0,1,0,0,5,4,3140.0
130490,2006,9977,500.0,15588709.0,1,0,0,5,2,30911.0
130490,2007,9459,500.0,16595682.0,2,0,0,5,2,8048.95
130490,2008,9446,500.0,17491834.0,0,0,0,5,2,0.0
130490,2009,10075,500.0,18657722.0,2,0,0,5,2,14761.26
130490,2010,8832,500.0,18024994.0,1,0,0,5,2,3397.85
130616,2006,6797,1000.0,9996766.0,1,0,0,5,4,7770.35
130616,2007,6420,1000.0,10700900.0,0,0,0,5,4,0.0
130616,2008,6900,1000.0,11312062.0,0,0,0,5,4,0.0
130616,2009,7169,1000.0,11949085.0,0,0,1,5,4,0.0
130616,2010,5684,1000.0,11600796.0,1,0,1,5,4,3351.7
130637,2006,20681,5000.0,30867630.0,0,1,0,5,4,0.0
130637,2007,18158,5000.0,32424387.0,0,1,0,5,4,0.0
130637,2008,18451,5000.0,34170108.0,0,1,1,5,4,0.0
130637,2009,16736,5000.0,36384657.0,0,1,1,5,4,0.0
130637,2010,16238,5000.0,35302277.0,0,1,1,5,4,0.0
130658,2006,39009,500.0,48761224.0,0,0,0,5,4,0.0
130658,2007,38922,1000.0,51896529.0,0,0,0,5,4,0.0
130658,2008,41160,1000.0,56383773.0,1,0,1,5,4,2864.0
130658,2009,41379,1000.0,59114681.0,0,0,0,5,4,0.0
130658,2010,34839,1000.0,58065881.0,0,0,0,5,4,0.0
130660,2006,3788,500.0,5335416.0,0,0,0,5,4,0.0
130660,2007,3895,500.0,5646435.0,0,0,0,5,4,0.0
130660,2008,4094,500.0,5933634.0,0,0,1,5,4,0.0
130660,2009,3450,1000.0,6389788.0,0,0,1,5,4,0.0
130660,2010,3469,1000.0,6195835.0,0,0,1,5,4,0.0
130714,2006,108812,5000.0,226691664.0,1,1,0,5,3,123914.04
130714,2007,104970,5000.0,238569376.0,0,1,0,5,3,0.0
130714,2008,107809,5000.0,250720103.0,0,1,0,5,3,0.0
130714,2009,93438,5000.0,266964480.0,1,1,1,5,4,15000.0
130714,2010,108815,5000.0,310898670.0,10,1,0,5,4,79252.62
130716,2006,14466,5000.0,36165118.0,2,1,0,5,1,22772.5
130716,2007,15270,5000.0,38174233.0,0,1,0,5,1,0.0
130716,2008,16067,5000.0,40167547.0,0,1,0,5,1,0.0
130716,2009,14859,5000.0,42452331.0,0,1,1,5,1,0.0
130716,2010,14662,5000.0,40728381.0,0,1,1,5,4,0.0
130721,2006,19560,2500.0,45488458.0,0,1,0,5,4,0.0
130721,2007,19642,2500.0,47908280.0,0,1,0,5,4,0.0
130721,2008,19052,2500.0,45361918.0,0,1,1,5,4,0.0
130721,2009,18646,2500.0,49065787.0,1,1,1,5,4,15881.71
130721,2010,18173,2500.0,46596426.0,2,1,0,5,4,140244.37
130840,2006,9717,2500.0,10449010.0,0,0,0,5,2,0.0
130840,2007,9907,2500.0,11007957.0,0,0,0,5,2,0.0
130840,2008,10384,2500.0,11537789.0,0,0,1,5,2,0.0
130840,2009,9780,2500.0,12379408.0,0,0,1,5,2,0.0
130840,2010,9377,2500.0,12022636.0,0,0,1,5,2,0.0
130910,2006,41724,2500.0,54901088.0,0,0,0,5,2,0.0
130910,2007,37402,2500.0,58439549.0,1,0,0,5,2,25918.09
130910,2008,37567,5000.0,61584347.0,0,0,0,5,2,0.0
130910,2009,39379,5000.0,65631886.0,0,0,0,5,2,0.0
130910,2010,32992,5000.0,63446269.0,0,0,1,5,2,0.0
130911,2006,27022,10000.0,43583909.0,1,1,0,5,4,22500.0
130911,2007,26994,10000.0,45752712.0,0,1,0,5,4,0.0
130911,2008,27972,10000.0,48227961.0,1,1,0,5,4,71071.24
130911,2009,29359,5000.0,51506043.0,0,1,0,5,4,0.0
130911,2010,27877,5000.0,49778069.0,1,1,0,5,4,23119.45
130916,2006,12914,5000.0,25320920.0,0,1,0,5,3,0.0
130916,2007,13288,5000.0,26574648.0,1,1,0,5,3,17094.28
130916,2008,13997,5000.0,27994232.0,0,1,0,5,3,0.0
130916,2009,13075,5000.0,29716148.0,0,1,0,5,3,0.0
130916,2010,12942,5000.0,28761520.0,0,1,1,5,3,0.0
131050,2006,43630,2500.0,89041200.0,0,1,0,5,3,0.0
131050,2007,45368,2500.0,94517764.0,0,1,0,5,3,0.0
131050,2008,47067,2500.0,100143689.0,0,1,1,5,3,0.0
131050,2009,39475,2500.0,106687575.0,1,1,1,5,3,37837.34
131050,2010,42398,2500.0,103410070.0,0,1,0,5,4,0.0
131088,2006,21312,5000.0,54645037.0,0,1,0,5,4,0.0
131088,2007,21253,5000.0,57442713.0,0,1,0,5,4,0.0
131088,2008,22353,5000.0,60413295.0,0,1,1,5,4,0.0
131088,2009,20531,5000.0,64159007.0,0,1,1,5,4,0.0
131088,2010,19727,5000.0,61645191.0,0,1,1,5,4,0.0
131102,2006,8007,2500.0,15701006.0,0,0,0,5,1,0.0
131102,2007,8768,2500.0,16542249.0,0,0,0,5,1,0.0
131102,2008,9195,2500.0,17347492.0,0,0,1,5,2,0.0
131102,2009,8559,2500.0,18605335.0,0,0,1,5,2,0.0
131102,2010,8507,2500.0,18099985.0,0,0,1,5,2,0.0
131112,2006,38981,5000.0,74963888.0,1,1,0,5,4,1991.6
131112,2007,41806,5000.0,78880117.0,0,1,0,5,4,0.0
131112,2008,44303,5000.0,83589415.0,0,1,0,5,4,0.0
131112,2009,40664,5000.0,88397390.0,0,1,1,5,4,0.0
131112,2010,38083,5000.0,84628804.0,0,1,1,5,4,0.0
131155,2006,30521,1000.0,27250992.0,1,1,0,5,1,2032.62
131155,2007,30323,1000.0,28606345.0,0,1,0,5,1,0.0
131155,2008,31054,1000.0,30149186.0,0,1,0,5,1,0.0
131155,2009,28230,1000.0,32079305.0,1,1,1,5,1,2311.86
131155,2010,26997,1000.0,31029798.0,1,1,0,5,1,3000.0
131162,2006,17077,2500.0,32840550.0,0,0,0,5,1,0.0
131162,2007,14590,2500.0,28607117.0,2,0,0,5,1,7216.31
131162,2008,13818,2500.0,30038801.0,2,0,0,5,1,8108.36
131162,2009,12520,2500.0,32103224.0,0,0,0,5,3,0.0
131162,2010,11849,2500.0,31183304.0,0,0,0,5,3,0.0
131169,2006,18357,500.0,28682417.0,0,1,0,5,4,0.0
131169,2007,19836,500.0,30055121.0,0,1,0,5,4,0.0
131169,2008,20908,500.0,31679326.0,0,1,1,5,4,0.0
131169,2009,16913,1000.0,33826554.0,0,1,1,5,4,0.0
131169,2010,16349,1000.0,32695853.0,1,1,1,5,4,12604.16
131183,2006,20981,1000.0,34396288.0,2,0,0,5,4,10549.55
131183,2007,17216,1000.0,36630015.0,0,0,0,5,4,0.0
131183,2008,18914,1000.0,38602082.0,2,0,0,5,4,12604.42
131183,2009,19737,1000.0,41118968.0,0,0,0,5,4,0.0
131183,2010,16294,1000.0,39740963.0,0,0,0,5,4,0.0
131202,2006,8088,10000.0,22466682.0,0,0,0,5,4,0.0
131202,2007,8042,10000.0,23652659.0,0,0,0,5,4,0.0
131202,2008,8425,10000.0,24779402.0,0,0,1,5,4,0.0
131202,2009,7996,10000.0,26652815.0,0,0,1,5,4,0.0
131202,2010,7420,10000.0,25587959.0,0,0,1,5,4,0.0
131262,2006,13202,10000.0,38829081.0,2,1,0,5,4,52699.0
131262,2007,15085,10000.0,40770004.0,0,1,0,5,4,0.0
131262,2008,16340,10000.0,42997960.0,0,1,0,5,4,0.0
131262,2009,14019,10000.0,45220637.0,0,1,1,5,4,0.0
131262,2010,14435,10000.0,43743532.0,0,1,1,5,4,0.0
131295,2006,14260,2500.0,22281880.0,0,1,0,5,4,0.0
131295,2007,14735,2500.0,23388907.0,2,1,0,5,4,93433.27
131295,2008,15772,2500.0,24644380.0,0,1,0,5,4,0.0
131295,2009,14210,2500.0,25835502.0,0,1,0,5,4,0.0
131295,2010,13755,2500.0,25471781.0,0,1,1,5,4,0.0
131380,2006,43787,500.0,78190950.0,2,1,0,5,4,3756.06
131380,2007,40856,500.0,83379963.0,3,1,0,5,4,6797.11
131380,2008,50086,500.0,87869154.0,3,1,0,5,4,2829.59
131380,2009,48678,1000.0,93610987.0,2,1,0,5,4,11645.08
131380,2010,38792,1000.0,90213613.0,1,1,0,5,4,1500.0
131407,2006,19327,2500.0,47137865.0,1,1,0,5,4,3884.32
131407,2007,21770,2500.0,49476608.0,0,1,0,5,4,0.0
131407,2008,22944,2500.0,52145794.0,0,1,0,5,4,0.0
131407,2009,20562,2500.0,55575482.0,0,1,1,5,4,0.0
131407,2010,18793,2500.0,53695112.0,0,1,1,5,4,0.0
131411,2006,13139,500.0,15830735.0,0,0,0,5,4,0.0
131411,2007,11010,2500.0,16682127.0,0,0,0,5,4,0.0
131411,2008,11556,2500.0,17508946.0,0,0,1,5,4,0.0
131411,2009,10527,2500.0,18797460.0,0,0,1,5,4,0.0
131420,2006,13169,500.0,24847389.0,0,0,0,5,4,0.0
131420,2007,12681,500.0,26417614.0,0,0,0,5,4,0.0
131420,2008,18381,500.0,27850212.0,1,0,1,5,4,98176.51
131428,2006,16704,2500.0,36314661.0,1,1,0,5,1,6539.76
131428,2007,18336,2500.0,38198768.0,0,1,0,5,1,0.0
131428,2008,18110,2500.0,40243651.0,0,1,0,5,1,0.0
131428,2009,17509,2500.0,43774303.0,0,1,1,5,4,0.0
131428,2010,16868,2500.0,42169208.0,1,1,1,5,4,13493.2
131540,2006,29506,500.0,49176469.0,2,1,0,5,4,11954.16
131540,2007,28912,500.0,51628368.0,2,1,0,5,4,32691.06
131550,2006,13269,500.0,17930634.0,0,0,0,5,3,0.0
131550,2007,14165,500.0,18886789.0,0,0,0,5,3,0.0
131550,2008,14842,500.0,19788248.0,0,0,1,5,4,0.0
131550,2009,14416,500.0,21199559.0,0,0,1,5,4,0.0
131550,2010,14109,500.0,20749220.0,0,0,1,5,4,0.0
131638,2006,37652,2500.0,91834750.0,0,1,0,5,1,0.0
131638,2007,40488,2500.0,96398896.0,2,1,0,5,1,13744.29
131638,2008,42622,2500.0,101481683.0,0,1,0,5,1,0.0
131638,2009,34602,5000.0,108129423.0,1,1,0,5,4,40330.0
131638,2010,36463,5000.0,104178918.0,1,1,0,5,4,10458.0
131645,2006,15484,1000.0,29214590.0,0,0,0,5,4,0.0
131645,2007,16007,1000.0,30782440.0,1,0,0,5,4,6902.45
131645,2008,15824,1000.0,32295168.0,1,0,0,5,4,4284.86
131645,2009,14560,1000.0,34667387.0,1,0,0,5,4,66350.0
131645,2010,15182,1000.0,33737920.0,0,0,0,5,4,0.0
131736,2006,13189,1000.0,19115237.0,0,1,0,5,4,0.0
131736,2007,12416,1000.0,20353702.0,0,1,0,5,4,0.0
131736,2008,13523,1000.0,21464475.0,0,1,1,5,4,0.0
131750,2006,14593,500.0,20552577.0,2,0,0,5,1,718.9
131750,2007,15629,500.0,21707857.0,0,0,0,5,1,0.0
131750,2008,16599,500.0,23053697.0,0,0,0,5,1,0.0
131750,2009,16028,500.0,24658461.0,2,0,1,5,2,27953.36
131750,2010,15610,500.0,23650234.0,0,0,0,5,2,0.0
132009,2006,34594,500.0,33264273.0,1,1,0,5,4,1607.25
132009,2007,35744,500.0,35043986.0,1,1,0,5,4,851.74
132009,2008,35692,500.0,36796039.0,1,1,0,5,4,86404.55
132009,2009,34244,500.0,38914372.0,0,1,0,5,4,0.0
132009,2010,45454,500.0,51652776.0,2,1,0,5,4,6044.05
132016,2006,8262,1000.0,14494919.0,2,1,0,5,4,19212.1
132016,2007,8586,1000.0,15898817.0,0,1,0,5,4,0.0
132016,2008,8529,1000.0,16724469.0,0,1,0,5,4,0.0
132016,2009,7906,1000.0,17968609.0,0,1,1,5,4,0.0
132016,2010,7499,1000.0,17439278.0,0,1,1,5,4,0.0
132058,2006,31042,15000.0,91301898.0,0,0,0,5,4,0.0
132058,2007,28752,25000.0,95840587.0,0,0,0,5,4,0.0
132058,2008,30333,25000.0,101108015.0,0,0,1,5,4,0.0
132058,2009,26806,25000.0,107221588.0,0,0,1,5,4,0.0
132058,2010,25918,25000.0,103672969.0,0,0,1,5,4,0.0
132128,2006,10605,2500.0,26510439.0,1,1,0,5,3,1044.67
132128,2007,11471,2500.0,27979521.0,0,1,0,5,3,0.0
132128,2008,12022,2500.0,29321791.0,0,1,0,5,3,0.0
132128,2009,11319,2500.0,31441764.0,1,1,1,5,2,52500.0
132128,2010,10719,2500.0,30625096.0,1,1,0,5,2,14978.08
132136,2006,7627,5000.0,7703862.0,0,1,0,5,4,0.0
132136,2007,6592,5000.0,8138646.0,0,1,0,5,4,0.0
132136,2008,6622,5000.0,8599598.0,0,1,1,5,4,0.0
132136,2009,5857,5000.0,9151732.0,0,1,1,5,4,0.0
132136,2010,5564,5000.0,8693309.0,1,1,1,5,4,10960.0
132205,2006,5491,500.0,9805916.0,0,1,0,5,4,0.0
132205,2007,5777,500.0,10316917.0,2,1,0,5,4,7991.77
132205,2008,6036,500.0,10778152.0,0,1,0,5,4,0.0
132217,2006,29058,2500.0,64572626.0,0,1,0,5,1,0.0
132217,2007,28550,2500.0,67975345.0,0,1,0,5,1,0.0
132217,2008,29178,2500.0,71165728.0,0,1,1,5,2,0.0
132217,2009,25757,2500.0,75755445.0,0,1,1,5,2,0.0
132217,2010,26198,2500.0,72771641.0,0,1,1,5,2,0.0
132233,2006,13846,500.0,28845743.0,0,0,0,5,1,0.0
132233,2007,13383,500.0,31122354.0,2,0,0,5,1,2151.39
132233,2008,14426,500.0,32785648.0,2,0,0,5,1,12584.0
132233,2009,15120,500.0,34361599.0,2,0,0,5,1,4960.45
132233,2010,15111,500.0,36857042.0,3,0,0,5,4,4531.6
132296,2006,34209,1000.0,76021910.0,1,1,0,5,4,4755.0
132296,2007,36676,1000.0,79728337.0,3,1,0,5,4,19800.53
132296,2008,37000,1000.0,84090022.0,1,1,0,5,4,25112.1
132296,2009,34221,1000.0,90056078.0,1,1,0,5,4,8117.04
132296,2010,35747,1000.0,87187532.0,4,1,0,5,4,146070.88
132303,2006,52402,500.0,93574195.0,4,1,0,5,4,7319.86
132303,2007,53160,500.0,98444199.0,5,1,0,5,4,5950.44
132303,2008,45663,2500.0,103779430.0,0,1,0,5,4,0.0
132303,2009,34263,2500.0,114210958.0,2,1,0,5,4,4811.81
132303,2010,39332,2500.0,115681901.0,1,1,0,5,4,6995.0
132308,2006,16312,500.0,27647817.0,0,0,0,5,1,0.0
132308,2007,17467,500.0,29112130.0,2,0,0,5,1,5298.03
132308,2008,17991,500.0,30491394.0,0,0,0,5,1,0.0
132308,2009,17614,500.0,32619096.0,0,0,0,5,4,0.0
132308,2010,17198,500.0,31849759.0,1,0,1,5,4,2346.0
132420,2006,48441,25000.0,107644328.0,3,1,0,5,4,5682.8
132420,2007,45848,25000.0,114622180.0,4,1,0,5,4,3290.95
132420,2008,48395,25000.0,120987751.0,1,1,0,5,4,1962.5
132420,2009,41468,25000.0,129590401.0,1,1,0,5,4,2170.0
132420,2010,40092,25000.0,125290309.0,4,1,0,5,4,9000.0
132422,2006,2592,500.0,2399412.0,1,0,0,5,4,2619.34
132422,2007,2656,500.0,2529303.0,0,0,0,5,4,0.0
132422,2008,2805,500.0,2672126.0,0,0,0,5,2,0.0
132422,2009,2642,500.0,2752830.0,0,0,1,5,2,0.0
132422,2010,2579,500.0,2686074.0,0,0,1,5,2,0.0
132427,2006,37113,500.0,65110420.0,0,1,0,5,4,0.0
132427,2007,36971,500.0,68464687.0,2,1,0,5,4,3785.9
132427,2008,43340,500.0,72232925.0,3,1,0,5,4,7358.0
132427,2009,35331,1000.0,76804343.0,0,1,0,5,4,0.0
132427,2010,34600,1000.0,73619047.0,3,1,0,5,4,17604.91
132436,2006,18109,2500.0,45271084.0,2,1,0,5,4,76626.07
132436,2007,20907,2500.0,48619519.0,0,1,0,5,4,0.0
132436,2008,21777,2500.0,50644140.0,0,1,0,5,4,0.0
132436,2009,19388,2500.0,53859028.0,0,1,1,5,4,0.0
132436,2010,20156,2500.0,51682313.0,0,1,1,5,4,0.0
132485,2006,9562,500.0,21734122.0,0,1,0,5,1,0.0
132485,2007,9814,500.0,22821086.0,0,1,0,5,1,0.0
132485,2008,10327,500.0,24017563.0,0,1,1,5,1,0.0
132485,2009,9715,500.0,25564137.0,0,1,1,5,1,0.0
132485,2010,9613,500.0,24647169.0,2,1,1,5,1,4045.08
132527,2006,9527,500.0,16715327.0,2,0,0,5,1,11508.65
132527,2007,7774,500.0,15243024.0,0,0,0,5,3,0.0
132527,2008,8497,500.0,16031033.0,0,0,0,5,3,0.0
132527,2009,8967,500.0,16918439.0,0,0,1,5,3,0.0
132527,2010,6463,1000.0,16155002.0,0,0,1,5,3,0.0
132534,2006,7011,2500.0,14603731.0,0,1,0,5,1,0.0
132534,2007,7511,2500.0,15329069.0,0,1,0,5,1,0.0
132534,2008,7916,2500.0,16153820.0,0,1,1,5,1,0.0
132534,2009,7210,2500.0,17167094.0,0,1,1,5,4,0.0
132534,2010,7086,2500.0,16479654.0,1,1,1,5,4,14526.67
132635,2006,12014,5000.0,26118311.0,0,1,0,5,1,0.0
132635,2007,12528,5000.0,27236507.0,0,1,0,5,1,0.0
132635,2008,13239,5000.0,28779390.0,0,1,1,5,1,0.0
132635,2009,12312,5000.0,30778375.0,0,1,1,5,1,0.0
132635,2010,12177,5000.0,29700877.0,0,1,1,5,1,0.0
132646,2006,11524,500.0,24519686.0,1,0,0,5,2,2871.5
132646,2007,11914,500.0,25899283.0,0,0,0,5,2,0.0
132646,2008,12762,500.0,27153393.0,0,0,0,5,2,0.0
132646,2009,10494,1000.0,29153823.0,0,0,1,5,4,0.0
132646,2010,10146,1000.0,28179928.0,0,0,1,5,4,0.0
132702,2006,27762,2500.0,57838839.0,0,1,0,5,4,0.0
132702,2007,29792,2500.0,60799495.0,5,1,0,5,4,76039.03
132702,2008,31395,2500.0,64071075.0,5,1,0,5,4,13690.45
132702,2009,29332,2500.0,68213756.0,0,1,0,5,4,0.0
132702,2010,27698,2500.0,65947132.0,1,1,0,5,4,79953.22
132730,2006,9393,1000.0,13229971.0,0,0,0,5,4,0.0
132730,2007,9755,1000.0,13935850.0,2,0,0,5,4,46115.23
132730,2008,10350,1000.0,14785367.0,0,0,0,5,4,0.0
132730,2009,9460,1000.0,15509067.0,1,0,0,5,4,3542.15
132730,2010,9345,1000.0,15319364.0,4,0,0,5,4,5277.55
132732,2006,4288,5000.0,8750060.0,0,1,0,5,4,0.0
132732,2007,4427,5000.0,9223813.0,0,1,0,5,4,0.0
132732,2008,4663,5000.0,9712529.0,0,1,1,5,4,0.0
132732,2009,4285,5000.0,10202804.0,0,1,1,5,4,0.0
132732,2010,4261,5000.0,9909214.0,0,1,1,5,4,0.0
132737,2006,7905,1000.0,10541334.0,1,1,0,5,3,3108.13
132737,2007,8079,1000.0,11067691.0,2,1,0,5,3,17897.87
132737,2008,8158,1000.0,11654731.0,0,1,0,5,3,0.0
132737,2009,7301,1000.0,12169351.0,0,1,0,5,3,0.0
132737,2010,7104,1000.0,11839249.0,0,1,1,5,3,0.0
132798,2006,227297,500.0,463869637.0,58,1,0,5,4,123735.59
132798,2007,240753,500.0,512240744.0,38,1,0,5,4,55589.15
132798,2008,262345,500.0,546551426.0,55,1,0,5,4,83567.65
132798,2009,220310,1000.0,579759633.0,16,1,0,5,4,33775.73
132798,2010,216220,1000.0,569000541.0,16,1,0,5,4,54567.09
132805,2006,55497,1000.0,106725349.0,2,1,0,5,4,8870.1
132805,2007,54142,1000.0,112796597.0,2,1,0,5,4,2157.18
132805,2008,56085,1000.0,119328613.0,0,1,0,5,4,0.0
132805,2009,50857,1000.0,127141459.0,1,1,0,5,4,1725.96
132805,2010,60615,1000.0,121229369.0,1,1,0,5,4,23833.0
132828,2006,29796,2500.0,51371922.0,0,1,0,5,4,0.0
132828,2007,26557,2500.0,55326507.0,0,1,0,5,4,0.0
132828,2008,23323,2500.0,58306477.0,0,1,1,5,4,0.0
132828,2009,24497,2500.0,61243185.0,0,1,1,5,4,0.0
132828,2010,23042,2500.0,65835445.0,1,1,1,5,4,2374.22
132851,2006,13834,500.0,21960364.0,0,0,0,5,4,0.0
132851,2007,15097,500.0,23226073.0,1,0,0,5,4,2183.26
132851,2008,15897,500.0,24457051.0,1,0,0,5,4,2564.8
132851,2009,15509,500.0,26286091.0,0,0,0,5,4,0.0
132851,2010,15043,500.0,25072576.0,1,0,0,5,4,1035.0
132885,2006,35167,1000.0,37813305.0,4,1,0,5,3,25119.13
132885,2007,34072,1000.0,39618418.0,3,1,0,5,3,28998.25
132885,2008,35122,1000.0,41811649.0,2,1,0,5,4,9741.5
132885,2009,32003,1000.0,44449090.0,1,1,0,5,4,17739.04
132885,2010,31095,1000.0,43187754.0,1,1,0,5,4,5310.0
132898,2006,34130,50000.0,227535465.0,0,1,0,5,4,0.0
132898,2007,35937,50000.0,239579123.0,0,1,0,5,4,0.0
132898,2008,35353,50000.0,252513062.0,0,1,1,5,4,0.0
132898,2009,32136,50000.0,267805150.0,0,1,1,5,4,0.0
132898,2010,30850,50000.0,257086991.0,0,1,1,5,4,0.0
132899,2006,5634,5000.0,17071398.0,0,1,0,5,4,0.0
132899,2007,5558,5000.0,17929610.0,1,1,0,5,4,33227.38
132899,2008,5859,5000.0,18900553.0,0,1,0,5,3,0.0
132899,2009,5245,5000.0,20173565.0,0,1,0,5,4,0.0
132899,2010,5259,5000.0,19477777.0,0,1,1,5,4,0.0
132961,2006,6198,500.0,17708159.0,0,1,0,5,4,0.0
132961,2007,9494,500.0,18615394.0,0,1,0,5,4,0.0
132961,2008,10004,500.0,19616845.0,0,1,1,5,4,0.0
132961,2009,9823,500.0,21352867.0,1,1,1,5,4,21805.99
132961,2010,9710,500.0,20659698.0,0,1,0,5,4,0.0
133122,2006,6854,2500.0,12461410.0,0,1,0,5,4,0.0
133122,2007,7319,2500.0,13068185.0,0,1,0,5,4,0.0
133122,2008,7481,2500.0,13359576.0,0,1,1,5,4,0.0
133122,2009,6697,2500.0,14248621.0,0,1,1,5,4,0.0
133122,2010,6744,2500.0,13763252.0,2,1,1,5,4,12260.65
133171,2006,17540,1000.0,33095677.0,0,0,0,5,1,0.0
133171,2007,18860,1000.0,34925218.0,0,0,0,5,1,0.0
133171,2008,19051,1000.0,36635286.0,0,0,1,5,1,0.0
133171,2009,17321,1000.0,39364549.0,0,0,1,5,3,0.0
133171,2010,16811,1000.0,38205152.0,1,0,1,5,3,5149.04
133175,2006,30150,1000.0,62813642.0,1,1,0,5,4,6069.53
133175,2007,33628,500.0,65937765.0,3,1,0,5,4,27184.38
133175,2008,35461,500.0,69530928.0,0,1,0,5,4,0.0
133175,2009,34204,500.0,74356292.0,0,1,0,5,4,0.0
133175,2010,34435,500.0,71739967.0,2,1,1,5,4,6755.41
133304,2006,8987,500.0,20899798.0,0,0,0,5,4,0.0
133304,2007,12835,500.0,22128775.0,3,0,0,5,4,8925.99
133304,2008,13379,500.0,23065855.0,3,0,0,5,4,13653.0
133320,2006,20358,1000.0,40716952.0,2,1,0,5,4,6505.21
133320,2007,19320,2500.0,42932411.0,5,1,0,5,4,42288.33
133320,2008,20802,2500.0,45219482.0,1,1,0,5,4,19750.0
133320,2009,18948,2500.0,48586103.0,0,1,0,5,4,0.0
133320,2010,19277,2500.0,47019400.0,0,1,0,5,4,0.0
133339,2006,48401,1000.0,84913083.0,2,1,0,5,2,3193.65
133339,2007,44313,2500.0,98471289.0,1,1,0,5,2,56928.0
133339,2008,52924,1000.0,103772409.0,2,1,0,5,4,13398.32
133339,2009,47340,1000.0,110092609.0,1,1,0,5,4,1506.3
133339,2010,45520,1000.0,105862231.0,3,1,0,5,4,54345.56
133409,2006,25503,5000.0,51005439.0,0,0,0,5,4,0.0
133409,2007,25226,5000.0,53672171.0,1,0,0,5,4,46833.2
133409,2008,25896,5000.0,56296805.0,0,0,0,5,4,0.0
133409,2009,23184,5000.0,59447618.0,1,0,0,5,4,13000.0
133409,2010,21415,5000.0,57878607.0,0,0,0,5,4,0.0
133432,2006,45203,1000.0,100452095.0,3,1,0,5,4,11485.96
133432,2007,47641,1000.0,105865846.0,5,1,0,5,4,12883.26
133432,2008,47985,1000.0,111592848.0,4,1,0,5,4,1740.7
133432,2009,43826,1000.0,118447025.0,2,1,0,5,4,3569.5
133432,2010,43117,1000.0,113463525.0,2,1,0,5,4,199451.0
133437,2006,45356,5000.0,133398733.0,2,0,0,5,1,72445.9
133437,2007,42666,5000.0,142219922.0,3,0,0,5,1,144036.9
133437,2008,41909,5000.0,149676058.0,0,0,0,5,1,0.0
133437,2009,46010,5000.0,158654210.0,0,0,0,5,4,0.0
133437,2010,47847,5000.0,159487068.0,2,0,1,5,4,96209.19
133446,2006,40650,500.0,81298633.0,3,1,0,5,4,8292.4
133446,2007,41872,500.0,85455440.0,4,1,0,5,4,11439.04
133446,2008,43797,500.0,89381945.0,3,1,0,5,4,4677.2
133446,2009,34222,1000.0,92491443.0,4,1,0,5,4,2528.5
133446,2010,31089,1000.0,88824064.0,0,1,0,5,4,0.0
133484,2006,6518,1000.0,8690696.0,1,0,0,5,1,4154.98
133484,2007,6596,1000.0,9160550.0,0,0,0,5,1,0.0
133484,2008,6733,1000.0,9619154.0,0,0,0,5,1,0.0
133484,2009,6062,1000.0,10103357.0,0,0,1,5,4,0.0
133484,2010,6074,1000.0,9797489.0,0,0,1,5,4,0.0
133495,2006,33577,10000.0,104925831.0,0,1,0,5,4,0.0
133495,2007,32580,10000.0,108601203.0,0,1,0,5,4,0.0
133495,2008,36653,10000.0,114539371.0,0,1,1,5,4,0.0
133495,2009,29852,10000.0,119409029.0,1,1,1,5,4,750.0
133495,2010,32207,10000.0,115022261.0,0,1,0,5,4,0.0
133510,2006,13066,500.0,13754234.0,1,1,0,5,3,14941.33
133510,2007,12733,500.0,14635622.0,0,1,0,5,3,0.0
133510,2008,12963,500.0,15432410.0,0,1,0,5,3,0.0
133510,2009,13846,500.0,16482523.0,0,1,1,5,3,0.0
133510,2010,12253,500.0,15912131.0,1,1,1,5,3,1430.0
133528,2006,8145,5000.0,25450454.0,0,1,0,5,1,0.0
133528,2007,8553,5000.0,26726737.0,0,1,0,5,1,0.0
133528,2008,9005,5000.0,28141650.0,0,1,1,5,1,0.0
133528,2009,8397,5000.0,29993340.0,1,1,1,5,1,27909.77
133528,2010,7811,5000.0,28929987.0,1,1,0,5,1,101785.0
133532,2006,8296,500.0,12962836.0,0,1,0,5,4,0.0
133532,2007,7893,500.0,13607894.0,0,1,0,5,4,0.0
133532,2008,7658,500.0,14447453.0,0,1,1,5,4,0.0
133532,2009,7090,500.0,15411845.0,0,1,1,5,4,0.0
133532,2010,7566,500.0,16097148.0,0,1,1,5,4,0.0
133542,2006,3920,5000.0,9563332.0,0,1,0,5,2,0.0
133542,2007,4314,5000.0,10271777.0,0,1,0,5,2,0.0
133542,2008,4545,5000.0,10822289.0,1,1,1,5,2,9500.45
133542,2009,4140,5000.0,11502431.0,0,1,0,5,2,0.0
133542,2010,4117,5000.0,11126743.0,2,1,0,5,2,15000.0
133543,2006,9286,1000.0,15477431.0,0,1,0,5,2,0.0
133543,2007,9824,1000.0,16371892.0,2,1,0,5,2,14713.65
133543,2008,10009,1000.0,17255889.0,1,1,0,5,3,12698.65
133543,2009,9575,1000.0,18413452.0,1,1,0,5,3,4118.0
133543,2010,9247,1000.0,17780937.0,0,1,0,5,3,0.0
133549,2006,54297,15000.0,142885248.0,2,1,0,5,4,7500.0
133549,2007,56472,15000.0,152627610.0,0,1,0,5,4,0.0
133549,2008,58223,15000.0,161732006.0,0,1,0,5,4,0.0
133549,2009,49974,15000.0,172322907.0,0,1,1,5,4,0.0
133549,2010,53041,15000.0,171101451.0,2,1,1,5,4,184449.28
133633,2006,10035,500.0,21351213.0,0,1,0,5,4,0.0
133633,2007,10993,500.0,22434631.0,1,1,0,5,4,2335.4
133633,2008,11584,500.0,23640771.0,0,1,0,5,4,0.0
133633,2009,11070,500.0,25157925.0,0,1,0,5,4,0.0
133633,2010,8996,1000.0,24313017.0,0,1,1,5,4,0.0
133640,2006,13893,5000.0,34732722.0,0,1,0,5,4,0.0
133640,2007,12031,5000.0,36459148.0,0,1,0,5,4,0.0
133640,2008,13832,5000.0,38422368.0,0,1,1,5,4,0.0
133640,2009,12676,5000.0,40891491.0,0,1,1,5,4,0.0
133640,2010,12253,5000.0,39526605.0,0,1,1,5,4,0.0
133682,2006,35214,15000.0,100612970.0,0,1,0,5,4,0.0
133682,2007,40259,10000.0,105944566.0,0,1,0,5,4,0.0
133682,2008,42465,10000.0,111751962.0,0,1,1,5,4,0.0
133682,2009,40409,10000.0,118847761.0,0,1,1,5,4,0.0
133682,2010,37472,10000.0,113551855.0,0,1,1,5,4,0.0
133689,2006,11852,1000.0,24186836.0,4,1,0,5,4,12648.54
133689,2007,13152,1000.0,27399730.0,2,1,0,5,4,4873.5
133689,2008,13430,1000.0,28573562.0,1,1,0,5,4,67199.45
133689,2009,12252,1000.0,30629289.0,0,1,0,5,4,0.0
133689,2010,11619,1000.0,29049694.0,1,1,0,5,4,3287.75
133850,2006,6901,500.0,13532486.0,0,0,0,5,3,0.0
133850,2007,8001,500.0,14286244.0,0,0,0,5,3,0.0
133850,2008,11552,500.0,15002608.0,0,0,1,5,3,0.0
133850,2009,10870,500.0,15753959.0,0,0,1,5,3,0.0
133850,2010,10718,500.0,15311075.0,2,0,1,5,3,900.0
133860,2006,51033,10000.0,118682854.0,2,1,0,5,4,65788.96
133860,2007,51106,10000.0,124649815.0,0,1,0,5,4,0.0
133860,2008,49928,10000.0,131388940.0,0,1,0,5,4,0.0
133860,2009,46777,10000.0,137583187.0,1,1,1,5,4,80045.56
133860,2010,45174,10000.0,132865432.0,0,1,0,5,4,0.0
133925,2006,48267,10000.0,141962903.0,0,1,0,5,4,0.0
133925,2007,63795,10000.0,193319853.0,0,1,0,5,4,0.0
133925,2008,50619,25000.0,202476047.0,3,1,1,5,4,142254.14
133925,2009,49973,25000.0,217271190.0,0,1,0,5,4,0.0
133925,2010,65596,10000.0,211600685.0,4,1,0,5,4,68291.66
133934,2006,12443,2500.0,20067905.0,0,0,0,5,1,0.0
133934,2007,11028,2500.0,21622410.0,0,0,0,5,1,0.0
133934,2008,11187,2500.0,22830820.0,0,0,1,5,1,0.0
133934,2009,11773,2500.0,24025556.0,0,0,1,5,1,0.0
133934,2010,10928,2500.0,26019589.0,0,0,1,5,4,0.0
133936,2006,25923,10000.0,70064296.0,0,1,0,5,4,0.0
133936,2007,23489,15000.0,73404811.0,2,1,0,5,4,20335.0
133936,2008,24822,15000.0,77570828.0,0,1,0,5,4,0.0
133936,2009,23131,15000.0,82609879.0,0,1,0,5,4,0.0
133936,2010,22873,15000.0,81689541.0,0,1,1,5,4,0.0
133941,2006,14948,5000.0,42707802.0,0,1,0,5,1,0.0
133941,2007,15267,5000.0,44904530.0,0,1,0,5,1,0.0
133941,2008,21080,5000.0,62000318.0,0,1,1,5,1,0.0
133941,2009,19680,5000.0,65601130.0,0,1,1,5,4,0.0
133941,2010,18264,5000.0,62982215.0,0,1,1,5,4,0.0
133948,2006,19068,500.0,28459096.0,1,0,0,5,4,17298.55
133948,2007,20093,500.0,29989653.0,1,0,0,5,4,14217.35
133948,2008,21077,500.0,31458053.0,0,0,0,5,4,0.0
133948,2009,16935,1000.0,33870820.0,1,0,0,5,4,5742.87
133948,2010,17089,1000.0,32864681.0,0,0,0,5,4,0.0
134019,2006,46075,5000.0,131644078.0,0,1,0,5,4,0.0
134019,2007,48901,5000.0,139717640.0,0,1,0,5,4,0.0
134019,2008,50014,5000.0,147099789.0,1,1,1,5,4,236200.19
134019,2009,49084,5000.0,163616628.0,0,1,0,5,4,0.0
134019,2010,47204,5000.0,157345234.0,3,1,0,5,4,12218.0
134028,2006,11974,500.0,23947488.0,0,1,0,5,1,0.0
134028,2007,13055,500.0,24631909.0,0,1,0,5,1,0.0
134028,2008,13677,500.0,25806694.0,0,1,1,5,2,0.0
134028,2009,11025,500.0,23457859.0,0,1,1,5,4,0.0
134028,2010,11052,500.0,22556166.0,0,1,1,5,4,0.0
134060,2006,23544,25000.0,102364391.0,0,1,0,5,4,0.0
134060,2007,22650,25000.0,107852654.0,4,1,0,5,4,3610.53
134060,2008,23781,25000.0,113236007.0,4,1,0,5,4,1347.52
134060,2009,21273,25000.0,118175020.0,3,1,0,5,4,2262.0
134060,2010,30875,25000.0,162495289.0,2,1,0,5,4,17300.25
134067,2006,24159,5000.0,53687984.0,0,1,0,5,4,0.0
134067,2007,22120,5000.0,50271524.0,0,1,0,5,4,0.0
134067,2008,24889,5000.0,52954491.0,0,1,1,5,4,0.0
134067,2009,21960,5000.0,56306367.0,1,1,1,5,4,27302.28
134067,2010,21664,5000.0,54159630.0,2,1,0,5,4,7002.0
134144,2006,38981,5000.0,108281192.0,1,1,0,5,4,43500.0
134144,2007,40110,5000.0,111416543.0,2,1,0,5,4,9237.64
134144,2008,41201,5000.0,117717143.0,0,1,0,5,4,0.0
134144,2009,36531,5000.0,125969217.0,0,1,0,5,4,0.0
134144,2010,35096,5000.0,121017525.0,1,1,1,5,4,63671.93
134150,2006,13631,15000.0,40094564.0,0,1,0,5,4,0.0
134150,2007,12206,25000.0,42089977.0,0,1,0,5,4,0.0
134150,2008,12857,25000.0,44332784.0,0,1,1,5,4,0.0
134150,2009,21777,5000.0,57309611.0,0,1,1,5,4,0.0
134150,2010,15065,5000.0,40715978.0,0,1,1,5,4,0.0
134221,2006,31859,500.0,40328377.0,3,1,0,5,4,17549.76
134221,2007,33531,500.0,42444598.0,0,1,0,5,4,0.0
134221,2008,35376,500.0,44779775.0,0,1,0,5,4,0.0
134221,2009,20508,500.0,47694718.0,0,1,1,5,4,0.0
134221,2010,19300,500.0,45953042.0,1,1,1,5,4,15500.0
134223,2006,23623,500.0,23861801.0,0,1,0,5,1,0.0
134223,2007,23912,500.0,25170869.0,0,1,0,5,1,0.0
134223,2008,23595,500.0,26510721.0,0,1,1,5,1,0.0
134223,2009,24543,500.0,28210356.0,0,1,1,5,1,0.0
134223,2010,23424,500.0,27237260.0,0,1,1,5,1,0.0
134244,2006,26083,100000.0,163019501.0,0,1,0,5,4,0.0
134244,2007,26052,100000.0,173679813.0,0,1,0,5,4,0.0
134244,2008,25494,100000.0,182091888.0,0,1,1,5,4,0.0
134244,2009,23252,100000.0,193766466.0,0,1,1,5,4,0.0
134244,2010,22373,100000.0,186444786.0,0,1,1,5,4,0.0
134248,2006,28291,2500.0,47150689.0,2,1,0,5,4,25263.73
134248,2007,29723,2500.0,49538392.0,2,1,0,5,4,14480.01
134248,2008,31330,2500.0,52216487.0,0,1,0,5,4,0.0
134248,2009,26324,2500.0,51616944.0,0,1,0,5,4,0.0
134248,2010,25934,2500.0,49873209.0,0,1,1,5,4,0.0
134249,2006,16561,1000.0,17073347.0,0,1,0,5,3,0.0
134249,2007,16667,1000.0,17921082.0,2,1,0,5,3,31268.74
134249,2008,16989,1000.0,18876694.0,1,1,0,5,3,3218.36
134249,2009,14837,1000.0,20048915.0,0,1,0,5,4,0.0
134249,2010,14354,1000.0,19396535.0,1,1,0,5,4,2554.0
134250,2006,15186,2500.0,33013955.0,0,0,0,5,4,0.0
134250,2007,14975,2500.0,34826018.0,0,0,0,5,4,0.0
134250,2008,15671,2500.0,36443797.0,0,0,1,5,4,0.0
134250,2009,13959,2500.0,38777013.0,0,0,1,5,4,0.0
134250,2010,14833,2500.0,40090466.0,0,0,1,5,4,0.0
134312,2006,19411,25000.0,69325717.0,0,0,0,5,4,0.0
134312,2007,23423,25000.0,73194463.0,0,0,0,5,4,0.0
134312,2008,24615,25000.0,76921328.0,0,0,1,5,4,0.0
134312,2009,23051,25000.0,82324449.0,1,0,1,5,4,65330.0
134312,2010,22279,25000.0,79565063.0,0,0,0,5,4,0.0
134347,2006,17649,5000.0,30963326.0,0,0,0,5,4,0.0
134347,2007,15813,5000.0,32944461.0,0,0,0,5,4,0.0
134347,2008,16120,5000.0,34296662.0,0,0,1,5,4,0.0
134347,2009,17146,5000.0,36480588.0,0,0,1,5,4,0.0
134347,2010,13739,5000.0,35227493.0,1,0,1,5,4,55313.37
134515,2006,36571,500.0,73140999.0,2,1,0,5,4,29986.94
134515,2007,35403,500.0,78673185.0,2,1,0,5,4,8239.1
134515,2008,36456,500.0,82854736.0,0,1,0,5,4,0.0
134515,2009,38127,500.0,86650429.0,0,1,0,5,4,0.0
134515,2010,37084,500.0,92711333.0,1,1,1,5,4,1725.0
134522,2006,4297,500.0,7161917.0,0,0,0,5,4,0.0
134522,2007,3999,500.0,7690000.0,1,0,0,5,4,35487.34
134522,2008,4408,500.0,8161852.0,0,0,0,5,4,0.0
134522,2009,4665,500.0,8481134.0,0,0,0,5,4,0.0
134522,2010,4453,500.0,9087142.0,0,0,1,5,4,0.0
134535,2006,7946,500.0,11859151.0,0,0,0,5,2,0.0
134535,2007,8119,500.0,12491319.0,1,0,0,5,2,44612.77
134535,2008,8377,500.0,13087067.0,1,0,0,5,2,9091.66
134535,2009,8281,500.0,14034793.0,1,0,0,5,2,1206.71
134535,2010,8466,500.0,13654089.0,0,0,0,5,2,0.0
134560,2006,8479,500.0,13898854.0,0,0,0,5,4,0.0
134560,2007,7984,500.0,14785987.0,0,0,0,5,4,0.0
134560,2008,7318,500.0,15570975.0,0,0,1,5,4,0.0
134560,2009,8439,500.0,16545974.0,0,0,1,5,4,0.0
134560,2010,7387,500.0,16058742.0,0,0,1,5,4,0.0
134571,2006,6531,5000.0,14844982.0,0,0,0,5,3,0.0
134571,2007,6412,5000.0,15639542.0,0,0,0,5,3,0.0
134571,2008,6724,5000.0,16396778.0,0,0,1,5,3,0.0
134571,2009,6147,5000.0,17559356.0,0,0,1,5,3,0.0
134571,2010,6330,5000.0,17104767.0,0,0,1,5,3,0.0
134634,2006,8684,500.0,14717549.0,1,1,0,5,3,870.0
134634,2007,8838,500.0,15506993.0,3,1,0,5,3,1092.0
134634,2008,9106,500.0,16258808.0,0,1,0,5,3,0.0
134634,2009,8898,500.0,17447317.0,0,1,0,5,4,0.0
134634,2010,8833,500.0,16984791.0,0,1,1,5,4,0.0
134642,2006,27957,5000.0,36786390.0,0,1,0,5,1,0.0
134642,2007,27908,5000.0,38761606.0,0,1,0,5,1,0.0
134642,2008,27663,5000.0,37893703.0,0,1,1,5,2,0.0
134642,2009,25160,5000.0,39935363.0,0,1,1,5,2,0.0
134642,2010,24486,5000.0,38867123.0,0,1,1,5,2,0.0
134686,2006,5550,2500.0,6687512.0,0,0,0,5,4,0.0
134686,2007,5690,2500.0,7024614.0,0,0,0,5,4,0.0
134686,2008,5958,2500.0,7354995.0,1,0,1,5,4,10740.89
134686,2009,5397,2500.0,7820953.0,1,0,0,5,4,17500.0
134686,2010,5171,2500.0,7494708.0,0,0,0,5,4,0.0
134715,2006,8624,2500.0,23305760.0,0,1,0,5,4,0.0
134715,2007,9297,2500.0,24465390.0,1,1,0,5,4,21005.0
134715,2008,9798,2500.0,25783518.0,0,1,0,5,4,0.0
134715,2009,8797,2500.0,27492033.0,0,1,0,5,4,0.0
134715,2010,8764,2500.0,26555327.0,0,1,1,5,4,0.0
134781,2006,48835,500.0,76303460.0,1,1,0,5,4,22400.4
134781,2007,45690,500.0,72524193.0,3,1,0,5,4,9893.77
134802,2006,16891,25000.0,62558105.0,0,0,0,5,1,0.0
134802,2007,16644,25000.0,66573825.0,0,0,0,5,1,0.0
134802,2008,17540,25000.0,70156996.0,1,0,1,5,1,6539.52
134802,2009,18609,25000.0,74436157.0,0,0,0,5,1,0.0
134802,2010,14288,25000.0,75202780.0,0,0,0,5,3,0.0
134830,2006,10824,500.0,12300879.0,0,1,0,5,4,0.0
134830,2007,10329,1000.0,12910693.0,3,1,0,5,4,14974.0
134830,2008,10619,1000.0,13614503.0,0,1,0,5,4,0.0
134830,2009,9604,1000.0,14122508.0,0,1,0,5,4,0.0
134830,2010,9403,1000.0,13627676.0,2,1,1,5,4,3681.0
134853,2006,26673,2500.0,45987445.0,1,1,0,5,4,4121.76
134853,2007,23987,2500.0,48952836.0,0,1,0,5,4,0.0
134853,2008,26972,2500.0,51870974.0,0,1,0,5,4,0.0
134853,2009,27275,2500.0,54549220.0,0,1,1,5,4,0.0
134853,2010,22656,2500.0,52688260.0,3,1,1,5,4,20414.29
134871,2006,31288,5000.0,51291205.0,0,1,0,5,4,0.0
134871,2007,33533,5000.0,56835466.0,0,1,0,5,4,0.0
134871,2008,35366,5000.0,59943977.0,0,1,1,5,4,0.0
134871,2009,32089,5000.0,64177911.0,0,1,1,5,4,0.0
134871,2010,30972,5000.0,61944832.0,1,1,1,5,4,9803.56
134926,2006,19152,15000.0,37551742.0,0,1,0,5,1,0.0
134926,2007,18130,15000.0,39413109.0,0,1,0,5,1,0.0
134926,2008,19109,15000.0,41543707.0,0,1,1,5,1,0.0
134926,2009,17579,15000.0,43949571.0,0,1,1,5,2,0.0
134926,2010,16996,15000.0,42490498.0,0,1,1,5,3,0.0
134931,2006,12865,5000.0,20419830.0,0,1,0,5,1,0.0
134931,2007,17762,5000.0,27752326.0,0,1,0,5,1,0.0
134931,2008,18850,5000.0,29000724.0,0,1,1,5,1,0.0
134931,2009,16851,5000.0,30090379.0,0,1,1,5,1,0.0
134931,2010,16583,5000.0,29093797.0,0,1,1,5,1,0.0
134971,2006,42435,10000.0,132610205.0,0,1,0,5,4,0.0
134971,2007,55287,10000.0,153577547.0,2,1,0,5,4,72044.34
134971,2008,54871,10000.0,161385094.0,1,1,0,5,4,1562.65
134971,2009,49709,10000.0,171410539.0,0,1,0,5,4,0.0
134971,2010,49593,10000.0,165312236.0,3,1,0,5,4,447988.82
135124,2006,6542,500.0,8961645.0,0,0,0,5,3,0.0
135124,2007,6793,500.0,9433686.0,0,0,0,5,3,0.0
135124,2008,6909,500.0,9869831.0,0,0,1,5,3,0.0
135124,2009,6510,500.0,10498484.0,0,0,1,5,3,0.0
135124,2010,6486,500.0,10132968.0,0,0,1,5,3,0.0
135138,2006,31087,5000.0,70652821.0,1,1,0,5,4,19039.0
135138,2007,31259,5000.0,74425122.0,0,1,0,5,4,0.0
135138,2008,32540,5000.0,77475389.0,0,1,0,5,4,0.0
135138,2009,29871,5000.0,90517751.0,1,1,1,5,4,599023.9
135138,2010,32078,5000.0,86696774.0,0,1,0,5,4,0.0
135355,2006,32333,2500.0,80834294.0,1,1,0,5,1,39535.0
135355,2007,28927,2500.0,85075913.0,0,1,0,5,4,0.0
135355,2008,30197,2500.0,88813021.0,1,1,0,5,4,95645.0
135355,2009,27292,2500.0,94108124.0,0,1,0,5,4,0.0
135355,2010,26059,2500.0,89857985.0,3,1,0,5,4,1085863.87
135397,2006,7644,1000.0,11078352.0,0,0,0,5,3,0.0
135397,2007,7929,1000.0,11659855.0,0,0,0,5,3,0.0
135397,2008,8051,1000.0,12197361.0,0,0,1,5,3,0.0
135397,2009,7262,1000.0,12966770.0,0,0,1,5,2,0.0
135397,2010,6969,1000.0,12443813.0,0,0,1,5,2,0.0
135467,2006,12156,1000.0,20260806.0,1,1,0,5,4,8985.5
135467,2007,11209,1000.0,21556010.0,0,1,0,5,4,0.0
135467,2008,12292,1000.0,22763223.0,0,1,0,5,4,0.0
135467,2009,12324,1000.0,24164521.0,0,1,1,5,4,0.0
135467,2010,10287,1000.0,23378377.0,0,1,1,5,4,0.0
135474,2006,12236,1000.0,29843213.0,0,0,0,5,2,0.0
135474,2007,13563,1000.0,31543779.0,0,0,0,5,2,0.0
135474,2008,14007,1000.0,33349916.0,0,0,1,5,2,0.0
135474,2009,12162,1000.0,35769100.0,1,0,1,5,2,10476.62
135474,2010,20277,1000.0,57934990.0,0,0,0,5,4,0.0
135628,2006,10685,1000.0,20159732.0,0,1,0,5,2,0.0
135628,2007,10699,1000.0,22289991.0,0,1,0,5,2,0.0
135628,2008,12905,1000.0,23465361.0,0,1,1,5,4,0.0
135628,2009,11247,1000.0,24993208.0,0,1,1,5,4,0.0
135628,2010,10721,1000.0,24367446.0,0,1,1,5,4,0.0
135640,2006,17019,1000.0,40521339.0,0,1,0,5,4,0.0
135640,2007,17448,1000.0,42554600.0,0,1,0,5,4,0.0
135640,2008,17936,1000.0,44840696.0,1,1,1,5,4,3385.35
135640,2009,16268,1000.0,47848906.0,0,1,0,5,4,0.0
135640,2010,15684,1000.0,46131262.0,0,1,0,5,4,0.0
135664,2006,52190,10000.0,158152428.0,0,1,0,5,4,0.0
135664,2007,58186,10000.0,166244078.0,0,1,0,5,4,0.0
135664,2008,54321,15000.0,175230304.0,2,1,1,5,4,41528.67
135664,2009,50274,15000.0,186202645.0,0,1,0,5,4,0.0
135664,2010,50361,15000.0,179860732.0,0,1,0,5,4,0.0
135726,2006,16624,5000.0,18268606.0,1,1,0,5,1,990.4
135726,2007,14767,5000.0,19177258.0,1,1,0,5,1,53881.92
135726,2008,14800,5000.0,20274256.0,0,1,0,5,1,0.0
135726,2009,14187,5000.0,21825684.0,0,1,0,5,4,0.0
135726,2010,20053,5000.0,21108340.0,0,1,1,5,4,0.0
135733,2006,12651,15000.0,27502626.0,0,0,0,5,3,0.0
135733,2007,12622,15000.0,29352251.0,0,0,0,5,3,0.0
135733,2008,12994,15000.0,30936203.0,0,0,1,5,3,0.0
135733,2009,14191,15000.0,33002290.0,0,0,1,5,3,0.0
135733,2010,9247,25000.0,31884168.0,0,0,1,5,3,0.0
135824,2006,43478,1000.0,69012198.0,1,1,0,5,4,16632.71
135824,2007,43018,1000.0,72912206.0,2,1,0,5,4,2719.67
135824,2008,42134,1000.0,76606278.0,0,1,0,5,4,0.0
135824,2009,38267,1000.0,81418397.0,0,1,0,5,4,0.0
135824,2010,38044,1000.0,77639321.0,0,1,1,5,4,0.0
135855,2006,21378,500.0,27763044.0,1,0,0,5,4,20020.1
135855,2007,22440,500.0,29142914.0,0,0,0,5,4,0.0
135855,2008,23705,500.0,30785624.0,1,0,0,5,4,12080.25
135855,2009,13744,1000.0,24542991.0,0,0,0,5,4,0.0
135855,2010,13746,1000.0,23701113.0,2,0,0,5,4,5995.55
135902,2006,38860,10000.0,117756798.0,0,1,0,5,4,0.0
135902,2007,42150,10000.0,140500333.0,0,1,0,5,4,0.0
135902,2008,32479,25000.0,147632053.0,0,1,1,5,4,0.0
135902,2009,28308,25000.0,157266795.0,0,1,1,5,4,0.0
135902,2010,27366,25000.0,152035721.0,2,1,1,5,4,40000.0
135992,2006,12458,500.0,21855626.0,1,0,0,5,4,9360.0
135992,2007,15232,500.0,23077332.0,1,0,0,5,4,1401.55
135992,2008,15989,500.0,24225912.0,1,0,0,5,4,4911.97
135992,2009,15337,500.0,25995838.0,2,0,0,5,4,2938.55
135992,2010,14888,500.0,24814446.0,2,0,0,5,4,3688.46
136030,2006,31125,10000.0,74107551.0,0,1,0,5,3,0.0
136030,2007,31895,10000.0,77794828.0,1,1,0,5,3,74254.15
136069,2006,1934,500.0,1973142.0,0,0,0,5,4,0.0
136069,2007,1933,500.0,2078377.0,0,0,0,5,4,0.0
136069,2008,2024,500.0,2177247.0,0,0,1,5,4,0.0
136069,2009,1984,500.0,2333742.0,0,0,1,5,4,0.0
136069,2010,1934,500.0,2274473.0,0,0,1,5,4,0.0
136125,2006,23262,10000.0,77540155.0,0,1,0,5,1,0.0
136125,2007,24430,10000.0,81430827.0,1,1,0,5,1,52022.2
136125,2008,24879,5000.0,85792691.0,0,1,0,5,1,0.0
136125,2009,22719,5000.0,90874256.0,0,1,0,5,2,0.0
136125,2010,21091,5000.0,87880367.0,0,1,1,5,4,0.0
136245,2006,56771,15000.0,227081217.0,0,1,0,5,4,0.0
136245,2007,51303,15000.0,244300819.0,0,1,0,5,4,0.0
136245,2008,56555,15000.0,257064927.0,0,1,1,5,4,0.0
136245,2009,54377,15000.0,271891474.0,0,1,1,5,4,0.0
136245,2010,49473,15000.0,260386250.0,0,1,1,5,4,0.0
136249,2006,6094,1000.0,11284670.0,0,1,0,5,1,0.0
136249,2007,6681,1000.0,11931545.0,0,1,0,5,1,0.0
136249,2008,6666,1000.0,12576685.0,0,1,1,5,1,0.0
136249,2009,6047,1000.0,13434844.0,0,1,1,5,3,0.0
136249,2010,5832,1000.0,12958256.0,0,1,1,5,3,0.0
136354,2006,9121,500.0,12667453.0,3,1,0,5,4,38857.78
136354,2007,8773,500.0,13292490.0,0,1,0,5,4,0.0
136354,2008,9527,500.0,14009632.0,0,1,0,5,4,0.0
136354,2009,8646,500.0,14907746.0,0,1,1,5,4,0.0
136354,2010,8647,500.0,14411730.0,1,1,1,5,4,1361.58
136370,2006,30642,2500.0,62536050.0,2,1,0,5,4,29821.91
136370,2007,32182,2500.0,65677486.0,3,1,0,5,4,11919.47
136370,2008,33985,2500.0,69358021.0,0,1,0,5,4,0.0
136370,2009,31062,2500.0,73957044.0,2,1,0,5,4,2500.0
136370,2010,30003,2500.0,71433868.0,1,1,0,5,4,3540.72
136419,2006,30868,5000.0,106440109.0,1,1,0,5,4,28964.8
136419,2007,28088,5000.0,112354479.0,0,1,0,5,4,0.0
136419,2008,30897,5000.0,118833840.0,0,1,0,5,4,0.0
136419,2009,29085,5000.0,126457303.0,0,1,1,5,4,0.0
136419,2010,26713,5000.0,121423811.0,2,1,1,5,4,2927032.85
136453,2006,20709,10000.0,76699521.0,0,1,0,5,4,0.0
136453,2007,23471,10000.0,80931994.0,0,1,0,5,4,0.0
136453,2008,24698,10000.0,85165715.0,0,1,1,5,4,0.0
136453,2009,22528,10000.0,90114320.0,0,1,1,5,4,0.0
136453,2010,22400,10000.0,86152767.0,0,1,1,5,4,0.0
136546,2006,1910,500.0,3743217.0,0,1,0,5,4,0.0
136546,2007,7689,2500.0,13258115.0,2,1,0,5,4,6571.73
136546,2008,8103,2500.0,13970215.0,0,1,0,5,4,0.0
136546,2009,7419,2500.0,14839538.0,0,1,0,5,4,0.0
136546,2010,7432,2500.0,14292067.0,0,1,1,5,4,0.0
136630,2006,25510,100000.0,159430623.0,1,1,0,5,4,6615117.16
136630,2007,26775,100000.0,167346357.0,0,1,0,5,4,0.0
136630,2008,28203,100000.0,176266410.0,0,1,0,5,4,0.0
136630,2009,24453,100000.0,188105804.0,0,1,1,5,4,0.0
136630,2010,26432,100000.0,188794081.0,0,1,1,5,4,0.0
138001,2006,3986,1000.0,3378422.0,0,1,0,5,1,0.0
138001,2007,2407,1000.0,2168566.0,0,1,0,5,1,0.0
138001,2008,2158,1000.0,2569299.0,0,1,1,5,4,0.0
138001,2009,1830,1000.0,2614278.0,0,1,1,5,4,0.0
138001,2010,1858,1000.0,2544912.0,0,1,1,5,4,0.0
138002,2006,6641,500.0,9223858.0,0,1,0,5,1,0.0
138002,2007,6450,500.0,9627178.0,6,1,0,5,1,25077.38
138002,2008,7014,500.0,10019158.0,0,1,0,5,4,0.0
138002,2009,6345,500.0,10402119.0,0,1,0,5,4,0.0
138002,2010,6138,500.0,10061899.0,1,1,1,5,4,1124.78
138003,2006,2833,500.0,3256548.0,0,1,0,5,4,0.0
138003,2007,3004,500.0,3413462.0,0,1,0,5,4,0.0
138003,2008,3166,500.0,3598265.0,0,1,1,5,2,0.0
138004,2006,1521,500.0,1974156.0,1,1,0,5,1,45688.0
138004,2007,1538,500.0,2051235.0,0,1,0,5,1,0.0
138004,2008,1633,500.0,2178411.0,0,1,0,5,1,0.0
138004,2009,1508,500.0,2218087.0,0,1,1,5,3,0.0
138004,2010,1458,500.0,2144716.0,1,1,1,5,3,15789.0
138005,2006,2802,500.0,2075429.0,0,1,0,5,4,0.0
138005,2007,2630,500.0,2173501.0,0,1,0,5,4,0.0
138005,2008,2778,500.0,2296367.0,0,1,1,5,4,0.0
138006,2006,2482,5000.0,5282045.0,0,1,0,5,2,0.0
138006,2007,2655,5000.0,5532298.0,2,1,0,5,2,90623.73
138006,2008,3038,5000.0,5842489.0,0,1,0,5,1,0.0
138006,2009,2471,5000.0,6178531.0,1,1,0,5,1,35589.37
138006,2010,2392,5000.0,5980427.0,0,1,0,5,1,0.0
138007,2006,1281,500.0,2728013.0,0,1,0,5,4,0.0
138007,2007,2392,500.0,4272174.0,2,1,0,5,4,20192.13
138007,2008,3121,500.0,4657168.0,0,1,0,5,4,0.0
138007,2009,2566,1000.0,4841975.0,0,1,0,5,4,0.0
138007,2010,2417,1000.0,4649840.0,0,1,1,5,4,0.0
138010,2006,3705,2500.0,5880404.0,0,1,0,5,1,0.0
138010,2007,3693,2500.0,6153619.0,0,1,0,5,1,0.0
138010,2008,2958,2500.0,5013047.0,0,1,1,5,1,0.0
138010,2009,2761,2500.0,5210241.0,0,1,1,5,1,0.0
138010,2010,2669,2500.0,5035740.0,0,1,1,5,1,0.0
138011,2006,39642,2500.0,104321053.0,3,0,0,5,4,67200.43
138011,2007,40586,2500.0,109693217.0,3,0,0,5,4,12200.8
138011,2008,42778,2500.0,115616553.0,2,0,0,5,4,39254.1
138011,2009,39438,2500.0,123244634.0,0,0,0,5,4,0.0
138011,2010,39056,2500.0,118352804.0,4,0,0,5,4,30036.01
138014,2006,7689,2500.0,10252295.0,0,1,0,5,2,0.0
138014,2007,7749,2500.0,10762474.0,0,1,0,5,2,0.0
138014,2008,8160,2500.0,11333116.0,0,1,1,5,2,0.0
138014,2009,7575,2500.0,12023939.0,0,1,1,5,2,0.0
138014,2010,7447,2500.0,11636100.0,0,1,1,5,2,0.0
138015,2006,13487,500.0,13762138.0,0,0,0,5,4,0.0
138015,2007,13787,500.0,14513730.0,0,0,0,5,4,0.0
138015,2008,14322,500.0,15236598.0,0,0,1,5,4,0.0
138015,2009,14133,500.0,16434162.0,0,0,1,5,4,0.0
138015,2010,13849,500.0,16103725.0,1,0,1,5,4,7870.0
138016,2006,51550,15000.0,139323815.0,5,1,0,5,4,36301.96
138016,2007,54150,15000.0,146351398.0,2,1,0,5,4,5006.29
138016,2008,57057,15000.0,154206195.0,3,1,0,5,4,2977.5
138016,2009,45588,25000.0,182350165.0,5,1,0,5,4,44163.61
138016,2010,45789,25000.0,176107341.0,0,1,0,5,4,0.0
138017,2006,17466,1000.0,37968432.0,0,1,0,5,3,0.0
138017,2007,17212,1000.0,40027443.0,0,1,0,5,3,0.0
138017,2008,18177,1000.0,42273044.0,0,1,1,5,3,0.0
138017,2009,16080,1000.0,44666942.0,0,1,1,5,3,0.0
138017,2010,15369,1000.0,42692624.0,0,1,1,5,3,0.0
138019,2006,10921,50000.0,43683255.0,0,0,0,5,1,0.0
138019,2007,11005,50000.0,45853897.0,0,0,0,5,1,0.0
138019,2008,11574,50000.0,48227178.0,0,0,1,5,1,0.0
138019,2009,11187,50000.0,50849618.0,0,0,1,5,1,0.0
138019,2010,10837,50000.0,49258161.0,0,0,1,5,1,0.0
138020,2006,98396,5000.0,258935474.0,0,1,0,5,4,0.0
138020,2007,106249,5000.0,272435513.0,1,1,0,5,4,18545.11
138020,2008,112063,5000.0,287337892.0,0,1,0,5,4,0.0
138020,2009,97431,5000.0,304473024.0,0,1,0,5,4,0.0
138020,2010,99739,5000.0,293353464.0,1,1,1,5,4,10779.76
138021,2006,32318,10000.0,89772352.0,0,0,0,5,4,0.0
138021,2007,33985,10000.0,97103011.0,0,0,0,5,4,0.0
138021,2008,37855,10000.0,102310848.0,0,0,1,5,4,0.0
138021,2009,34856,10000.0,108927299.0,0,0,1,5,4,0.0
138021,2010,33689,10000.0,105280767.0,0,0,1,5,4,0.0
138022,2006,16294,5000.0,36209686.0,2,1,0,5,1,9250.2
138022,2007,16722,5000.0,38003781.0,0,1,0,5,1,0.0
138022,2008,17754,5000.0,40349557.0,0,1,0,5,1,0.0
138022,2009,15454,5000.0,42928032.0,1,1,1,5,1,5000.0
138022,2010,14955,5000.0,41542477.0,0,1,0,5,1,0.0
138023,2006,7618,1000.0,14936589.0,0,1,0,5,4,0.0
138023,2007,7831,1000.0,15660715.0,1,1,0,5,4,14293.2
138023,2008,7654,1000.0,16640224.0,0,1,0,5,4,0.0
138023,2009,7221,1000.0,17611962.0,0,1,0,5,4,0.0
138023,2010,6974,1000.0,17011311.0,0,1,1,5,4,0.0
138025,2006,18489,2500.0,33015771.0,1,0,0,5,4,19155.96
138025,2007,16519,2500.0,35146417.0,2,0,0,5,4,14049.89
138025,2008,18178,2500.0,37096971.0,0,0,0,5,4,0.0
138025,2009,19408,2500.0,39609441.0,0,0,0,5,4,0.0
138025,2010,16081,2500.0,38288092.0,0,0,1,5,4,0.0
138026,2006,54914,5000.0,127705887.0,0,1,0,5,4,0.0
138026,2007,59139,5000.0,134407005.0,2,1,0,5,4,1295943.85
138026,2008,63444,5000.0,144189827.0,2,1,0,5,4,26769.04
138026,2009,64767,5000.0,170439134.0,0,1,0,5,4,0.0
138026,2010,64116,5000.0,164397271.0,0,1,0,5,4,0.0
138027,2006,932,1000.0,1083853.0,0,0,0,5,4,0.0
138027,2007,993,500.0,1182970.0,0,0,0,5,4,0.0
138027,2008,1015,500.0,1253549.0,0,0,1,5,4,0.0
138027,2009,1069,500.0,1272650.0,0,0,1,5,4,0.0
138027,2010,1038,500.0,1235116.0,0,0,1,5,4,0.0
138028,2006,12196,2500.0,23453300.0,0,0,0,5,1,0.0
138028,2007,11109,2500.0,25249818.0,0,0,0,5,1,0.0
138028,2008,12240,2500.0,26610331.0,0,0,1,5,1,0.0
138030,2006,3770,500.0,8021944.0,0,1,0,5,2,0.0
138030,2007,3995,500.0,9512088.0,0,1,0,5,2,0.0
138030,2008,3810,500.0,10027561.0,0,1,1,5,2,0.0
138030,2009,3535,500.0,10714813.0,0,1,1,5,3,0.0
138030,2010,3724,500.0,10343533.0,1,1,1,5,3,1575.87
138033,2006,9062,10000.0,25893782.0,1,0,0,5,4,26333.84
138033,2007,9552,10000.0,27290179.0,0,0,0,5,4,0.0
138033,2008,10025,10000.0,28643759.0,0,0,0,5,4,0.0
138033,2009,9296,10000.0,30983665.0,0,0,1,5,4,0.0
138033,2010,9316,10000.0,30053595.0,0,0,1,5,4,0.0
138038,2006,26351,500.0,47911238.0,0,1,0,5,1,0.0
138038,2007,28210,500.0,50374797.0,0,1,0,5,1,0.0
138038,2008,29837,500.0,53279534.0,0,1,1,5,1,0.0
138038,2009,23422,1000.0,57127580.0,0,1,1,5,1,0.0
138038,2010,24187,1000.0,54969340.0,2,1,1,5,3,7432.56
138040,2006,15569,2500.0,34596933.0,0,1,0,5,4,0.0
138040,2007,15662,2500.0,36424287.0,0,1,0,5,4,0.0
138040,2008,16503,2500.0,38378606.0,1,1,1,5,4,14459.03
138040,2009,15124,2500.0,40876117.0,0,1,0,5,4,0.0
138040,2010,14638,2500.0,39562434.0,1,1,0,5,4,33014.07
138042,2006,17610,10000.0,37467237.0,9,1,0,5,4,138641.75
138042,2007,18097,10000.0,39341298.0,4,1,0,5,4,103654.59
138042,2008,19473,10000.0,41430640.0,0,1,0,5,4,0.0
138042,2009,18139,10000.0,44239820.0,2,1,0,5,4,46027.93
138042,2010,24000,10000.0,58536561.0,0,1,0,5,4,0.0
138044,2006,27507,500.0,41676405.0,1,1,0,5,1,48729.79
138044,2007,19864,5000.0,44143779.0,0,1,0,5,1,0.0
138044,2008,21387,5000.0,46491814.0,0,1,0,5,1,0.0
138044,2009,19551,5000.0,48876032.0,0,1,1,5,1,0.0
138044,2010,18821,5000.0,47052773.0,0,1,1,5,4,0.0
138045,2006,21398,5000.0,49760894.0,0,0,0,5,4,0.0
138045,2007,22461,5000.0,52237488.0,2,0,0,5,4,40694.28
138045,2008,23676,5000.0,55061714.0,0,0,0,5,4,0.0
138045,2009,21744,5000.0,58766148.0,0,0,0,5,4,0.0
138045,2010,21004,5000.0,56765900.0,0,0,1,5,4,0.0
138049,2006,22518,5000.0,44152409.0,0,0,0,5,4,0.0
138049,2007,21325,5000.0,46356991.0,0,0,0,5,4,0.0
138049,2008,22478,5000.0,48863074.0,0,0,1,5,4,0.0
138049,2009,20327,5000.0,52118993.0,0,0,1,5,4,0.0
138049,2010,20136,5000.0,50339937.0,0,0,1,5,4,0.0
138056,2006,13758,1000.0,23719093.0,0,1,0,5,1,0.0
138056,2007,14497,1000.0,24996179.0,2,1,0,5,1,60638.05
138056,2008,14689,1000.0,26230252.0,1,1,0,5,1,2985.74
138056,2009,13528,1000.0,28184720.0,0,1,0,5,1,0.0
138056,2010,13144,1000.0,27384419.0,2,1,0,5,1,1920.55
138058,2009,8129,5000.0,11612779.0,0,1,0,5,4,0.0
138058,2010,9837,5000.0,11306668.0,0,1,0,5,4,0.0
138061,2006,18148,5000.0,46534711.0,2,1,0,5,4,6521.14
138061,2007,18582,5000.0,48897960.0,0,1,0,5,4,0.0
138061,2008,20932,5000.0,52329072.0,0,1,0,5,4,0.0
138061,2009,17840,5000.0,55748899.0,1,1,1,5,4,1800.0
138061,2010,16642,5000.0,53681538.0,4,1,0,5,4,36806.77
138063,2006,897,500.0,1300000.0,0,1,0,5,1,0.0
138063,2007,875,500.0,1368900.0,0,1,0,5,1,0.0
138063,2008,921,500.0,1438451.0,0,1,1,5,1,0.0
138063,2009,820,500.0,1465406.0,0,1,1,5,1,0.0
138063,2010,839,500.0,1472773.0,0,1,1,5,1,0.0
138067,2006,12498,5000.0,24996565.0,0,1,0,5,4,0.0
138067,2007,13156,5000.0,26312114.0,1,1,0,5,4,19465.0
138067,2008,13830,5000.0,27660784.0,0,1,0,5,4,0.0
138067,2009,12804,5000.0,29099284.0,0,1,0,5,4,0.0
138067,2010,12276,5000.0,27902195.0,0,1,1,5,4,0.0
138068,2006,15245,15000.0,26284522.0,0,0,0,5,4,0.0
138068,2007,15452,15000.0,27593008.0,3,0,0,5,4,1000.0
138068,2008,16300,15000.0,29105602.0,2,0,0,5,4,11373.87
138068,2009,15103,15000.0,30821182.0,0,0,0,5,4,0.0
138068,2010,14877,15000.0,29755037.0,0,0,0,5,4,0.0
138070,2006,13066,1000.0,26133995.0,2,1,0,5,3,25776.0
138070,2007,13192,1000.0,27482785.0,0,1,0,5,3,0.0
138070,2008,13308,1000.0,28932232.0,0,1,0,5,3,0.0
138070,2009,11973,1000.0,30698862.0,2,1,1,5,3,8000.3
138070,2010,11216,1000.0,29515240.0,0,1,0,5,4,0.0
138072,2006,21047,10000.0,42094495.0,1,0,0,5,4,2185.0
138073,2006,35062,5000.0,79686685.0,0,1,0,5,2,0.0
138073,2007,37034,5000.0,84168116.0,1,1,0,5,2,14470.0
138073,2008,39941,5000.0,88758762.0,2,1,0,5,2,23577.64
138073,2009,36975,5000.0,94808223.0,1,1,0,5,2,33097.59
138073,2010,33813,5000.0,91387594.0,1,1,0,5,4,36952.19
138077,2006,3297,500.0,4394982.0,0,1,0,5,4,0.0
138077,2007,3415,500.0,4614291.0,0,1,0,5,4,0.0
138077,2008,3501,500.0,4862627.0,0,1,1,5,4,0.0
138077,2009,3436,500.0,5205611.0,0,1,1,5,4,0.0
138077,2010,3414,500.0,5021286.0,0,1,1,5,4,0.0
138078,2006,18133,5000.0,32381175.0,0,1,0,5,4,0.0
138078,2007,21583,5000.0,39240008.0,1,1,0,5,4,19768.0
138078,2008,21915,5000.0,41349098.0,0,1,0,5,4,0.0
138078,2009,20076,5000.0,43644044.0,0,1,0,5,4,0.0
138078,2010,19391,5000.0,42155198.0,0,1,1,5,4,0.0
138079,2006,8834,500.0,7361302.0,1,1,0,5,1,4999.25
138079,2007,8810,500.0,7727435.0,0,1,0,5,1,0.0
138079,2008,9272,500.0,8133350.0,0,1,0,5,1,0.0
138079,2009,9013,500.0,8666961.0,0,1,1,5,1,0.0
138079,2010,8627,500.0,8375057.0,0,1,1,5,1,0.0
138083,2006,8465,2500.0,16279459.0,0,0,0,5,3,0.0
138083,2007,8622,2500.0,17245726.0,0,0,0,5,3,0.0
138083,2008,9046,2500.0,18091556.0,1,0,1,5,3,5345.54
138083,2009,8540,2500.0,19408802.0,2,0,0,5,3,8907.8
138083,2010,8505,2500.0,18898355.0,0,0,0,5,3,0.0
138084,2006,16680,2500.0,27800375.0,0,1,0,5,4,0.0
138084,2007,19121,2500.0,31867936.0,0,1,0,5,4,0.0
138084,2008,20158,2500.0,33596442.0,0,1,1,5,4,0.0
138084,2009,18670,2500.0,35904169.0,1,1,1,5,4,57803.0
138084,2010,18020,2500.0,34655415.0,0,1,0,5,4,0.0
138089,2006,17844,5000.0,40554132.0,0,1,0,5,4,0.0
138089,2007,18814,5000.0,42758784.0,0,1,0,5,4,0.0
138089,2008,18026,5000.0,45064569.0,0,1,1,5,4,0.0
138089,2009,16804,5000.0,48011907.0,0,1,1,5,4,0.0
138089,2010,16399,5000.0,46855540.0,0,1,1,5,4,0.0
138092,2006,7291,500.0,14021604.0,0,0,0,5,3,0.0
138092,2007,7537,500.0,14780113.0,0,0,0,5,3,0.0
138092,2008,7914,500.0,15515375.0,0,0,1,5,4,0.0
138092,2009,7678,500.0,16692069.0,0,0,1,5,4,0.0
138092,2010,7605,500.0,16181196.0,0,0,1,5,4,0.0
138093,2006,12788,5000.0,23250993.0,0,1,0,5,4,0.0
138093,2007,13188,5000.0,24422054.0,0,1,0,5,4,0.0
138093,2008,13905,5000.0,25749180.0,1,1,1,5,4,23191.34
138093,2009,12595,5000.0,27379782.0,1,1,0,5,4,30779.1
138093,2010,12704,5000.0,26465394.0,0,1,0,5,4,0.0
138094,2006,87651,25000.0,337116681.0,3,1,0,5,4,656.6
138094,2007,63768,50000.0,354265065.0,3,1,0,5,4,7670.23
138094,2008,59715,50000.0,373221618.0,0,1,0,5,4,0.0
138094,2009,51516,50000.0,396273250.0,0,1,0,5,4,0.0
138094,2010,53530,50000.0,382358360.0,0,1,1,5,4,0.0
138096,2006,45237,2500.0,90473948.0,1,0,0,5,4,13969.5
138096,2007,48627,2500.0,95347433.0,0,0,0,5,4,0.0
138096,2008,48104,2500.0,100217544.0,1,0,0,5,4,54655.0
138096,2009,43077,2500.0,107693867.0,0,0,0,5,4,0.0
138096,2010,41927,2500.0,104815814.0,0,0,0,5,4,0.0
138098,2006,8199,500.0,16076123.0,0,1,0,5,3,0.0
138098,2007,9153,500.0,16947857.0,1,1,0,5,3,1312.11
138098,2008,9603,500.0,17782653.0,1,1,0,5,3,1228.36
138098,2009,9359,500.0,19097925.0,0,1,0,5,3,0.0
138098,2010,9271,500.0,18541464.0,1,1,0,5,3,1009.0
138099,2006,32914,5000.0,47019358.0,0,0,0,5,1,0.0
138099,2007,32043,5000.0,50067709.0,0,0,0,5,1,0.0
138099,2008,32195,5000.0,52777812.0,1,0,1,5,1,98610.0
138099,2009,34349,5000.0,56311463.0,0,0,0,5,4,0.0
138099,2010,28259,5000.0,54344906.0,0,0,0,5,4,0.0
138100,2006,15115,5000.0,19888018.0,0,0,0,5,3,0.0
138100,2007,13568,5000.0,21199468.0,0,0,0,5,3,0.0
138100,2008,13628,5000.0,22340721.0,0,0,1,5,3,0.0
138100,2009,13791,5000.0,23778297.0,0,0,1,5,3,0.0
138100,2010,11492,5000.0,22983431.0,0,0,1,5,3,0.0
138102,2006,22522,5000.0,43312747.0,0,1,0,5,2,0.0
138102,2007,23650,5000.0,45480579.0,0,1,0,5,2,0.0
138102,2008,24953,5000.0,47986474.0,0,1,1,5,2,0.0
138102,2009,23211,5000.0,51579445.0,0,1,1,5,2,0.0
138102,2010,26099,5000.0,55530814.0,0,1,1,5,4,0.0
138103,2006,2759,2500.0,4310801.0,0,0,0,5,3,0.0
138103,2007,2953,2500.0,4542057.0,0,0,0,5,3,0.0
138103,2008,3001,2500.0,4762961.0,0,0,1,5,3,0.0
138103,2009,2762,2500.0,5114044.0,0,0,1,5,3,0.0
138103,2010,3675,2500.0,6562515.0,0,0,1,5,3,0.0
138104,2006,77726,2500.0,119577095.0,1,1,0,5,1,20515.64
138104,2007,54051,2500.0,128691034.0,0,1,0,5,1,0.0
138104,2008,75921,2500.0,135574992.0,0,1,0,5,1,0.0
138104,2009,79660,2500.0,142250977.0,0,1,1,5,1,0.0
138104,2010,71715,2500.0,152586326.0,0,1,1,5,4,0.0
138105,2006,5952,500.0,12937633.0,1,1,0,5,4,1742.29
138105,2007,6471,500.0,13766719.0,1,1,0,5,4,5158.54
138105,2008,6789,500.0,14444334.0,0,1,0,5,4,0.0
138105,2009,6668,500.0,15508661.0,0,1,0,5,4,0.0
138105,2010,6474,500.0,15055296.0,0,1,1,5,4,0.0
138108,2006,34930,2500.0,74318424.0,0,1,0,5,4,0.0
138108,2007,30450,5000.0,78076286.0,0,1,0,5,4,0.0
138108,2008,32148,5000.0,82431357.0,0,1,1,5,4,0.0
138108,2009,29855,5000.0,87811428.0,2,1,1,5,4,17643.6
138108,2010,27934,5000.0,84647756.0,0,1,0,5,4,0.0
138109,2006,124072,25000.0,477196420.0,208,1,0,5,4,157235.04
138109,2007,120516,25000.0,502153332.0,212,1,0,5,4,172311.65
138109,2008,128232,25000.0,534303596.0,223,1,0,5,4,139815.39
138109,2009,122910,25000.0,585290735.0,263,1,0,5,4,236076.43
138109,2010,124504,25000.0,565930843.0,239,1,0,5,4,223784.65
138110,2006,17370,2500.0,37761688.0,0,1,0,5,2,0.0
138110,2007,18232,2500.0,39636099.0,0,1,0,5,2,0.0
138110,2008,19215,2500.0,41770956.0,0,1,1,5,2,0.0
138114,2006,45512,1000.0,84281372.0,0,1,0,5,4,0.0
138114,2007,45280,1000.0,88785271.0,2,1,0,5,4,2317.0
138114,2008,45812,1000.0,93491716.0,1,1,0,5,4,12141.34
138114,2009,41700,1000.0,99286761.0,0,1,0,5,4,0.0
138114,2010,39085,1000.0,95329970.0,1,1,0,5,4,12180.23
138115,2006,26319,1000.0,52638074.0,0,1,0,5,4,0.0
138115,2007,27650,1000.0,55300025.0,2,1,0,5,4,44148.91
138115,2008,28747,1000.0,58666577.0,0,1,0,5,4,0.0
138115,2009,26102,1000.0,62145992.0,0,1,0,5,4,0.0
138115,2010,23112,2500.0,60820381.0,1,1,1,5,4,35800.0
138116,2006,15142,500.0,21629570.0,0,0,0,5,1,0.0
138116,2007,14193,500.0,22892260.0,1,0,0,5,1,7640.07
138116,2008,15201,500.0,24129890.0,3,0,0,5,1,126060.23
138116,2009,16152,500.0,25637890.0,3,0,0,5,1,9488.34
138116,2010,13841,500.0,24716593.0,2,0,0,5,1,31493.71
138117,2006,39565,1000.0,68214432.0,4,1,0,5,4,15599.33
138117,2007,42234,1000.0,71582911.0,2,1,0,5,4,29839.48
138117,2008,43431,1000.0,76193528.0,3,1,0,5,4,131013.99
138117,2009,39315,1000.0,81907625.0,1,1,0,5,4,33050.0
138117,2010,34818,2500.0,79130090.0,2,1,0,5,4,54686.8
138118,2006,3923,500.0,4219203.0,0,1,0,5,1,0.0
138118,2007,3987,500.0,4429883.0,0,1,0,5,3,0.0
138118,2008,4108,500.0,4668982.0,0,1,1,5,3,0.0
138118,2009,4040,500.0,4987935.0,0,1,1,5,3,0.0
138118,2010,3902,500.0,4817441.0,1,1,1,5,3,1204.94
138120,2006,22043,500.0,31946223.0,0,0,0,5,1,0.0
138120,2007,20600,500.0,34333614.0,0,0,0,5,1,0.0
138120,2008,26163,500.0,44342124.0,0,0,1,5,2,0.0
138120,2009,24103,1000.0,46352306.0,0,0,1,5,2,0.0
138120,2010,20105,1000.0,49037203.0,0,0,1,5,2,0.0
138122,2006,35065,500.0,64935882.0,0,1,0,5,1,0.0
138122,2007,37614,500.0,68390052.0,2,1,0,5,1,21870.94
138122,2008,38892,500.0,73379726.0,0,1,0,5,1,0.0
138122,2009,36163,500.0,76941869.0,1,1,0,5,1,1903.0
138122,2010,36116,500.0,73705614.0,0,1,0,5,3,0.0
138124,2006,177855,1000.0,362969062.0,7,1,0,5,4,55590.7
138124,2007,208373,1000.0,378861791.0,6,1,0,5,4,6069.92
138124,2008,203651,1000.0,399316353.0,7,1,0,5,4,11208.02
138124,2009,195896,1000.0,425862141.0,5,1,0,5,4,48381.76
138124,2010,189171,1000.0,411241356.0,6,1,0,5,4,59874.6
138126,2006,32052,25000.0,89030336.0,0,1,0,5,4,0.0
138126,2007,40076,25000.0,117869818.0,0,1,0,5,4,0.0
138126,2008,34711,25000.0,123968323.0,0,1,1,5,4,0.0
138126,2009,32969,25000.0,131877169.0,0,1,1,5,4,0.0
138126,2010,31831,25000.0,127324565.0,0,1,1,5,4,0.0
138128,2006,14812,1000.0,17426450.0,0,0,0,5,2,0.0
138128,2007,12628,1000.0,15401268.0,0,0,0,5,2,0.0
138128,2008,12980,1000.0,16223703.0,0,0,1,5,2,0.0
138128,2009,10495,2500.0,17204973.0,0,0,1,5,2,0.0
138128,2010,10158,2500.0,16653006.0,0,0,1,5,2,0.0
138131,2006,57220,500.0,116775259.0,2,1,0,5,4,510.0
138131,2007,42928,10000.0,122651154.0,1,1,0,5,4,7985.44
138131,2008,48078,10000.0,129938779.0,0,1,0,5,4,0.0
138131,2009,49882,10000.0,138560806.0,0,1,0,5,4,0.0
138131,2010,51851,10000.0,144030984.0,1,1,1,5,4,104275.35
138133,2006,4254,500.0,8681638.0,0,0,0,5,1,0.0
138133,2007,4118,500.0,9150920.0,0,0,0,5,1,0.0
138133,2008,6933,500.0,15407887.0,0,0,1,5,1,0.0
138133,2009,6632,500.0,16579027.0,0,0,1,5,1,0.0
138133,2010,6266,500.0,16066904.0,0,0,1,5,1,0.0
138134,2006,28312,500.0,56624136.0,0,1,0,5,2,0.0
138134,2007,26196,1000.0,59537968.0,0,1,0,5,2,0.0
138134,2008,32850,1000.0,64410348.0,1,1,1,5,3,12956.71
138134,2009,32084,1000.0,68263870.0,0,1,0,5,3,0.0
138134,2010,31529,1000.0,65686367.0,0,1,0,5,3,0.0
138136,2006,37078,5000.0,77244090.0,0,1,0,5,4,0.0
138136,2007,51566,5000.0,109714163.0,0,1,0,5,4,0.0
138136,2008,53158,5000.0,113102239.0,0,1,1,5,4,0.0
138136,2009,48027,5000.0,120067767.0,0,1,1,5,4,0.0
138136,2010,45205,5000.0,115911040.0,0,1,1,5,4,0.0
138137,2006,108715,1000.0,278754811.0,4,1,0,5,1,37660.98
138137,2007,114351,1000.0,293205240.0,0,1,0,5,1,0.0
138139,2006,32176,15000.0,119169911.0,0,1,0,5,4,0.0
138139,2007,33628,15000.0,124548006.0,4,1,0,5,4,5000.0
138139,2008,31629,15000.0,131783652.0,0,1,0,5,4,0.0
138139,2009,29424,15000.0,140110865.0,0,1,0,5,4,0.0
138139,2010,28186,15000.0,134220431.0,1,1,1,5,4,270806.72
138140,2006,5950,500.0,13221679.0,0,1,0,5,1,0.0
138140,2007,6245,500.0,13878650.0,4,1,0,5,1,18363.51
138140,2008,6625,500.0,14721460.0,0,1,0,5,1,0.0
138140,2009,6404,500.0,15621795.0,0,1,0,5,1,0.0
138140,2010,6199,500.0,15120426.0,0,1,1,5,1,0.0
138141,2006,2808,500.0,2420770.0,0,0,0,5,1,0.0
138141,2007,2646,500.0,2519821.0,1,0,0,5,1,24719.01
138141,2008,2696,500.0,2669944.0,1,0,0,5,1,3533.38
138141,2009,2176,500.0,2720478.0,0,0,0,5,3,0.0
138141,2010,2209,500.0,2629653.0,0,0,0,5,3,0.0
138142,2006,25103,1000.0,44039423.0,0,1,0,5,4,0.0
138142,2007,29126,1000.0,46232676.0,1,1,0,5,4,313862.09
138142,2008,31681,1000.0,48739430.0,0,1,0,5,4,0.0
138142,2009,28637,1000.0,52067302.0,0,1,0,5,4,0.0
138142,2010,27456,1000.0,50844171.0,0,1,1,5,4,0.0
138143,2006,84071,2500.0,168141416.0,5,1,0,5,3,29322.92
138143,2007,88279,2500.0,176558056.0,1,1,0,5,3,32501.24
138143,2008,93071,2500.0,186141964.0,1,1,0,5,3,22386.0
138143,2009,83503,2500.0,198815673.0,2,1,0,5,3,3182.0
138143,2010,82641,2500.0,192187611.0,1,1,0,5,2,16960.0
138144,2006,28517,500.0,34777373.0,2,1,0,5,4,70069.29
138144,2007,52373,500.0,73765204.0,3,1,0,5,4,746955.0
138144,2008,42034,500.0,77839791.0,2,1,0,5,4,9330.15
138144,2009,26225,2500.0,81953128.0,0,1,0,5,4,0.0
138144,2010,29301,2500.0,79194064.0,0,1,0,5,4,0.0
138145,2006,15707,500.0,33418995.0,3,1,0,5,1,6045.98
138145,2007,16260,500.0,35347208.0,0,1,0,5,1,0.0
138145,2008,17201,500.0,37394995.0,3,1,0,5,1,8878.44
138145,2009,13539,1000.0,39821065.0,1,1,0,5,4,1640.54
138145,2010,12849,1000.0,37788589.0,3,1,0,5,4,198205.67
138146,2006,12627,500.0,19728949.0,1,1,0,5,1,1066.0
138146,2007,13876,500.0,20708860.0,1,1,0,5,1,7522.63
138146,2008,14620,500.0,21819838.0,1,1,0,5,1,5144.33
138146,2009,16534,500.0,27104625.0,0,1,0,5,3,0.0
138146,2010,24293,500.0,39825787.0,0,1,0,5,3,0.0
138147,2006,18611,1000.0,27368794.0,0,1,0,5,4,0.0
138147,2007,19536,1000.0,28728441.0,0,1,0,5,4,0.0
138147,2008,16045,5000.0,30273905.0,0,1,1,5,4,0.0
138147,2009,14147,5000.0,32151588.0,0,1,1,5,4,0.0
138147,2010,14358,5000.0,31213196.0,0,1,1,5,4,0.0
138149,2006,79098,50000.0,439439769.0,0,1,0,5,4,0.0
138149,2007,88080,50000.0,463576873.0,0,1,0,5,4,0.0
138149,2008,83052,50000.0,488542026.0,0,1,1,5,4,0.0
138149,2009,72639,50000.0,518855249.0,0,1,1,5,4,0.0
138149,2010,69500,50000.0,496436675.0,0,1,1,5,4,0.0
138150,2006,5824,2500.0,14203814.0,0,1,0,5,1,0.0
138150,2007,6446,2500.0,14990486.0,0,1,0,5,1,0.0
138150,2008,6781,2500.0,15770094.0,0,1,1,5,1,0.0
138150,2009,6286,2500.0,16989325.0,0,1,1,5,1,0.0
138150,2010,5923,2500.0,16452280.0,0,1,1,5,1,0.0
138151,2006,27866,500.0,59290603.0,0,1,0,5,4,0.0
138151,2007,28014,500.0,62255171.0,2,1,0,5,4,33870.1
138151,2008,32247,500.0,71663187.0,3,1,0,5,4,6008.54
138151,2009,26667,1000.0,76187806.0,2,1,0,5,4,7981.59
138151,2010,26434,1000.0,73428250.0,3,1,0,5,4,3515.48
138152,2006,11191,1000.0,19984161.0,0,0,0,5,4,0.0
138152,2007,12009,1000.0,21066053.0,0,0,0,5,4,0.0
138152,2008,12169,1000.0,22125004.0,0,0,1,5,4,0.0
138152,2009,11189,1000.0,23806659.0,1,0,1,5,3,5372.0
138152,2010,10864,1000.0,23115290.0,0,0,0,5,3,0.0
138155,2006,18896,2500.0,36339497.0,0,1,0,5,2,0.0
138155,2007,16796,2500.0,39059254.0,0,1,0,5,2,0.0
138155,2008,18094,2500.0,41122081.0,0,1,1,5,2,0.0
138155,2009,18976,2500.0,43127075.0,3,1,1,5,2,12319.17
138155,2010,17526,2500.0,46121951.0,1,1,0,5,4,129639.4
138156,2006,102487,5000.0,341622377.0,10,1,0,5,4,61295.17
138156,2007,102411,5000.0,365752223.0,7,1,0,5,4,76062.88
138156,2008,119471,5000.0,385390208.0,4,1,0,5,4,34673.79
138156,2009,114678,5000.0,409565342.0,4,1,0,5,4,155509.83
138156,2010,106662,5000.0,395043745.0,14,1,0,5,4,476034.86
138157,2007,24692,1000.0,21660015.0,0,1,0,5,1,0.0
138158,2006,51435,5000.0,135355949.0,0,1,0,5,1,0.0
138158,2007,55419,5000.0,142098821.0,0,1,0,5,1,0.0
138158,2008,56953,5000.0,149875650.0,0,1,1,5,1,0.0
138158,2009,51139,5000.0,159809569.0,0,1,1,5,1,0.0
138158,2010,50946,5000.0,154380979.0,11,1,1,5,4,54151.46
138159,2006,15972,2500.0,25353150.0,1,0,0,5,4,900.0
138159,2007,16768,2500.0,26615604.0,0,0,0,5,4,0.0
138159,2008,17946,2500.0,28485536.0,0,0,0,5,4,0.0
138159,2009,16339,2500.0,30257941.0,0,0,1,5,4,0.0
138159,2010,15515,2500.0,29275363.0,0,0,1,5,4,0.0
138162,2006,7562,500.0,14267150.0,0,1,0,5,3,0.0
138162,2007,8237,500.0,14976117.0,1,1,0,5,3,8245.94
138162,2008,8681,500.0,15784748.0,2,1,0,5,4,929.92
138162,2009,7239,1000.0,16835275.0,0,1,0,5,4,0.0
138162,2010,7155,1000.0,16262264.0,0,1,0,5,4,0.0
138163,2006,31607,5000.0,65847402.0,0,1,0,5,4,0.0
138163,2007,31878,5000.0,69298607.0,0,1,0,5,4,0.0
138163,2008,34996,5000.0,72907850.0,0,1,1,5,4,0.0
138163,2009,32391,5000.0,77123206.0,1,1,1,5,4,4798.0
138163,2010,30985,5000.0,73773127.0,0,1,0,5,4,0.0
138164,2006,7926,1000.0,18873750.0,1,1,0,5,1,68062.18
138164,2007,7527,2500.0,19810259.0,0,1,0,5,1,0.0
138164,2008,7725,2500.0,20879698.0,0,1,0,5,1,0.0
138164,2009,7343,2500.0,22250686.0,0,1,1,5,2,0.0
138164,2010,7092,2500.0,21489671.0,0,1,1,5,2,0.0
138165,2006,41871,10000.0,113163151.0,0,1,0,5,4,0.0
138165,2007,41870,10000.0,113163151.0,1,1,0,5,4,31981.32
138165,2008,47161,10000.0,134745378.0,1,1,0,5,4,1087.5
138165,2009,41850,10000.0,144308641.0,0,1,0,5,4,0.0
138165,2010,43221,10000.0,139419843.0,0,1,0,5,4,0.0
138166,2006,13268,2500.0,26014722.0,0,1,0,5,2,0.0
138166,2007,14847,2500.0,29693582.0,0,1,0,5,2,0.0
138166,2008,34595,2500.0,66528352.0,0,1,1,5,2,0.0
138166,2009,43913,2500.0,70828650.0,0,1,1,5,2,0.0
138166,2010,42470,2500.0,68498693.0,0,1,1,5,2,0.0
138167,2006,15047,2500.0,23511269.0,0,0,0,5,4,0.0
138167,2007,15609,2500.0,24775128.0,0,0,0,5,4,0.0
138167,2008,16453,2500.0,26115324.0,0,0,1,5,4,0.0
138167,2009,15094,2500.0,27950644.0,1,0,1,5,4,6560.8
138167,2010,14613,2500.0,27059143.0,0,0,0,5,4,0.0
138169,2006,18877,5000.0,39326956.0,0,1,0,5,1,0.0
138169,2007,20229,5000.0,41282882.0,1,1,0,5,1,30369.98
138169,2008,21318,5000.0,43505980.0,0,1,0,5,1,0.0
138169,2009,19465,5000.0,46344918.0,1,1,0,5,1,82758.42
138169,2010,18813,5000.0,44791704.0,0,1,0,5,3,0.0
138170,2006,47209,500.0,60524510.0,3,1,0,5,4,7269.89
138170,2007,47919,500.0,63891627.0,0,1,0,5,4,0.0
138170,2008,50465,500.0,67286671.0,1,1,0,5,4,1344.95
138170,2009,48591,500.0,72524004.0,1,1,0,5,4,2719.96
138170,2010,46195,500.0,69992727.0,3,1,0,5,4,11925.3
138172,2006,14510,500.0,13561103.0,0,0,0,5,1,0.0
138172,2007,14003,500.0,14435402.0,0,0,0,5,1,0.0
138172,2008,14166,500.0,15231893.0,0,0,1,5,1,0.0
138172,2009,14156,500.0,15221393.0,0,0,1,5,1,0.0
138172,2010,13326,500.0,15678056.0,0,0,1,5,1,0.0
138173,2006,34569,1000.0,50098294.0,3,1,0,5,3,34023.93
138173,2007,36286,1000.0,52587933.0,3,1,0,5,3,32030.65
138173,2008,37147,1000.0,55443116.0,2,1,0,5,3,14458.44
138173,2009,40223,1000.0,71827345.0,0,1,0,5,4,0.0
138173,2010,38864,1000.0,69399473.0,0,1,0,5,4,0.0
138174,2006,12506,10000.0,16675608.0,0,0,0,5,1,0.0
138174,2007,11888,10000.0,17742616.0,0,0,0,5,1,0.0
138174,2008,12340,10000.0,18696422.0,0,0,1,5,1,0.0
138174,2009,13089,10000.0,19831290.0,0,0,1,5,1,0.0
138174,2010,10739,10000.0,19176353.0,0,0,1,5,2,0.0
138175,2006,6404,2500.0,12317151.0,1,0,0,5,4,3898.0
138175,2007,5508,2500.0,13114847.0,0,0,0,5,4,0.0
138175,2008,5942,2500.0,13818519.0,0,0,0,5,4,0.0
138175,2009,6324,2500.0,14705532.0,0,0,1,5,4,0.0
138175,2010,5406,2500.0,14225122.0,1,0,1,5,4,17973.5
138176,2006,5159,500.0,5668608.0,0,1,0,5,1,0.0
138176,2007,5257,500.0,5974534.0,0,1,0,5,1,0.0
138176,2008,5393,500.0,6271248.0,0,1,1,5,4,0.0
138176,2009,5258,500.0,6742496.0,0,1,1,5,4,0.0
138176,2010,5108,500.0,6549795.0,0,1,1,5,4,0.0
138177,2006,1971,500.0,4694315.0,0,1,0,5,1,0.0
138177,2007,2259,500.0,4909052.0,0,1,0,5,1,0.0
138177,2008,2387,500.0,5191092.0,0,1,1,5,1,0.0
138177,2009,3664,1000.0,5469751.0,0,1,1,5,1,0.0
138177,2010,3589,1000.0,5436654.0,0,1,1,5,1,0.0
138178,2006,2842,500.0,3023762.0,0,1,0,5,4,0.0
138178,2007,2777,500.0,3155599.0,0,1,0,5,4,0.0
138178,2008,2640,1000.0,3340489.0,0,1,1,5,4,0.0
138178,2009,2332,1000.0,3429863.0,0,1,1,5,4,0.0
138178,2010,2302,1000.0,3336385.0,0,1,1,5,4,0.0
138183,2006,27559,1000.0,47516215.0,0,1,0,5,4,0.0
138183,2007,24939,5000.0,49877212.0,1,1,0,5,4,8715.42
138183,2008,26314,5000.0,52628261.0,0,1,0,5,4,0.0
138183,2009,24652,5000.0,56028462.0,0,1,0,5,4,0.0
138183,2010,21158,10000.0,54250495.0,0,1,1,5,4,0.0
138186,2006,10791,2500.0,17128740.0,0,1,0,5,3,0.0
138186,2007,11147,2500.0,17979467.0,0,1,0,5,3,0.0
138186,2008,10422,2500.0,18948661.0,0,1,1,5,3,0.0
138186,2009,9693,2500.0,20194084.0,0,1,1,5,3,0.0
138186,2010,9367,2500.0,19515419.0,0,1,1,5,3,0.0
138187,2006,26770,500.0,28178598.0,0,1,0,5,1,0.0
138187,2007,29110,500.0,30967927.0,0,1,0,5,1,0.0
138188,2006,20648,1000.0,46927918.0,0,0,0,5,1,0.0
138188,2007,20697,1000.0,49278459.0,0,0,0,5,1,0.0
138188,2008,21296,1000.0,51942249.0,0,0,1,5,1,0.0
138188,2009,20615,1000.0,58902200.0,0,0,1,5,4,0.0
138188,2010,22141,1000.0,56772881.0,1,0,1,5,4,128664.2
138189,2006,31584,500.0,56401887.0,2,0,0,5,4,4216.56
138189,2007,30195,500.0,59205273.0,2,0,0,5,4,22331.0
138189,2008,33696,500.0,62401956.0,0,0,0,5,4,0.0
138189,2009,37272,500.0,66555450.0,0,0,0,5,4,0.0
138189,2010,38572,500.0,64286078.0,1,0,1,5,4,1600.0
138190,2006,19150,500.0,29922983.0,0,1,0,5,4,0.0
138190,2007,16340,2500.0,31422423.0,3,1,0,5,4,2648.0
138190,2008,17260,2500.0,33192416.0,0,1,0,5,4,0.0
138190,2009,16041,2500.0,35647203.0,1,1,0,5,4,6042.53
138190,2010,15357,2500.0,34126103.0,1,1,0,5,4,6043.83
138192,2006,6179,2500.0,12611359.0,0,0,0,5,1,0.0
138192,2007,7212,2500.0,14139601.0,0,0,0,5,3,0.0
138192,2008,7866,2500.0,14840296.0,0,0,1,5,3,0.0
138192,2009,6999,2500.0,15905992.0,0,0,1,5,3,0.0
138192,2010,7103,2500.0,15442521.0,1,0,1,5,3,5107.5
138193,2006,96446,10000.0,267904250.0,3,1,0,5,1,92917.66
138193,2007,91357,10000.0,285492439.0,1,1,0,5,1,435529.62
138193,2008,93270,10000.0,300869924.0,1,1,0,5,1,18063.37
138193,2009,96212,10000.0,320705533.0,0,1,0,5,1,0.0
138193,2010,99151,10000.0,309845782.0,1,1,0,5,4,1250.0
138295,2006,9995,500.0,9995000.0,0,0,0,5,1,0.0
138295,2007,13340,500.0,13896500.0,1,0,0,5,4,2705.89
138295,2008,14013,500.0,14446787.0,0,0,0,5,4,0.0
138295,2009,13665,500.0,15528435.0,0,0,0,5,4,0.0
138295,2010,13421,500.0,15079502.0,0,0,1,5,4,0.0
138298,2006,10004,1000.0,18189271.0,0,1,0,5,3,0.0
138298,2007,10886,1000.0,19097561.0,0,1,0,5,3,0.0
138298,2008,11074,1000.0,20134168.0,0,1,1,5,2,0.0
138298,2009,10065,1000.0,21414506.0,0,1,1,5,2,0.0
138298,2010,9422,1000.0,20484043.0,1,1,1,5,2,8365.8
138300,2006,16093,5000.0,53643449.0,0,1,0,5,4,0.0
138300,2007,15204,5000.0,56308544.0,1,1,0,5,4,53098.39
138300,2008,16025,5000.0,59351448.0,1,1,0,5,4,10578.0
138300,2009,15820,5000.0,63280560.0,0,1,0,5,4,0.0
138300,2010,14681,5000.0,61172589.0,1,1,0,5,4,12922217.84
138301,2006,14184,2500.0,33771361.0,0,1,0,5,4,0.0
138301,2007,14888,2500.0,35447664.0,3,1,0,5,4,22019.09
138301,2008,15682,2500.0,37339257.0,0,1,0,5,4,0.0
138301,2009,13917,2500.0,39764113.0,1,1,0,5,4,33933.96
138301,2010,14989,2500.0,38431851.0,2,1,0,5,4,168790.3
138302,2006,17683,1000.0,28519576.0,0,0,0,5,4,0.0
138302,2007,18326,1000.0,30042908.0,0,0,0,5,4,0.0
138302,2008,18577,1000.0,31484871.0,0,0,1,5,4,0.0
138302,2009,17217,1000.0,33759983.0,1,0,1,5,3,4195.0
138302,2010,17072,1000.0,32831072.0,2,0,0,5,3,78445.74
138303,2006,12686,1000.0,27580045.0,0,0,0,5,4,0.0
138303,2007,14248,1000.0,29076389.0,0,0,0,5,4,0.0
138303,2008,14342,1000.0,30513954.0,0,0,1,5,4,0.0
138303,2009,13113,1000.0,32779956.0,0,0,1,5,4,0.0
138303,2010,13066,1000.0,31869349.0,0,0,1,5,4,0.0
138305,2006,7199,500.0,10139228.0,0,1,0,5,4,0.0
138305,2007,7559,500.0,10647108.0,1,1,0,5,4,2452.0
138305,2008,8053,500.0,11341983.0,1,1,0,5,4,1214.4
138305,2009,7552,500.0,11799410.0,0,1,0,5,4,0.0
138305,2010,7519,500.0,11392030.0,0,1,0,5,4,0.0
138307,2006,26423,5000.0,85234695.0,0,1,0,5,4,0.0
138307,2007,26844,5000.0,89480601.0,0,1,0,5,4,0.0
138307,2008,28304,5000.0,94346772.0,0,1,1,5,4,0.0
138307,2009,25228,5000.0,100906713.0,0,1,1,5,4,0.0
138307,2010,24342,5000.0,97366958.0,0,1,1,5,4,0.0
138308,2006,10659,5000.0,21754193.0,0,1,0,5,1,0.0
138308,2007,11661,5000.0,22863104.0,1,1,0,5,1,5419.81
138308,2008,11569,5000.0,24102398.0,0,1,0,5,1,0.0
138309,2006,17176,1000.0,16053212.0,1,1,0,5,1,2159.43
138309,2007,15916,1000.0,17300482.0,2,1,0,5,1,41509.05
138309,2008,16237,1000.0,18243113.0,0,1,0,5,1,0.0
138309,2009,16471,1000.0,19152989.0,0,1,0,5,1,0.0
138309,2010,15072,1000.0,20645883.0,0,1,1,5,2,0.0
138310,2006,23966,10000.0,47931163.0,0,0,0,5,4,0.0
138310,2007,22758,10000.0,51723355.0,0,0,0,5,4,0.0
138310,2008,23437,10000.0,54504515.0,0,0,1,5,4,0.0
138310,2009,24079,10000.0,54723841.0,0,0,1,5,4,0.0
138310,2010,21088,10000.0,58580481.0,0,0,1,5,4,0.0
138311,2006,2024,2500.0,3264145.0,0,1,0,5,1,0.0
138311,2007,2099,2500.0,3440957.0,1,1,0,5,1,31051.11
138311,2008,2205,2500.0,3614138.0,0,1,0,5,1,0.0
138311,2009,2021,2500.0,3886120.0,0,1,0,5,1,0.0
138311,2010,1997,2500.0,3767743.0,1,1,1,5,1,4170.0
138312,2006,8830,500.0,15767330.0,1,1,0,5,1,26582.47
138312,2007,8772,1000.0,16551177.0,1,1,0,5,1,6173.99
138312,2008,8899,1000.0,17448168.0,0,1,0,5,1,0.0
138312,2009,8198,1000.0,18631278.0,0,1,0,5,4,0.0
138312,2010,7911,1000.0,17979408.0,1,1,1,5,4,2775.0
138313,2006,18383,10000.0,19149852.0,0,0,0,5,4,0.0
138313,2007,17506,10000.0,20840144.0,0,0,0,5,4,0.0
138313,2008,16046,10000.0,21980799.0,0,0,1,5,4,0.0
138313,2009,18011,10000.0,22798186.0,1,0,1,5,4,23104.97
138314,2006,10075,5000.0,27229140.0,0,0,0,5,4,0.0
138314,2007,10054,5000.0,28723177.0,0,0,0,5,4,0.0
138314,2008,10547,5000.0,30134359.0,0,0,1,5,4,0.0
138314,2009,9377,5000.0,32332701.0,1,0,1,5,4,30388.38
138314,2010,9756,5000.0,31471327.0,1,0,0,5,4,1279.58
138315,2006,9044,500.0,12057892.0,1,0,0,5,1,1028.46
138315,2007,9239,500.0,12656523.0,1,0,0,5,1,3052.0
138315,2008,9727,500.0,13324361.0,0,0,0,5,1,0.0
138315,2009,9366,500.0,14191152.0,0,0,0,5,1,0.0
138315,2010,9050,500.0,13711976.0,0,0,1,5,2,0.0
138316,2006,20109,25000.0,41039027.0,0,0,0,5,4,0.0
138316,2007,17662,25000.0,43079219.0,0,0,0,5,4,0.0
138316,2008,18638,25000.0,45459816.0,1,0,1,5,4,137378.59
138316,2009,17321,25000.0,48113793.0,0,0,0,5,4,0.0
138316,2010,16724,25000.0,46454290.0,1,0,0,5,4,269628.17
138317,2006,42224,500.0,41397092.0,2,1,0,5,3,5152.2
138317,2007,44033,500.0,45867738.0,1,1,0,5,3,5600.0
138317,2008,46358,500.0,47791864.0,0,1,0,5,3,0.0
138317,2009,44919,500.0,51043501.0,0,1,0,5,3,0.0
138317,2010,33158,2500.0,49489258.0,0,1,1,5,3,0.0
138318,2006,25690,500.0,35680121.0,0,0,0,5,4,0.0
138318,2007,23598,500.0,37457017.0,4,0,0,5,4,106419.93
138318,2008,26455,500.0,39484840.0,0,0,0,5,4,0.0
138318,2009,24009,500.0,42120566.0,4,0,0,5,4,71616.87
138318,2010,24392,500.0,40652609.0,3,0,0,5,4,74095.41
138319,2009,40609,1000.0,50134846.0,1,1,0,5,4,1818.0
138319,2010,40573,500.0,66511774.0,0,1,0,5,4,0.0
138320,2006,16959,5000.0,44628876.0,0,1,0,5,4,0.0
138320,2007,17333,5000.0,46846548.0,0,1,0,5,4,0.0
138320,2008,18964,5000.0,51256314.0,0,1,1,5,4,0.0
138320,2009,20110,5000.0,54351972.0,0,1,1,5,4,0.0
138320,2010,18907,5000.0,52518210.0,1,1,1,5,4,33192.0
138321,2006,50752,2500.0,137167207.0,2,1,0,5,1,325730.0
138321,2007,54362,2500.0,146925887.0,0,1,0,5,1,0.0
138321,2008,62603,2500.0,156507552.0,0,1,0,5,1,0.0
138321,2009,56415,2500.0,165926176.0,0,1,1,5,3,0.0
138321,2010,54441,2500.0,160118377.0,0,1,1,5,3,0.0
138322,2006,27047,25000.0,77274744.0,0,0,0,5,4,0.0
138322,2007,38903,25000.0,117887419.0,0,0,0,5,4,0.0
138322,2008,41925,25000.0,123308885.0,0,0,1,5,4,0.0
138322,2009,44110,25000.0,157535347.0,0,0,1,5,4,0.0
138322,2010,39556,25000.0,152138076.0,2,0,1,5,4,39317.0
138323,2006,47996,1000.0,95991698.0,1,1,0,5,4,2514.08
138323,2007,49374,1000.0,100762924.0,3,1,0,5,4,20321.49
138323,2008,50976,1000.0,106197860.0,3,1,0,5,4,25316.23
138323,2009,45323,1000.0,113304622.0,0,1,0,5,4,0.0
138323,2010,44882,1000.0,109467788.0,4,1,0,5,4,38935.43
138324,2006,8234,2500.0,14970936.0,0,0,0,5,4,0.0
138324,2007,8485,2500.0,15711184.0,0,0,0,5,4,0.0
138324,2008,8940,2500.0,16555382.0,0,0,1,5,4,0.0
138324,2009,8102,2500.0,17612643.0,0,0,1,5,4,0.0
138324,2010,7832,2500.0,17025623.0,1,0,1,5,4,7285.5
138325,2006,7553,500.0,15105590.0,0,0,0,5,1,0.0
138325,2007,6994,500.0,15896524.0,0,0,0,5,1,0.0
138325,2008,10560,500.0,16761763.0,1,0,1,5,1,22665.33
138325,2009,9561,500.0,17384295.0,0,0,0,5,4,0.0
138326,2006,15777,5000.0,22865345.0,0,1,0,5,1,0.0
138326,2007,23643,5000.0,32387861.0,0,1,0,5,3,0.0
138326,2008,24500,5000.0,34028563.0,0,1,1,5,3,0.0
138326,2009,22673,5000.0,36570065.0,0,1,1,5,3,0.0
138326,2010,21461,5000.0,35181394.0,0,1,1,5,3,0.0
138327,2006,22535,25000.0,97977612.0,0,1,0,5,4,0.0
138327,2007,22720,25000.0,103270542.0,0,1,0,5,4,0.0
138327,2008,23854,25000.0,108430694.0,1,1,1,5,4,127075.2
138327,2009,22107,25000.0,116357848.0,0,1,0,5,4,0.0
138327,2010,21514,25000.0,113233746.0,0,1,0,5,4,0.0
138330,2006,10959,5000.0,14809354.0,0,0,0,5,1,0.0
138330,2007,9671,10000.0,15853867.0,0,0,0,5,1,0.0
138330,2008,10104,10000.0,16563049.0,0,0,1,5,1,0.0
138330,2009,9221,10000.0,17397370.0,0,0,1,5,1,0.0
138330,2010,9107,10000.0,16864955.0,0,0,1,5,1,0.0
138331,2006,7090,500.0,7090072.0,0,1,0,5,1,0.0
138331,2007,7143,500.0,7440944.0,1,1,0,5,1,3312.0
138331,2008,6089,500.0,7908154.0,0,1,0,5,1,0.0
138331,2009,5876,500.0,8515628.0,0,1,0,5,1,0.0
138331,2010,5681,500.0,8233656.0,0,1,1,5,4,0.0
138332,2006,8363,5000.0,17792262.0,0,0,0,5,4,0.0
138332,2007,8626,5000.0,18753308.0,0,0,0,5,4,0.0
138332,2008,9055,5000.0,19685168.0,0,0,1,5,4,0.0
138333,2006,15879,5000.0,28355531.0,0,0,0,5,4,0.0
138333,2007,13990,5000.0,29766412.0,0,0,0,5,4,0.0
138333,2008,14428,5000.0,31362602.0,0,0,1,5,4,0.0
138333,2009,13348,5000.0,33368810.0,0,0,1,5,4,0.0
138333,2010,12953,5000.0,32382651.0,1,0,1,5,4,2000.0
138334,2006,23412,500.0,26604234.0,0,1,0,5,4,0.0
138334,2007,17553,2500.0,27862663.0,0,1,0,5,4,0.0
138334,2008,18530,2500.0,29411988.0,0,1,1,5,4,0.0
138334,2009,16427,2500.0,30993791.0,0,1,1,5,4,0.0
138334,2010,15867,2500.0,29937939.0,1,1,1,5,4,5164.86
138335,2006,40320,1000.0,96001458.0,1,1,0,5,4,8164.92
138335,2007,44336,1000.0,100764136.0,3,1,0,5,4,2079.0
138335,2008,39297,2500.0,106208408.0,3,1,0,5,4,43562.0
138335,2009,37403,2500.0,113344181.0,1,1,0,5,4,6306.05
138335,2010,36138,2500.0,109507859.0,1,1,0,5,4,1000.0
138337,2006,35173,10000.0,103451057.0,0,1,0,5,4,0.0
138337,2007,36923,10000.0,108596068.0,0,1,0,5,4,0.0
138337,2008,38918,10000.0,114462570.0,0,1,1,5,4,0.0
138337,2009,39597,10000.0,146655122.0,0,1,1,5,4,0.0
138337,2010,45326,10000.0,141643498.0,0,1,1,5,4,0.0
138338,2006,47934,2500.0,106519875.0,2,0,0,5,4,4035.0
138338,2007,45904,2500.0,111961100.0,1,0,0,5,4,484887.29
138338,2008,52846,2500.0,117435218.0,0,0,0,5,4,0.0
138338,2009,49861,2500.0,124652899.0,1,0,0,5,4,46591.65
138338,2010,45666,2500.0,120171270.0,0,0,0,5,4,0.0
138341,2006,11653,2500.0,18208847.0,0,0,0,5,4,0.0
138341,2007,12091,2500.0,19191599.0,0,0,0,5,4,0.0
138341,2008,12286,2500.0,20141560.0,0,0,1,5,4,0.0
138341,2009,11005,2500.0,21162468.0,0,0,1,5,4,0.0
138341,2010,10666,2500.0,20513399.0,0,0,1,5,4,0.0
138342,2006,42188,5000.0,76705271.0,0,1,0,5,4,0.0
138342,2007,36331,5000.0,77299068.0,1,1,0,5,4,11269.0
138342,2008,35042,5000.0,81491471.0,0,1,0,5,4,0.0
138342,2009,34253,5000.0,85633064.0,3,1,0,5,4,6935.86
138342,2010,31205,5000.0,91779486.0,7,1,0,5,4,49007.57
138343,2006,19816,2500.0,45036157.0,0,1,0,5,4,0.0
138343,2007,18441,2500.0,48529668.0,0,1,0,5,4,0.0
138344,2006,23086,25000.0,67896775.0,0,1,0,5,4,0.0
138344,2007,22698,25000.0,73217182.0,0,1,0,5,4,0.0
138344,2008,30152,25000.0,97262215.0,0,1,1,5,4,0.0
138344,2009,29589,25000.0,102029313.0,0,1,1,5,4,0.0
138344,2010,24127,25000.0,109671795.0,0,1,1,5,4,0.0
138345,2006,23946,2500.0,30698900.0,0,1,0,5,4,0.0
138345,2007,27734,500.0,31878194.0,0,1,0,5,4,0.0
138345,2008,21356,2500.0,32856028.0,0,1,1,5,4,0.0
138345,2009,22661,2500.0,34862968.0,0,1,1,5,4,0.0
138345,2010,18200,2500.0,33092147.0,0,1,1,5,4,0.0
138346,2006,68792,15000.0,214978998.0,0,1,0,5,4,0.0
138346,2007,76726,15000.0,225666144.0,0,1,0,5,4,0.0
138346,2008,80873,15000.0,237861592.0,0,1,1,5,4,0.0
138346,2009,65598,15000.0,252302639.0,0,1,1,5,4,0.0
138346,2010,58456,15000.0,243565242.0,0,1,1,5,4,0.0
138347,2006,37640,5000.0,87533856.0,3,1,0,5,4,12800.0
138347,2007,34110,5000.0,81212682.0,4,1,0,5,4,42023.59
138347,2008,35092,5000.0,85589364.0,0,1,0,5,4,0.0
138347,2009,32924,5000.0,91457459.0,0,1,0,5,4,0.0
138347,2010,31952,5000.0,91294362.0,0,1,1,5,4,0.0
138348,2006,27113,5000.0,44447557.0,0,1,0,5,1,0.0
138348,2007,28106,5000.0,46843304.0,0,1,0,5,1,0.0
138348,2008,29498,5000.0,49162858.0,0,1,1,5,1,0.0
138348,2009,26626,5000.0,52207046.0,1,1,1,5,1,27183.0
138348,2010,24874,5000.0,50762980.0,1,1,0,5,1,11305.23
138349,2006,31182,1000.0,35841640.0,0,1,0,5,1,0.0
138349,2007,31736,1000.0,37781138.0,0,1,0,5,4,0.0
138349,2008,32138,1000.0,39677156.0,0,1,1,5,4,0.0
138350,2006,45200,5000.0,112999859.0,1,1,0,5,4,9173.0
138350,2007,47655,5000.0,119138458.0,3,1,0,5,4,38761.94
138350,2008,50048,5000.0,125120632.0,0,1,0,5,4,0.0
138350,2009,47057,5000.0,134448917.0,1,1,0,5,4,85366.01
138350,2010,44218,5000.0,130050100.0,1,1,0,5,4,217265.45
138351,2006,17082,1000.0,18566411.0,0,1,0,5,1,0.0
138352,2006,23223,5000.0,48380858.0,0,1,0,5,2,0.0
138352,2007,15873,5000.0,63489307.0,0,1,0,5,2,0.0
138352,2008,27426,5000.0,66893327.0,0,1,1,5,2,0.0
138352,2009,24360,5000.0,71649404.0,0,1,1,5,2,0.0
138352,2010,23525,5000.0,69193547.0,2,1,1,5,2,19799.45
138353,2006,20621,1000.0,27495500.0,1,1,0,5,1,23812.58
138353,2007,23778,500.0,35488533.0,0,1,0,5,1,0.0
138353,2008,21421,1000.0,36307801.0,0,1,0,5,2,0.0
138353,2009,19066,1000.0,38911211.0,2,1,1,5,2,13315.29
138353,2010,18915,1000.0,37827936.0,1,1,0,5,2,7098.0
138354,2006,11952,1000.0,12991558.0,1,1,0,5,1,29614.35
138354,2007,12003,500.0,15192514.0,0,1,0,5,1,0.0
138354,2008,11413,1000.0,15851239.0,0,1,0,5,4,0.0
138354,2009,10563,1000.0,17036773.0,0,1,1,5,4,0.0
138354,2010,10405,1000.0,16515796.0,0,1,1,5,4,0.0
138355,2006,61630,5000.0,106258809.0,1,1,0,5,1,16895.0
138357,2007,4524,5000.0,11033283.0,0,1,0,5,4,0.0
138357,2008,4694,5000.0,11446862.0,1,1,0,5,4,2186.0
138357,2009,4255,5000.0,11820883.0,0,1,0,5,4,0.0
138357,2010,3990,5000.0,11400015.0,0,1,0,5,4,0.0
138358,2009,7366,1000.0,20459113.0,0,1,0,5,4,0.0
138358,2010,8550,1000.0,23108414.0,0,1,0,5,4,0.0
138359,2009,13661,1000.0,16864263.0,1,1,0,5,4,5198.01
138359,2010,17721,500.0,14767444.0,1,1,0,5,4,19983.68
138360,2009,11146,1000.0,24769091.0,1,0,0,5,4,2721.78
138360,2010,11653,1000.0,24276715.0,0,0,0,5,4,0.0
138361,2009,7981,5000.0,18563248.0,0,0,0,5,1,0.0
138361,2010,10263,5000.0,21835875.0,0,0,0,5,1,0.0
140030,2006,5387,500.0,6413598.0,0,1,0,2,1,0.0
140030,2007,5106,500.0,6807596.0,0,1,0,2,1,0.0
140030,2008,5307,500.0,7370616.0,0,1,1,2,1,0.0
140030,2009,5152,500.0,7690988.0,0,1,1,2,1,0.0
140030,2010,4494,500.0,7367158.0,1,1,1,2,1,8418.0
140040,2006,8363,1000.0,15205350.0,1,1,0,2,4,5859.81
140040,2007,9091,1000.0,15949790.0,0,1,0,2,4,0.0
140040,2008,9215,1000.0,16755652.0,2,1,0,2,4,9984.89
140040,2009,8820,1000.0,17641005.0,2,1,0,2,4,9835.0
140040,2010,9440,1000.0,17810800.0,0,1,0,2,4,0.0
140045,2006,29545,1000.0,42207660.0,0,0,0,2,4,0.0
140045,2007,26632,1000.0,42272081.0,1,0,0,2,4,19895.7
140045,2008,27027,1000.0,45809681.0,0,0,0,2,4,0.0
140045,2009,26797,1000.0,48721253.0,0,0,0,2,4,0.0
140045,2010,24106,1000.0,51289294.0,0,0,1,2,4,0.0
140050,2006,20643,10000.0,43005274.0,0,1,0,2,4,0.0
140050,2007,19126,10000.0,46648940.0,0,1,0,2,4,0.0
140050,2008,19613,10000.0,49034214.0,0,1,1,2,4,0.0
140050,2009,22423,10000.0,56057563.0,2,1,1,2,4,98844.59
140050,2010,21691,10000.0,60251328.0,3,1,0,2,4,3621.6
140052,2006,7093,1000.0,11082659.0,1,0,0,2,1,15899.74
140052,2007,7116,1000.0,11665972.0,0,0,0,2,1,0.0
140052,2008,7198,1000.0,12199895.0,0,0,0,2,1,0.0
140052,2009,6633,1000.0,12757513.0,0,0,1,2,3,0.0
140052,2010,6761,1000.0,12519854.0,1,0,1,2,3,3773.94
140055,2006,31172,500.0,46525351.0,1,1,0,2,4,2058.16
140055,2007,41024,500.0,67252530.0,5,1,0,2,4,47421.46
140055,2008,49501,500.0,73882315.0,10,1,0,2,4,39904.97
140055,2009,48563,500.0,70380872.0,0,1,0,2,4,0.0
140060,2006,18689,500.0,24271718.0,2,0,0,2,4,22829.78
140060,2007,18826,500.0,27284506.0,0,0,0,2,4,0.0
140060,2008,19139,500.0,28565724.0,1,0,0,2,4,3882.0
140060,2009,18841,500.0,29906493.0,0,0,0,2,4,0.0
140060,2010,17647,500.0,31511032.0,0,0,0,2,4,0.0
140072,2006,21462,500.0,27516259.0,1,1,0,2,1,1326.0
140072,2007,22476,500.0,29967636.0,4,1,0,2,1,56651.66
140072,2008,22115,500.0,29885523.0,7,1,0,2,2,23306.34
140072,2009,23101,1000.0,39154786.0,9,1,0,2,4,5123.51
140072,2010,27239,1000.0,40654874.0,3,1,0,2,4,11463.92
140073,2006,107651,1000.0,158310074.0,9,1,0,2,4,16639.13
140073,2007,103183,1000.0,171972283.0,8,1,0,2,4,48137.36
140073,2008,98854,1000.0,179734301.0,12,1,0,2,4,32029.56
140073,2009,110866,1000.0,209180903.0,9,1,0,2,4,56672.76
140073,2010,87651,1000.0,199204751.0,10,1,0,2,4,31760.23
140074,2006,13338,1000.0,16672044.0,0,0,0,2,4,0.0
140074,2007,12280,1000.0,17797305.0,0,0,0,2,4,0.0
140074,2008,12915,1000.0,18717208.0,0,0,1,2,4,0.0
140074,2009,12524,1000.0,19569406.0,1,0,1,2,4,44008.49
140074,2010,11565,1000.0,20653410.0,0,0,0,2,4,0.0
140077,2006,19240,500.0,32608244.0,0,1,0,2,1,0.0
140077,2007,15788,2500.0,34320770.0,1,1,0,2,1,6619.56
140077,2008,16549,2500.0,35973419.0,0,1,0,2,1,0.0
140077,2009,16172,2500.0,37609959.0,1,1,0,2,2,6584.48
140077,2010,16979,2500.0,36912781.0,0,1,0,2,2,0.0
140078,2006,12964,1000.0,18005950.0,0,1,0,2,1,0.0
140078,2007,12033,1000.0,19101523.0,0,1,0,2,1,0.0
140078,2008,13107,1000.0,21487183.0,1,1,1,2,1,1836.64
140078,2009,13047,1000.0,22112639.0,0,1,0,2,1,0.0
140078,2010,13989,1000.0,26395182.0,0,1,0,2,4,0.0
140080,2006,51188,25000.0,155115984.0,8,0,0,2,4,50136.19
140080,2007,51991,25000.0,157547120.0,26,0,0,2,4,39727.29
140080,2008,47817,25000.0,164883962.0,9,0,0,2,4,17991.21
140080,2009,43665,25000.0,174658869.0,10,0,0,2,4,72492.41
140080,2010,47291,25000.0,175151909.0,16,0,0,2,4,39924.29
140082,2006,1378,500.0,1583576.0,0,1,0,2,1,0.0
140082,2007,1329,500.0,1682988.0,1,1,0,2,1,1236.27
140082,2008,1377,500.0,1764602.0,0,1,0,2,1,0.0
140082,2009,1445,500.0,1852192.0,0,1,0,2,1,0.0
140082,2010,1229,500.0,1780703.0,0,1,1,2,1,0.0
140084,2006,19247,10000.0,38493298.0,2,1,0,2,4,38645.2
140084,2007,18974,10000.0,41248965.0,4,1,0,2,4,535.4
140084,2008,18693,10000.0,43473188.0,1,1,0,2,4,4245.68
140084,2009,17290,10000.0,45500030.0,0,1,0,2,4,0.0
140084,2010,16286,10000.0,47899321.0,1,1,0,2,4,1800.0
140091,2006,17012,1000.0,23959900.0,2,1,0,2,4,2047.67
140091,2007,13479,2500.0,25431684.0,0,1,0,2,4,0.0
140091,2008,13384,2500.0,26766289.0,1,1,0,2,4,4366.41
140091,2009,16087,1000.0,27736003.0,0,1,0,2,4,0.0
140091,2010,14381,1000.0,29348291.0,1,1,0,2,4,5287.3
140098,2006,8583,500.0,11002634.0,0,1,0,2,1,0.0
140098,2007,8489,500.0,11790416.0,0,1,0,2,1,0.0
140098,2008,8701,500.0,12430147.0,0,1,1,2,1,0.0
140098,2009,8980,500.0,13013606.0,0,1,1,2,1,0.0
140098,2010,8817,500.0,13564901.0,1,1,1,2,4,2250.31
140100,2006,19399,1000.0,33447827.0,1,1,0,2,4,2876.27
140100,2007,20079,1000.0,35226661.0,2,1,0,2,4,33698.48
140100,2008,20230,1000.0,36782318.0,0,1,0,2,4,0.0
140100,2009,18632,1000.0,38815293.0,1,1,0,2,4,1407.0
140100,2010,18653,1000.0,38069378.0,3,1,0,2,4,500.0
140110,2006,6378,500.0,7971869.0,0,0,0,2,1,0.0
140110,2007,6188,500.0,8593662.0,0,0,0,2,1,0.0
140110,2008,5694,500.0,9037076.0,0,0,1,2,1,0.0
140110,2009,5842,500.0,9423610.0,0,0,1,2,1,0.0
140110,2010,6264,500.0,10798665.0,4,0,1,2,2,9929.65
140132,2006,10589,500.0,15128396.0,0,1,0,2,1,0.0
140132,2007,11017,500.0,15966037.0,0,1,0,2,1,0.0
140132,2008,11482,500.0,16639348.0,2,1,1,2,1,41456.0
140132,2009,11412,500.0,17556406.0,0,1,0,2,1,0.0
140132,2010,12582,500.0,17475830.0,1,1,0,2,3,1150.0
140140,2006,32046,2500.0,56220565.0,0,0,0,2,1,0.0
140140,2007,28674,2500.0,59736961.0,0,0,0,2,1,0.0
140140,2008,30695,2500.0,62642750.0,1,0,1,2,4,7158.15
140140,2009,32271,2500.0,65857995.0,3,0,0,2,4,17661.48
140140,2010,27782,2500.0,63140789.0,0,0,0,2,4,0.0
140145,2006,7993,500.0,8981595.0,2,1,0,2,4,11470.0
140145,2007,7231,500.0,9514245.0,0,1,0,2,4,0.0
140145,2008,7956,500.0,10752134.0,0,1,0,2,4,0.0
140145,2009,8325,500.0,11250395.0,0,1,1,2,4,0.0
140145,2010,7755,500.0,12508492.0,2,1,1,2,4,3575.0
140153,2006,8221,500.0,10677210.0,0,0,0,2,4,0.0
140153,2007,8144,500.0,11469459.0,0,0,0,2,4,0.0
140153,2008,8451,500.0,12072736.0,2,0,1,2,4,2714.92
140153,2009,9353,500.0,13173373.0,0,0,0,2,4,0.0
140153,2010,9975,500.0,15833478.0,0,0,0,2,4,0.0
140154,2006,31534,1000.0,37540662.0,6,1,0,2,4,199296.19
140154,2007,30535,1000.0,42409639.0,3,1,0,2,4,17956.54
140154,2008,28159,1000.0,42029655.0,3,1,0,2,4,18650.39
140154,2009,24816,1000.0,44314565.0,4,1,0,2,4,7763.46
140154,2010,26645,1000.0,47579402.0,6,1,0,2,4,15598.17
140155,2006,14380,500.0,20841263.0,0,1,0,2,4,0.0
140155,2007,14905,500.0,21918173.0,4,1,0,2,4,11203.97
140155,2008,14586,500.0,23152357.0,2,1,0,2,4,19894.29
140155,2009,14780,500.0,24229884.0,0,1,0,2,4,0.0
140155,2010,15597,500.0,23632202.0,2,1,0,2,3,20614.77
140160,2006,53508,25000.0,167212125.0,0,1,0,2,4,0.0
140160,2007,54097,25000.0,180321503.0,0,1,0,2,4,0.0
140160,2008,47512,25000.0,190047089.0,0,1,1,2,4,0.0
140160,2009,53528,25000.0,198251910.0,0,1,1,2,4,0.0
140160,2010,47670,25000.0,207259400.0,0,1,1,2,4,0.0
140170,2006,15054,500.0,17921765.0,2,0,0,2,4,3812.5
140170,2007,15468,500.0,18863394.0,3,0,0,2,4,39031.32
140170,2008,16129,500.0,19669934.0,0,0,0,2,4,0.0
140170,2009,14677,1000.0,21270521.0,1,0,0,2,4,5139.44
140170,2010,14544,1000.0,18887933.0,0,0,0,2,4,0.0
140180,2006,18420,10000.0,40933879.0,0,1,0,2,4,0.0
140180,2007,14713,25000.0,43270847.0,1,1,0,2,4,19700.0
140180,2008,13452,25000.0,42038402.0,0,1,0,2,4,0.0
140180,2009,11898,25000.0,44064912.0,1,1,0,2,4,24465.0
140180,2010,12091,25000.0,43181549.0,0,1,0,2,4,0.0
140190,2006,9480,500.0,12986329.0,0,0,0,2,1,0.0
140190,2007,12843,500.0,17123335.0,2,0,0,2,1,3147.5
140190,2008,14448,500.0,20066486.0,1,0,0,2,4,2486.6
140190,2009,14814,500.0,21786226.0,0,0,0,2,4,0.0
140190,2010,18406,500.0,27067734.0,2,0,0,2,4,9826.77
140200,2006,23401,500.0,33429819.0,11,1,0,2,1,66429.51
140200,2007,25752,500.0,35767144.0,2,1,0,2,1,25857.51
140200,2008,27751,500.0,38014808.0,5,1,0,2,4,55492.5
140200,2009,26741,500.0,40516223.0,8,1,0,2,4,23669.61
140200,2010,27846,500.0,40950094.0,1,1,0,2,4,2094.11
140212,2006,74155,1000.0,119603352.0,1,1,0,2,4,1716.8
140212,2007,70356,1000.0,130288742.0,1,1,0,2,4,6977.0
140212,2008,55555,2500.0,135498066.0,4,1,0,2,4,156927.98
140212,2009,62006,2500.0,144199046.0,3,1,0,2,4,6520.0
140212,2010,58349,2500.0,157697847.0,5,1,0,2,4,17198.92
140215,2006,5581,1000.0,5874105.0,0,1,0,2,1,0.0
140215,2007,5241,1000.0,6240327.0,0,1,0,2,1,0.0
140215,2008,5126,1000.0,6572322.0,0,1,1,2,1,0.0
140215,2009,4985,1000.0,6921956.0,0,1,1,2,1,0.0
140215,2010,4012,1000.0,6576822.0,0,1,1,2,1,0.0
140230,2006,20137,1000.0,33011615.0,0,1,0,2,1,0.0
140230,2007,5224,1000.0,14121928.0,0,1,0,2,1,0.0
140230,2008,7689,1000.0,14786973.0,0,1,1,2,1,0.0
140230,2009,7813,1000.0,15319004.0,0,1,1,2,4,0.0
140230,2010,7055,1000.0,16404477.0,0,1,1,2,4,0.0
140249,2006,29693,1000.0,50326139.0,8,1,0,2,4,30148.42
140249,2007,30982,1000.0,54354425.0,9,1,0,2,4,25350.54
140249,2008,33488,1000.0,57736974.0,13,1,0,2,4,77026.8
140249,2009,33335,1000.0,60608931.0,13,1,0,2,4,19699.28
140249,2010,34714,1000.0,69429250.0,10,1,0,2,4,15000.74
140250,2006,43590,5000.0,66044407.0,1,1,0,2,4,132297.74
140250,2007,41760,5000.0,78791038.0,0,1,0,2,4,0.0
140250,2008,40184,5000.0,78791038.0,3,1,0,2,4,1570618.76
140250,2009,45102,5000.0,83521997.0,0,1,0,2,4,0.0
140250,2010,43327,5000.0,96283300.0,1,1,0,2,4,997.15
140261,2006,63989,10000.0,136148666.0,1,1,0,2,4,18707.0
140261,2007,60105,10000.0,146596123.0,0,1,0,2,4,0.0
140261,2008,57812,10000.0,156247289.0,0,1,0,2,4,0.0
140261,2009,56771,10000.0,162203616.0,0,1,1,2,4,0.0
140261,2010,52432,10000.0,169132762.0,0,1,1,2,4,0.0
140280,2006,14004,500.0,17726430.0,1,1,0,2,3,5381.43
140280,2007,12910,500.0,18985614.0,2,1,0,2,3,2638.1
140280,2008,13950,500.0,19927802.0,2,1,0,2,3,1457.36
140280,2009,13529,500.0,19326727.0,2,1,0,2,3,5450.0
140280,2010,13328,500.0,20824294.0,1,1,0,2,3,1083.0
140290,2006,17068,10000.0,29428835.0,0,1,0,2,3,0.0
140290,2007,17385,10000.0,31608398.0,0,1,0,2,3,0.0
140290,2008,10075,10000.0,19375388.0,2,1,1,2,3,37925.44
140290,2009,8831,10000.0,20070092.0,0,1,0,2,3,0.0
140290,2010,10042,5000.0,21367191.0,0,1,0,2,3,0.0
140300,2006,135368,2500.0,246124874.0,10,1,0,2,4,44365.62
140300,2007,126815,2500.0,275685869.0,16,1,0,2,4,712351.04
140300,2008,146338,2500.0,304870581.0,18,1,0,2,4,199726.01
140300,2009,166168,2500.0,346183069.0,10,1,0,2,4,39904.49
140300,2010,156247,2500.0,363366666.0,18,1,0,2,4,143416.11
140305,2006,11484,500.0,15518256.0,0,0,0,2,1,0.0
140305,2007,11465,500.0,16616518.0,1,0,0,2,1,976.89
140305,2008,10668,500.0,17488271.0,3,0,0,2,1,6621.03
140305,2009,12251,500.0,18284798.0,1,0,0,2,1,1950.0
140305,2010,11507,500.0,19503378.0,1,0,0,2,4,7688.72
140310,2006,31576,2500.0,50120205.0,3,1,0,2,1,13789.1
140310,2007,25228,2500.0,48516317.0,0,1,0,2,1,0.0
140310,2008,26735,2500.0,52421691.0,0,1,0,2,1,0.0
140310,2009,24623,2500.0,54717820.0,0,1,1,2,1,0.0
140320,2006,119208,500.0,212873167.0,5,1,0,2,1,31770.88
140320,2007,117243,500.0,234487177.0,3,1,0,2,1,12027.41
140320,2008,118572,500.0,247026648.0,2,1,0,2,1,46410.08
140320,2009,124942,500.0,260296274.0,3,1,0,2,1,20454.45
140320,2010,125115,500.0,278032521.0,5,1,0,2,4,156155.56
140330,2006,19768,1000.0,27079787.0,0,0,0,2,1,0.0
140330,2007,20649,500.0,27903983.0,1,0,0,2,1,1324.5
140330,2008,21459,500.0,32513753.0,2,0,0,2,4,10815.8
140330,2009,22048,500.0,32423991.0,0,0,0,2,4,0.0
140330,2010,18315,500.0,32132136.0,1,0,0,2,4,1442.81
140331,2006,28560,500.0,47599122.0,4,1,0,2,4,14054.0
140331,2007,35792,500.0,50411451.0,7,1,0,2,4,16422.77
140332,2006,18151,5000.0,33614284.0,0,1,0,2,4,0.0
140332,2007,20869,5000.0,39375057.0,5,1,0,2,4,12307.7
140332,2008,21562,5000.0,41464525.0,1,1,0,2,4,10037.49
140332,2009,20082,5000.0,43657533.0,1,1,0,2,4,3100.0
140332,2010,20340,5000.0,44215901.0,2,1,0,2,4,12432.7
140335,2006,7644,2500.0,11942731.0,0,0,0,2,3,0.0
140335,2007,6992,2500.0,13191974.0,0,0,0,2,3,0.0
140335,2008,7417,2500.0,13995530.0,0,0,1,2,3,0.0
140335,2009,7791,2500.0,14699914.0,0,0,1,2,4,0.0
140335,2010,7650,2500.0,15936198.0,0,0,1,2,4,0.0
140337,2006,219838,5000.0,431054638.0,6,1,0,2,4,201562.02
140337,2007,180409,5000.0,462587336.0,17,1,0,2,4,141462.95
140337,2008,119765,25000.0,499020684.0,18,1,0,2,4,257494.49
140337,2009,141742,25000.0,524967322.0,15,1,0,2,4,83938.69
140337,2010,129907,25000.0,564810404.0,30,1,0,2,4,759020.97
140338,2006,40748,25000.0,131447749.0,5,1,0,2,4,16953.69
140338,2007,36247,25000.0,134249799.0,1,1,0,2,4,52516.64
140338,2008,45027,25000.0,145248828.0,2,1,0,2,4,12784.13
140338,2009,40946,25000.0,151653884.0,0,1,0,2,4,0.0
140338,2010,36629,25000.0,159257283.0,0,1,0,2,4,0.0
140339,2006,8208,1000.0,12825030.0,0,0,0,2,4,0.0
140339,2007,7753,1000.0,13602526.0,0,0,0,2,4,0.0
140339,2008,9003,1000.0,15795816.0,2,0,1,2,4,16260.0
140339,2009,8078,1000.0,16485276.0,0,0,0,2,4,0.0
140339,2010,6908,1000.0,15702142.0,1,0,0,2,4,1000.0
140360,2006,59538,1000.0,86287161.0,0,1,0,2,4,0.0
140360,2007,55380,1000.0,92299492.0,4,1,0,2,4,19444.06
140360,2008,57820,1000.0,98000294.0,4,1,0,2,4,5427.53
140360,2009,57262,1000.0,100460831.0,0,1,0,2,4,0.0
140360,2010,48278,1000.0,107284590.0,5,1,0,2,4,5173.14
140371,2006,9681,500.0,15366069.0,5,1,0,2,3,15246.0
140371,2007,12166,500.0,16221438.0,5,1,0,2,4,1857996.02
140371,2008,12175,500.0,16452035.0,3,1,0,2,4,9000.0
140371,2009,11987,500.0,17372859.0,8,1,0,2,4,30074.28
140371,2010,14032,500.0,19489399.0,6,1,0,2,4,20371.01
140390,2006,23262,500.0,30209662.0,0,0,0,2,4,0.0
140390,2007,22276,500.0,32284632.0,1,0,0,2,4,1758.19
140390,2008,22468,500.0,35108283.0,1,0,0,2,4,9120.0
140390,2009,23163,500.0,36766509.0,0,0,0,2,4,0.0
140390,2010,23583,500.0,38661171.0,1,0,0,2,4,7130.0
140400,2006,4329,500.0,5479409.0,0,1,0,2,1,0.0
140400,2007,5174,500.0,6719455.0,0,1,0,2,1,0.0
140400,2008,4776,500.0,7128512.0,0,1,1,2,1,0.0
140400,2009,4987,500.0,7442682.0,0,1,1,2,1,0.0
140400,2010,4612,500.0,7685312.0,0,1,1,2,4,0.0
140411,2006,12344,5000.0,26836107.0,0,1,0,2,4,0.0
140411,2007,10633,5000.0,28738726.0,0,1,0,2,4,0.0
140411,2008,10333,5000.0,30395075.0,0,1,1,2,4,0.0
140411,2009,11165,5000.0,31897601.0,0,1,1,2,4,0.0
140411,2010,10431,5000.0,35965919.0,1,1,1,2,4,69490.0
140416,2006,38056,500.0,51426311.0,3,1,0,2,4,7027.1
140416,2007,32987,1000.0,54978442.0,2,1,0,2,4,43056.19
140416,2008,33034,1000.0,57954844.0,0,1,0,2,4,0.0
140416,2009,36725,1000.0,63318531.0,4,1,0,2,4,14573.93
140416,2010,34131,1000.0,66922308.0,0,1,0,2,4,0.0
140420,2006,33776,500.0,51963941.0,0,1,0,2,4,0.0
140420,2007,29797,500.0,55180179.0,2,1,0,2,4,3773.22
140420,2008,33635,500.0,57991974.0,2,1,0,2,4,11215.16
140420,2009,35388,500.0,61013705.0,2,1,0,2,4,3383.66
140420,2010,31346,500.0,58046749.0,4,1,0,2,4,7324.47
140430,2006,21414,500.0,28938016.0,0,1,0,2,4,0.0
140430,2007,19823,500.0,28728457.0,1,1,0,2,4,283114.31
140430,2008,26834,500.0,39462088.0,1,1,0,2,4,2800.0
140430,2009,25769,500.0,42948909.0,4,1,0,2,4,8737.98
140430,2010,35899,500.0,50561201.0,15,1,0,2,4,131069.99
140440,2006,197109,50000.0,1159464353.0,0,1,0,2,4,0.0
140440,2007,184905,50000.0,1232700982.0,0,1,0,2,4,0.0
140440,2008,193057,50000.0,1287049541.0,1,1,1,2,4,383102.63
140440,2009,188492,50000.0,1346372234.0,1,1,0,2,4,55647.15
140440,2010,170475,50000.0,1420629542.0,0,1,0,2,4,0.0
140450,2006,7764,500.0,14932284.0,0,1,0,2,1,0.0
140450,2007,7862,500.0,15724598.0,2,1,0,2,1,1827.71
140450,2008,8463,500.0,16592540.0,0,1,0,2,1,0.0
140450,2009,7888,500.0,17528210.0,0,1,0,2,1,0.0
140450,2010,5852,2500.0,16720091.0,1,1,1,2,1,12070.94
140461,2006,27261,2500.0,49564538.0,0,1,0,2,1,0.0
140461,2007,24170,2500.0,52543249.0,2,1,0,2,1,20411.56
140461,2008,25929,2500.0,56369135.0,4,1,0,2,4,32639.81
140461,2009,28197,2500.0,58744108.0,0,1,0,2,4,0.0
140461,2010,23970,2500.0,57070715.0,3,1,0,2,4,117493.84
140465,2006,6109,500.0,7635667.0,0,1,0,2,1,0.0
140465,2007,5291,500.0,8016090.0,2,1,0,2,1,2749.8
140465,2008,5485,500.0,8310650.0,4,1,0,2,1,13491.77
140465,2009,5380,500.0,8676437.0,0,1,0,2,1,0.0
140465,2010,5495,500.0,8201530.0,2,1,0,2,2,3445.29
140467,2006,22147,2500.0,38183372.0,4,0,0,2,1,5934.68
140467,2007,21853,2500.0,41230748.0,0,0,0,2,1,0.0
140467,2008,22029,2500.0,43192894.0,0,0,0,2,1,0.0
140467,2009,23637,2500.0,45455628.0,0,0,1,2,1,0.0
140467,2010,16982,15000.0,49946835.0,3,0,1,2,4,33175.2
140468,2006,11318,500.0,15502301.0,1,0,0,2,4,1164.99
140468,2007,10984,500.0,16642735.0,3,0,0,2,4,47881.23
140468,2008,12585,500.0,17479248.0,3,0,0,2,4,10035.14
140468,2009,12783,500.0,18262458.0,3,0,0,2,4,15713.45
140468,2010,9347,1000.0,17637172.0,0,0,0,2,4,0.0
140470,2006,34099,10000.0,92159558.0,0,1,0,2,4,0.0
140470,2007,36546,10000.0,110746712.0,1,1,0,2,4,31819.88
140470,2008,41430,10000.0,121853630.0,0,1,0,2,4,0.0
140470,2009,42204,10000.0,127894509.0,0,1,0,2,4,0.0
140470,2010,35227,10000.0,121472014.0,0,1,1,2,4,0.0
140471,2006,12122,500.0,16381287.0,0,1,0,2,1,0.0
140471,2007,12010,500.0,17924395.0,3,1,0,2,1,3843.42
140471,2008,12916,500.0,17937727.0,5,1,0,2,1,10681.06
140471,2009,13712,500.0,19313119.0,0,1,0,2,1,0.0
140471,2010,12100,500.0,18615101.0,3,1,0,2,2,10064.22
140472,2006,45440,500.0,70999783.0,9,1,0,2,1,11985.62
140472,2007,47131,500.0,74811594.0,6,1,0,2,1,19017.67
140472,2008,49358,500.0,78347492.0,4,1,0,2,1,13380.39
140472,2009,47818,500.0,83891241.0,3,1,0,2,4,5593.49
140472,2010,48714,500.0,82566812.0,8,1,0,2,4,39132.96
140476,2006,19168,5000.0,28187154.0,1,1,0,2,1,943.08
140476,2007,17499,5000.0,30171217.0,0,1,0,2,1,0.0
140476,2008,19674,5000.0,34514781.0,0,1,0,2,1,0.0
140476,2009,18239,5000.0,35073141.0,1,1,1,2,4,1141.67
140476,2010,18069,5000.0,39278611.0,1,1,0,2,4,4676.95
140480,2006,10623,10000.0,24145829.0,0,1,0,2,1,0.0
140480,2007,11054,10000.0,25707898.0,0,1,0,2,1,0.0
140480,2008,11101,10000.0,27075444.0,0,1,1,2,1,0.0
140480,2009,9664,10000.0,28422039.0,1,1,1,2,1,21595.0
140480,2010,9730,10000.0,27030422.0,0,1,0,2,4,0.0
140485,2006,17949,15000.0,44874833.0,0,1,0,2,1,0.0
140485,2007,19905,15000.0,52380796.0,1,1,0,2,1,1100.0
140485,2008,21050,15000.0,55394674.0,0,1,0,2,1,0.0
140485,2009,20493,15000.0,58553672.0,0,1,0,2,1,0.0
140485,2010,22645,15000.0,59593395.0,1,1,1,2,4,276172.2
140510,2006,20680,1000.0,22726060.0,0,1,0,2,4,0.0
140510,2007,14635,1000.0,20048209.0,0,1,0,2,4,0.0
140510,2008,12248,1000.0,20414331.0,2,1,1,2,4,34493.87
140510,2009,11457,1000.0,21216664.0,1,1,0,2,4,6375.66
140510,2010,12430,1000.0,20376520.0,3,1,0,2,4,19532.67
140511,2006,16691,1000.0,28291410.0,0,1,0,2,4,0.0
140511,2007,13070,1000.0,25135147.0,1,1,0,2,4,14089.14
140511,2008,14781,1000.0,26395549.0,3,1,0,2,4,2889.6
140511,2009,15210,1000.0,27655492.0,0,1,0,2,4,0.0
140520,2006,25544,500.0,36491376.0,1,0,0,2,4,3974.0
140520,2007,26928,500.0,39025648.0,4,0,0,2,4,13639.85
140520,2008,36082,500.0,50113585.0,2,0,0,2,4,2440.0
140520,2009,39047,500.0,52766364.0,2,0,0,2,4,5845.21
140520,2010,34247,500.0,58046426.0,3,0,0,2,4,6233.89
140530,2006,89531,10000.0,241974160.0,3,1,0,2,4,58490.61
140530,2007,88397,5000.0,259991538.0,3,1,0,2,4,40623.99
140530,2008,91179,5000.0,268171372.0,1,1,0,2,4,9035.17
140530,2009,84834,5000.0,282780065.0,3,1,0,2,4,26335.36
140530,2010,78204,5000.0,269670999.0,6,1,0,2,4,35720.65
140534,2006,7567,500.0,8501975.0,0,0,0,2,1,0.0
140534,2007,6789,500.0,9051741.0,0,0,0,2,1,0.0
140534,2008,6949,500.0,9518976.0,1,0,1,2,1,2844.76
140534,2009,7142,500.0,9919956.0,0,0,0,2,1,0.0
140534,2010,6156,500.0,9326157.0,0,0,0,2,1,0.0
140540,2006,6758,500.0,8553849.0,0,1,0,2,4,0.0
140540,2007,5713,500.0,9066687.0,0,1,0,2,4,0.0
140540,2008,6189,500.0,9521600.0,1,1,1,2,4,845.81
140540,2009,5968,500.0,9946157.0,0,1,0,2,4,0.0
140540,2010,5402,500.0,9475049.0,0,1,0,2,4,0.0
140545,2006,12976,500.0,20275887.0,0,1,0,2,1,0.0
140545,2007,13978,500.0,21505732.0,4,1,0,2,1,7480.99
140545,2008,14734,500.0,22667663.0,1,1,0,2,1,2383.04
140545,2009,14348,500.0,23914058.0,3,1,0,2,4,2617.25
140545,2010,14333,500.0,23116700.0,4,1,0,2,4,31252.89
140550,2006,16134,10000.0,40335012.0,0,0,0,2,1,0.0
140550,2007,16575,10000.0,42500345.0,1,0,0,2,1,1950.0
140550,2008,18150,10000.0,46539885.0,0,0,0,2,1,0.0
140550,2009,18326,10000.0,52359463.0,1,0,0,2,4,1668.6
140550,2010,18027,10000.0,50075787.0,0,0,0,2,4,0.0
140561,2006,50973,1000.0,69827440.0,0,1,0,2,4,0.0
140561,2007,50070,1000.0,79475087.0,4,1,0,2,4,7752.11
140561,2008,36989,5000.0,84064999.0,5,1,0,2,4,45183.01
140561,2009,38861,5000.0,88321010.0,0,1,0,2,4,0.0
140561,2010,35104,5000.0,92377837.0,0,1,0,2,4,0.0
140570,2006,28027,1000.0,49170110.0,1,1,0,2,4,1670.0
140570,2007,28325,1000.0,51500344.0,0,1,0,2,4,0.0
140570,2008,28541,1000.0,53852283.0,0,1,0,2,4,0.0
140570,2009,24147,1000.0,53659879.0,5,1,1,2,4,285038.04
140570,2010,26672,1000.0,56747321.0,2,1,0,2,4,2847.0
140575,2006,15805,500.0,19511451.0,2,1,0,2,4,6673.23
140575,2007,14584,500.0,20834867.0,3,1,0,2,4,9551.82
140575,2008,15895,500.0,22706099.0,0,1,0,2,4,0.0
140575,2009,15756,500.0,22835789.0,3,1,0,2,4,5898.19
140575,2010,15194,500.0,24116735.0,5,1,0,2,4,179450.31
140578,2006,17784,5000.0,34201524.0,0,1,0,2,4,0.0
140578,2007,16821,5000.0,35789398.0,0,1,0,2,4,0.0
140578,2008,17192,5000.0,37374954.0,0,1,1,2,4,0.0
140578,2009,16216,5000.0,39552356.0,0,1,1,2,4,0.0
140578,2010,16569,5000.0,39448094.0,0,1,1,2,4,0.0
140580,2006,34206,2500.0,46857292.0,0,0,0,2,4,0.0
140580,2007,29917,2500.0,49860558.0,0,0,0,2,4,0.0
140580,2008,31098,2500.0,53618124.0,2,0,1,2,4,8700.07
140590,2006,49100,500.0,64604391.0,11,0,0,2,1,21372.68
140590,2007,46848,500.0,68893232.0,14,0,0,2,1,21221.23
140590,2008,50143,500.0,73738783.0,10,0,0,2,1,89470.77
140590,2009,47107,500.0,77224816.0,7,0,0,2,1,10983.68
140590,2010,48576,500.0,73599910.0,8,0,0,2,4,519398.96
140600,2006,6893,500.0,11487618.0,1,1,0,2,4,1500.0
140600,2007,7078,500.0,12639070.0,2,1,0,2,4,155193.66
140600,2008,7709,500.0,13292655.0,0,1,0,2,4,0.0
140600,2009,7354,500.0,13875942.0,0,1,0,2,4,0.0
140600,2010,7256,500.0,13434691.0,2,1,1,2,4,1708.0
140610,2006,22255,500.0,30074018.0,0,1,0,2,4,0.0
140610,2007,20893,500.0,29846518.0,4,1,0,2,4,25227.71
140610,2008,21224,500.0,31678022.0,0,1,0,2,4,0.0
140610,2009,25304,500.0,36672822.0,0,1,0,2,4,0.0
140610,2010,20055,1000.0,40108141.0,0,1,1,2,4,0.0
140615,2006,64070,5000.0,142379048.0,1,1,0,2,4,8483.28
140615,2007,57564,5000.0,143909237.0,0,1,0,2,4,0.0
140615,2008,57530,5000.0,151394605.0,0,1,0,2,4,0.0
140615,2009,60140,5000.0,171829619.0,0,1,1,2,4,0.0
140615,2010,54986,5000.0,161723065.0,1,1,1,2,4,65988.51
140620,2006,10262,1000.0,12514417.0,0,0,0,2,3,0.0
140620,2007,9604,1000.0,13337585.0,0,0,0,2,3,0.0
140620,2008,10719,1000.0,14292847.0,1,0,1,2,3,3892.0
140620,2009,10307,1000.0,14937492.0,1,0,0,2,3,81619.88
140620,2010,9894,1000.0,15704329.0,0,0,0,2,3,0.0
140631,2006,54878,5000.0,103543214.0,0,0,0,2,4,0.0
140631,2007,48794,5000.0,106074138.0,12,0,0,2,4,11243.35
140631,2008,51758,5000.0,115017968.0,4,0,0,2,4,4322.31
140631,2009,49438,5000.0,120581877.0,5,0,0,2,4,3352.62
140631,2010,46093,5000.0,112423950.0,2,0,0,2,4,480.76
140640,2006,24264,5000.0,42568334.0,0,0,0,2,4,0.0
140640,2007,21994,5000.0,45820508.0,5,0,0,2,4,23949.11
140640,2008,23066,5000.0,49075294.0,2,0,0,2,4,17902.44
140640,2009,24627,5000.0,51306215.0,0,0,0,2,4,0.0
140640,2010,20749,5000.0,54603510.0,2,0,0,2,4,22381.95
140650,2006,7620,500.0,8965534.0,1,1,0,2,4,4400.0
140650,2007,7997,500.0,10252297.0,1,1,0,2,4,5180.59
140650,2008,9132,500.0,12175600.0,1,1,0,2,4,1687.37
140650,2009,8906,500.0,13915334.0,0,1,0,2,4,0.0
140650,2010,8815,500.0,13774813.0,1,1,0,2,4,1990.0
140660,2006,11060,500.0,17015185.0,0,1,0,2,4,0.0
140660,2007,11459,500.0,17905448.0,0,1,0,2,4,0.0
140660,2008,11995,500.0,18742157.0,0,1,1,2,4,0.0
140660,2009,11132,500.0,19877713.0,1,1,1,2,4,10580.0
140660,2010,11740,500.0,19565921.0,1,1,0,2,4,1008.16
140665,2006,53696,1000.0,59661474.0,0,0,0,2,1,0.0
140665,2007,33508,10000.0,64440577.0,1,0,0,2,4,111739.75
140665,2008,32694,10000.0,68113841.0,1,0,0,2,4,31726.23
140665,2009,55358,10000.0,115329083.0,2,0,0,2,4,102278.25
140665,2010,45596,10000.0,123232481.0,0,0,0,2,4,0.0
140670,2006,16337,1000.0,24024627.0,1,0,0,2,4,4247.47
140670,2007,14684,1000.0,25763111.0,3,0,0,2,4,27045.13
140670,2008,14544,1000.0,26934330.0,4,0,0,2,4,5191.14
140670,2009,17767,1000.0,35532713.0,2,0,0,2,4,6305.66
140670,2010,15520,1000.0,34488170.0,1,0,0,2,4,4580.69
140680,2006,42099,1000.0,56889098.0,0,0,0,2,4,0.0
140680,2007,35394,5000.0,69401965.0,0,0,0,2,4,0.0
140680,2008,38419,5000.0,75332304.0,1,0,1,2,4,1728.0
140680,2009,34333,5000.0,79844418.0,2,0,0,2,4,7457.81
140680,2010,32280,5000.0,84948592.0,2,0,0,2,4,29142.78
140690,2006,29812,1000.0,55208054.0,1,1,0,2,4,2130.05
140690,2007,32224,1000.0,60800216.0,2,1,0,2,4,6144.03
140690,2008,33943,1000.0,64043663.0,0,1,0,2,4,0.0
140690,2009,31234,1000.0,67899056.0,3,1,0,2,4,301022.87
140690,2010,31422,1000.0,66854895.0,2,1,0,2,4,50900.0
140700,2006,24058,1000.0,35377805.0,2,1,0,2,4,13156.83
140700,2007,24374,1000.0,39314281.0,3,1,0,2,4,64053.12
140700,2008,24316,1000.0,41213262.0,3,1,0,2,4,7512.44
140700,2009,24756,1000.0,47607888.0,4,1,0,2,4,68410.67
140700,2010,25676,1000.0,46683569.0,0,1,0,2,4,0.0
140710,2006,14226,1000.0,19224129.0,0,1,0,2,4,0.0
140710,2007,9349,5000.0,20773100.0,0,1,0,2,4,0.0
140710,2008,9551,5000.0,21705690.0,0,1,1,2,4,0.0
140710,2009,9961,5000.0,22637561.0,0,1,1,2,4,0.0
140710,2010,9299,5000.0,23843230.0,0,1,1,2,4,0.0
140715,2006,10963,2500.0,14424207.0,2,0,0,2,1,26400.0
140715,2007,15281,2500.0,22807907.0,0,0,0,2,1,0.0
140715,2008,13133,2500.0,24779615.0,6,0,0,2,4,469799.81
140715,2009,21823,2500.0,36371896.0,0,0,0,2,4,0.0
140715,2010,14709,2500.0,35020445.0,0,0,0,2,4,0.0
140720,2006,6714,5000.0,14356259.0,0,1,0,2,1,0.0
140720,2007,6601,5000.0,15075935.0,0,1,0,2,1,0.0
140720,2008,6771,5000.0,15821273.0,0,1,1,2,1,0.0
140720,2009,5908,5000.0,16498618.0,0,1,1,2,1,0.0
140720,2010,6034,5000.0,15965830.0,0,1,1,2,1,0.0
140725,2006,55869,500.0,79813425.0,2,1,0,2,4,58263.42
140725,2007,52104,500.0,85417257.0,4,1,0,2,4,20089.18
140725,2008,54796,500.0,89828266.0,6,1,0,2,4,9877.7
140725,2009,50758,500.0,99526374.0,2,1,0,2,4,1957.65
140725,2010,52646,500.0,97491987.0,1,1,0,2,4,12844.38
140730,2006,42497,500.0,60710015.0,4,1,0,2,4,24871.95
140730,2007,40200,500.0,63808948.0,7,1,0,2,4,12591.77
140730,2008,41426,500.0,70212319.0,6,1,0,2,4,15114.51
140730,2009,36948,1000.0,73895843.0,4,1,0,2,4,35439.69
140730,2010,32148,1000.0,66975469.0,5,1,0,2,4,41129.24
140734,2006,12565,500.0,17212140.0,0,1,0,2,4,0.0
140734,2007,12035,500.0,18515939.0,1,1,0,2,4,4772.0
140734,2008,12846,500.0,19763556.0,1,1,0,2,4,4420.9
140734,2009,13672,500.0,20713924.0,1,1,0,2,4,1286.81
140734,2010,16093,500.0,30365416.0,0,1,0,2,4,0.0
140738,2006,70723,5000.0,133438654.0,1,1,0,2,4,2218.64
140738,2007,86957,5000.0,202224438.0,1,1,0,2,4,1594.5
140738,2008,89401,5000.0,212860292.0,1,1,0,2,4,11904.32
140738,2009,79971,5000.0,222143323.0,0,1,0,2,4,0.0
140738,2010,74685,5000.0,240919221.0,0,1,0,2,4,0.0
140740,2006,5680,500.0,6604916.0,0,0,0,2,1,0.0
140740,2007,5517,500.0,7072392.0,0,0,0,2,1,0.0
140740,2008,5504,500.0,7438115.0,0,0,1,2,1,0.0
140740,2009,5486,500.0,7952000.0,1,0,1,2,1,1764.59
140740,2010,4860,500.0,7714583.0,1,0,0,2,2,960.0
140750,2006,41510,5000.0,83019729.0,1,1,0,2,4,682705.55
140750,2007,37960,5000.0,88278415.0,1,1,0,2,4,9762.0
140750,2008,38973,5000.0,92794409.0,4,1,0,2,4,26956.0
140750,2009,38525,5000.0,98779647.0,1,1,0,2,4,5375.53
140750,2010,34658,5000.0,96274851.0,3,1,0,2,4,60344.47
140760,2006,52518,5000.0,105036300.0,0,1,0,2,4,0.0
140760,2007,45351,5000.0,110613380.0,0,1,0,2,4,0.0
140760,2008,45611,5000.0,114029356.0,0,1,1,2,4,0.0
140760,2009,40660,5000.0,119587564.0,2,1,1,2,4,17466.99
140760,2010,40576,5000.0,119340744.0,1,1,0,2,4,6918.88
140770,2006,63977,500.0,87639934.0,24,1,0,2,4,66704.37
140770,2007,61405,500.0,94469305.0,16,1,0,2,4,53179.22
140770,2008,63665,500.0,99476471.0,20,1,0,2,4,62246.42
140770,2009,69046,500.0,104614707.0,15,1,0,2,4,85106.83
140770,2010,59992,500.0,99986392.0,13,1,0,2,4,76295.65
140784,2006,10644,10000.0,20871620.0,2,0,0,2,1,1243.0
140784,2007,10979,10000.0,21958537.0,1,0,0,2,1,11610.38
140784,2008,13627,2500.0,23096777.0,2,0,0,2,1,4788.79
140784,2009,12779,2500.0,24576829.0,2,0,0,2,1,6900.0
140784,2010,12771,2500.0,24096457.0,2,0,0,2,2,32282.0
140787,2006,14163,2500.0,24848490.0,0,1,0,2,4,0.0
140787,2007,12524,2500.0,26649251.0,1,1,0,2,4,2786.57
140787,2008,14012,2500.0,28024815.0,1,1,0,2,4,11160.48
140787,2009,12934,2500.0,29395759.0,0,1,0,2,4,0.0
140787,2010,12947,2500.0,28770015.0,0,1,0,2,4,0.0
140790,2006,18183,25000.0,64936798.0,2,1,0,2,4,1147735.1
140790,2007,18504,25000.0,66083624.0,0,1,0,2,4,0.0
140790,2008,20750,25000.0,69166364.0,0,1,0,2,4,0.0
140790,2009,18300,25000.0,73198953.0,0,1,1,2,4,0.0
140790,2010,19300,25000.0,71483069.0,0,1,1,2,4,0.0
140792,2006,25503,25000.0,70840966.0,1,0,0,2,4,9718.91
140792,2007,23392,25000.0,73102687.0,0,0,0,2,4,0.0
140792,2008,25212,25000.0,78786162.0,5,0,0,2,4,4856.68
140792,2009,22289,25000.0,82550430.0,0,0,0,2,4,0.0
140792,2010,21014,25000.0,77830476.0,0,0,0,2,4,0.0
140794,2006,22333,500.0,34359029.0,1,1,0,2,4,4902.0
140794,2007,22381,500.0,34433055.0,6,1,0,2,4,61454.62
140794,2008,25876,500.0,36444912.0,2,1,0,2,4,4913.81
140794,2009,21779,1000.0,38208022.0,1,1,0,2,4,3415.0
140794,2010,23733,1000.0,38280134.0,1,1,0,2,4,3875.0
140797,2006,4514,500.0,5015647.0,0,0,0,2,1,0.0
140797,2007,4207,500.0,5324101.0,0,0,0,2,1,0.0
140797,2008,4315,500.0,5603460.0,0,0,1,2,1,0.0
140797,2009,4371,500.0,5828228.0,0,0,1,2,1,0.0
140797,2010,3583,500.0,5429549.0,1,0,1,2,3,10004.19
140798,2006,5987,500.0,9210641.0,3,1,0,2,1,203565.09
140798,2007,6683,500.0,9686440.0,1,1,0,2,1,3650.0
140798,2008,6878,500.0,10115303.0,0,1,0,2,1,0.0
140798,2009,6817,500.0,10821132.0,1,1,0,2,4,2721.39
140798,2010,6815,500.0,10649359.0,0,1,0,2,4,0.0
140799,2006,13967,1000.0,20846738.0,0,0,0,2,3,0.0
140799,2007,13487,1000.0,22477870.0,2,0,0,2,3,4735.6
140799,2008,13976,1000.0,23688388.0,2,0,0,2,3,3731.4
140799,2009,14412,1000.0,24848774.0,3,0,0,2,3,6591.6
140799,2010,12182,1000.0,23886953.0,8,0,0,2,3,22606.93
140803,2006,10499,500.0,16154206.0,0,0,0,2,1,0.0
140803,2007,10257,500.0,17093640.0,0,0,0,2,1,0.0
140803,2008,9915,500.0,17093640.0,0,0,1,2,1,0.0
140803,2009,10299,500.0,18723770.0,0,0,1,2,1,0.0
140803,2010,10299,500.0,19804548.0,1,0,1,2,4,9667.0
140804,2006,31676,5000.0,77258666.0,0,1,0,2,1,0.0
140804,2007,34176,5000.0,81372340.0,0,1,0,2,1,0.0
140804,2008,35730,5000.0,85072307.0,0,1,1,2,1,0.0
140804,2009,32468,5000.0,90189909.0,2,1,1,2,1,40211.05
140804,2010,30111,5000.0,88559751.0,1,1,0,2,1,6000.0
140805,2006,9122,25000.0,22804285.0,1,1,0,2,4,50001.96
140805,2007,10489,25000.0,29969417.0,0,1,0,2,4,0.0
140805,2008,9219,25000.0,30729417.0,0,1,0,2,4,0.0
140805,2009,8399,25000.0,27094506.0,0,1,1,2,4,0.0
140805,2010,8101,25000.0,28932875.0,0,1,1,2,4,0.0
140808,2006,28642,1000.0,50248330.0,2,1,0,2,4,21139.11
140808,2007,26555,1000.0,54195599.0,5,1,0,2,4,29157.51
140808,2008,29126,1000.0,58250813.0,7,1,0,2,4,24711.88
140808,2009,29704,1000.0,60619753.0,7,1,0,2,4,16901.68
140808,2010,30164,1000.0,65573691.0,2,1,0,2,4,1685.29
140809,2006,10090,500.0,13104324.0,1,0,0,2,1,1665.0
140809,2007,10302,500.0,14510332.0,0,0,0,2,1,0.0
140809,2008,13444,500.0,20682747.0,1,0,0,2,4,7500.0
140809,2009,13824,500.0,21600662.0,1,0,0,2,4,3929.67
140809,2010,13365,500.0,22652092.0,2,0,0,2,4,7665.34
140810,2006,11178,500.0,18028687.0,0,0,0,2,4,0.0
140810,2007,9621,500.0,19240445.0,1,0,0,2,4,5378.11
140810,2008,10949,500.0,20276138.0,3,0,0,2,4,5275.58
140810,2009,11411,500.0,21132149.0,0,0,0,2,4,0.0
140810,2010,11786,500.0,24554717.0,1,0,0,2,4,4176.0
140813,2006,4964,500.0,7092057.0,0,1,0,2,4,0.0
140813,2007,5444,500.0,8006616.0,1,1,0,2,4,29002.25
140813,2008,7095,500.0,9335587.0,1,1,0,2,4,1525.0
140813,2009,7039,500.0,9775488.0,0,1,0,2,4,0.0
140813,2010,6949,500.0,9518940.0,0,1,0,2,4,0.0
140815,2006,17103,1000.0,18002961.0,0,1,0,2,4,0.0
140815,2007,9829,5000.0,19271423.0,0,1,0,2,4,0.0
140815,2008,9744,5000.0,20298689.0,1,1,1,2,4,14790.08
140815,2009,10299,5000.0,21457065.0,0,1,0,2,4,0.0
140815,2010,9755,5000.0,22685856.0,0,1,0,2,4,0.0
140817,2006,32425,15000.0,87636645.0,0,1,0,2,4,0.0
140817,2007,29409,15000.0,94865483.0,1,1,0,2,4,1841.0
140817,2008,30309,15000.0,101028402.0,0,1,0,2,4,0.0
140817,2009,31683,15000.0,105610487.0,0,1,0,2,4,0.0
140817,2010,33039,15000.0,127073466.0,3,1,1,2,4,40744.0
140818,2006,46535,2500.0,77556292.0,3,1,0,2,4,17512.25
140818,2007,41202,2500.0,77737959.0,0,1,0,2,4,0.0
140818,2008,40709,2500.0,83079220.0,1,1,0,2,4,41580.57
140818,2009,48850,2500.0,99694730.0,1,1,0,2,4,6390.0
140818,2010,41826,2500.0,97267681.0,0,1,0,2,4,0.0
140820,2006,8357,500.0,10852491.0,1,0,0,2,1,1928.0
140820,2007,7125,500.0,11310171.0,1,0,0,2,1,928.18
140820,2008,7806,500.0,12009438.0,3,0,0,2,1,7855.27
140820,2009,7208,500.0,12645056.0,1,0,0,2,1,1961.9
140820,2010,7113,500.0,12056509.0,3,0,0,2,2,15318.25
140827,2006,78006,25000.0,205276834.0,0,1,0,2,4,0.0
140827,2007,83902,25000.0,254249412.0,0,1,0,2,4,0.0
140827,2008,86191,25000.0,253506177.0,0,1,1,2,4,0.0
140827,2009,87647,25000.0,265596004.0,143,1,1,2,4,35281.28
140827,2010,82410,25000.0,284170849.0,8,1,0,2,4,253020.26
140828,2006,17734,15000.0,32243683.0,0,1,0,2,4,0.0
140828,2007,16474,15000.0,33621481.0,0,1,0,2,4,0.0
140828,2008,17323,15000.0,35353636.0,0,1,1,2,4,0.0
140828,2009,15443,15000.0,36768242.0,0,1,1,2,4,0.0
140828,2010,14864,15000.0,35392054.0,3,1,1,2,4,47345.0
140830,2006,3948,500.0,7179094.0,0,1,0,2,1,0.0
140837,2006,14028,500.0,17106912.0,0,0,0,2,4,0.0
140837,2007,16235,1000.0,26185821.0,0,0,0,2,4,0.0
140837,2008,17053,1000.0,27956211.0,1,0,1,2,4,2762.82
140837,2009,17436,1000.0,29550791.0,2,0,0,2,4,31844.0
140837,2010,16457,1000.0,31053090.0,2,0,0,2,4,5507.82
140838,2006,4542,2500.0,8411594.0,1,0,0,2,1,22081.34
140838,2007,4254,2500.0,9051661.0,0,0,0,2,1,0.0
140838,2008,4094,2500.0,9521357.0,0,0,0,2,1,0.0
140838,2009,5016,2500.0,10236176.0,4,0,1,2,1,8058.6
140838,2010,4708,2500.0,10697233.0,2,0,0,2,3,4000.0
140839,2006,104460,5000.0,227086449.0,3,1,0,2,1,188546.86
140839,2007,100779,5000.0,234370091.0,0,1,0,2,1,0.0
140839,2008,105723,5000.0,251720525.0,0,1,0,2,4,0.0
140839,2009,102804,5000.0,263602019.0,3,1,1,2,4,15373.95
140839,2010,99745,5000.0,284985820.0,1,1,0,2,4,8180.0
140840,2006,26317,5000.0,47848309.0,0,1,0,2,1,0.0
140840,2007,26135,2500.0,50259717.0,3,1,0,2,4,22058.2
140840,2008,26155,2500.0,53377478.0,6,1,0,2,4,7782.5
140840,2009,29927,2500.0,56466696.0,3,1,0,2,4,26200.5
140840,2010,26923,2500.0,59829732.0,3,1,0,2,4,20623.21
140841,2006,19345,500.0,29310734.0,1,0,0,2,4,2242.45
140841,2007,16611,2500.0,32571728.0,7,0,0,2,4,78293.93
140841,2008,21231,500.0,34806219.0,4,0,0,2,4,16892.0
140841,2009,24537,500.0,36622360.0,1,0,0,2,4,2498.29
140841,2010,24646,500.0,39750933.0,5,0,0,2,4,20691.01
140842,2006,4676,500.0,5027858.0,0,0,0,2,1,0.0
140842,2007,5021,500.0,5341464.0,0,0,0,2,1,0.0
140842,2008,4669,500.0,5764284.0,0,0,1,2,1,0.0
140842,2009,4840,500.0,5975827.0,0,0,1,2,1,0.0
140842,2010,4113,500.0,5875084.0,1,0,1,2,1,1500.0
140843,2006,3986,10000.0,7663977.0,0,0,0,2,1,0.0
140843,2007,3821,10000.0,8130436.0,0,0,0,2,1,0.0
140843,2008,4022,10000.0,8557462.0,0,0,1,2,1,0.0
140843,2009,3947,10000.0,8969508.0,0,0,1,2,1,0.0
140843,2010,3305,10000.0,8696688.0,0,0,1,2,1,0.0
140844,2006,9702,500.0,12438609.0,1,0,0,2,1,905.5
140844,2007,8836,1000.0,13188570.0,0,0,0,2,1,0.0
140844,2009,11333,1000.0,15962187.0,0,0,0,2,3,0.0
140844,2010,9115,1000.0,15191048.0,2,0,1,2,4,16553.19
140845,2006,8605,1000.0,9667990.0,0,1,0,2,1,0.0
140845,2007,6855,1000.0,9391636.0,0,1,0,2,1,0.0
140845,2008,7126,1000.0,9897289.0,0,1,1,2,1,0.0
140845,2009,5484,1000.0,10346528.0,0,1,1,2,1,0.0
140845,2010,5101,1000.0,10002654.0,0,1,1,2,1,0.0
140847,2006,7897,1000.0,11964256.0,0,0,0,2,1,0.0
140847,2007,6623,1000.0,12264553.0,0,0,0,2,1,0.0
140847,2008,6678,1000.0,13094262.0,0,0,1,2,1,0.0
140847,2009,6701,1000.0,13676129.0,0,0,1,2,4,0.0
140847,2010,6599,1000.0,13469116.0,1,0,1,2,4,2092.0
140848,2006,6072,500.0,9487854.0,2,0,0,2,4,4615.68
140848,2009,6292,1000.0,11234983.0,0,0,0,2,4,0.0
140848,2010,5713,1000.0,11902950.0,0,0,0,2,4,0.0
140849,2008,6330,1000.0,7360150.0,0,1,0,2,1,0.0
140849,2009,9868,1000.0,12491161.0,0,1,0,2,1,0.0
140849,2010,10712,1000.0,11902690.0,0,1,1,2,1,0.0
140850,2006,28398,5000.0,72817237.0,0,1,0,2,1,0.0
140850,2007,32100,5000.0,76427728.0,1,1,0,2,1,7940.65
140850,2008,31030,5000.0,79562832.0,1,1,0,2,4,12744.25
140850,2009,27959,5000.0,87374209.0,0,1,0,2,4,0.0
140850,2010,30825,5000.0,90663181.0,0,1,0,2,4,0.0
140851,2006,23700,1000.0,35372461.0,2,1,0,2,1,12235.28
140851,2007,22373,1000.0,37920628.0,3,1,0,2,1,4546.29
140851,2008,22461,1000.0,40110115.0,3,1,0,2,1,41845.61
140851,2009,23492,1000.0,41952039.0,3,1,0,2,1,9071.77
140851,2010,21699,1000.0,45206699.0,0,1,0,2,4,0.0
140852,2006,4053,2500.0,7648538.0,0,1,0,2,4,0.0
140852,2007,4564,2500.0,8151580.0,0,1,0,2,4,0.0
140852,2008,5267,2500.0,9576002.0,0,1,1,2,4,0.0
140852,2009,4530,2500.0,10066869.0,1,1,1,2,4,2691.21
140852,2010,4559,2500.0,9911156.0,0,1,0,2,4,0.0
140853,2006,11476,500.0,19786489.0,2,1,0,2,1,2210.0
140854,2006,11404,500.0,20007000.0,0,0,0,2,1,0.0
140854,2007,11992,500.0,24984186.0,1,0,0,2,1,10305.03
140854,2008,12865,500.0,25730413.0,1,0,0,2,2,945.24
140854,2009,13751,500.0,26963363.0,0,0,0,2,2,0.0
140854,2010,13416,500.0,28544818.0,0,0,0,2,2,0.0
140856,2006,10321,1000.0,15403714.0,2,0,0,2,1,6713.58
140856,2007,10058,1000.0,16488785.0,0,0,0,2,1,0.0
140856,2008,9894,1000.0,17356787.0,3,0,0,2,1,29725.6
140856,2009,10708,1000.0,18149916.0,3,0,0,2,1,7720.2
140856,2010,10736,1000.0,20256836.0,3,0,0,2,2,2625.51
140857,2006,7132,2500.0,9770831.0,0,0,0,2,4,0.0
140857,2007,6439,2500.0,10554080.0,0,0,0,2,4,0.0
140857,2008,6650,2500.0,11082648.0,0,0,1,2,4,0.0
140857,2009,6976,2500.0,11436741.0,0,0,1,2,4,0.0
140857,2010,6060,2500.0,12118938.0,2,0,1,2,4,1000.0
140858,2006,2288,500.0,2630587.0,0,0,0,2,1,0.0
140858,2007,2318,500.0,2935043.0,0,0,0,2,1,0.0
140858,2008,2668,500.0,3420824.0,0,0,1,2,1,0.0
140858,2009,2823,500.0,3572698.0,0,0,1,2,1,0.0
140858,2010,2770,500.0,3901894.0,0,0,1,2,1,0.0
140859,2006,5340,5000.0,9708643.0,2,1,0,2,1,14935.01
140859,2007,4525,500.0,6960905.0,0,1,0,2,1,0.0
140859,2008,4889,500.0,7408012.0,0,1,0,2,1,0.0
140859,2009,5156,500.0,7812737.0,0,1,1,2,4,0.0
140859,2010,4719,500.0,8278751.0,0,1,1,2,4,0.0
140860,2006,6669,500.0,10586833.0,0,0,0,2,4,0.0
140860,2007,6694,500.0,11347263.0,2,0,0,2,4,3645.5
140860,2008,6802,500.0,11933016.0,1,0,0,2,4,3649.5
140860,2009,8267,500.0,13778604.0,0,0,0,2,4,0.0
140860,2010,8125,500.0,14774082.0,1,0,0,2,4,5695.0
140861,2006,19385,5000.0,24537420.0,0,0,0,2,1,0.0
140861,2007,11731,5000.0,26069444.0,0,0,0,2,1,0.0
140861,2008,12936,5000.0,27522719.0,0,0,1,2,1,0.0
140861,2009,13325,5000.0,28967708.0,0,0,1,2,1,0.0
140861,2010,11655,5000.0,28425488.0,0,0,1,2,4,0.0
140863,2006,7559,1000.0,12192887.0,0,0,0,2,1,0.0
140863,2007,6687,1000.0,12859775.0,0,0,0,2,1,0.0
140863,2008,6366,1000.0,15159401.0,0,0,1,2,1,0.0
140863,2009,5847,1000.0,15803983.0,0,0,1,2,1,0.0
140863,2010,5223,1000.0,14115716.0,2,0,1,2,4,2272.5
140864,2006,10800,500.0,14999818.0,1,0,0,2,4,873.0
140864,2007,9640,500.0,15548576.0,2,0,0,2,4,1370.0
140864,2008,13625,500.0,21975027.0,0,0,0,2,4,0.0
140864,2009,11629,1000.0,21942094.0,0,0,0,2,4,0.0
140864,2010,10512,1000.0,21023299.0,0,0,1,2,4,0.0
140866,2006,35990,1000.0,57127672.0,1,1,0,2,1,1500.0
140866,2008,34493,1000.0,65080968.0,0,1,0,2,4,0.0
140866,2009,29286,1000.0,65080968.0,0,1,0,2,4,0.0
140866,2010,33547,1000.0,67095517.0,2,1,1,2,4,24050.2
140867,2006,4338,500.0,4929244.0,0,0,0,2,1,0.0
140867,2007,4473,500.0,6044942.0,0,0,0,2,1,0.0
140867,2008,4419,500.0,6696773.0,0,0,1,2,1,0.0
140867,2009,3916,500.0,6992381.0,0,0,1,2,1,0.0
140867,2010,3956,500.0,6593616.0,1,0,1,2,1,2132.0
140869,2006,8140,500.0,9356075.0,0,0,0,2,1,0.0
140869,2007,6655,500.0,8424189.0,0,0,0,2,1,0.0
140869,2008,6055,500.0,8902970.0,0,0,1,2,1,0.0
140869,2009,6397,500.0,9271497.0,0,0,1,2,1,0.0
140869,2010,8570,500.0,14048766.0,4,0,1,2,1,6436.33
140870,2006,2519,2500.0,5248043.0,3,0,0,2,1,44410.85
140870,2007,2284,2500.0,4964771.0,2,0,0,2,1,5548.13
140870,2008,2386,2500.0,5188141.0,1,0,0,2,1,4900.0
140870,2009,2205,2500.0,5512775.0,0,0,0,2,4,0.0
140870,2010,2224,2500.0,5423465.0,3,0,0,2,4,9971.95
140871,2006,11800,2500.0,17878875.0,0,0,0,2,1,0.0
140871,2007,10156,2500.0,19160635.0,0,0,0,2,1,0.0
140871,2008,10481,2500.0,21389040.0,4,0,1,2,4,46684.53
140871,2009,12318,2500.0,25141289.0,2,0,0,2,4,3187.2
140871,2010,11261,2500.0,26812618.0,0,0,0,2,4,0.0
140873,2006,3089,1000.0,3286219.0,0,0,0,2,1,0.0
140873,2007,2850,1000.0,3519079.0,0,0,0,2,1,0.0
140873,2008,2968,1000.0,3709403.0,1,0,1,2,1,40022.42
140873,2009,2680,1000.0,3885371.0,0,0,0,2,1,0.0
140873,2010,2712,500.0,4108447.0,0,0,0,2,1,0.0
140874,2006,6233,1000.0,8905549.0,0,0,0,2,4,0.0
140874,2007,6054,1000.0,9172549.0,2,0,0,2,4,5913.32
140874,2008,6711,1000.0,10017660.0,0,0,0,2,4,0.0
140874,2009,5309,1000.0,10017660.0,0,0,0,2,4,0.0
140874,2010,5639,1000.0,12814027.0,0,0,1,2,1,0.0
140875,2006,6135,1000.0,6197244.0,0,1,0,2,1,0.0
140875,2007,4650,1000.0,6369540.0,0,1,0,2,1,0.0
140875,2008,6654,500.0,8530801.0,0,1,1,2,1,0.0
140875,2009,6294,1000.0,8741362.0,0,1,1,2,1,0.0
140875,2010,6040,1000.0,9292198.0,1,1,1,2,1,7113.4
140876,2006,3220,1000.0,4024859.0,1,1,0,2,1,3150.0
140877,2007,6498,5000.0,9845914.0,0,1,0,2,1,0.0
140877,2008,6508,5000.0,18593515.0,0,1,0,2,1,0.0
140877,2009,8637,5000.0,19193054.0,0,1,1,2,1,0.0
140877,2010,7480,5000.0,18701148.0,1,1,1,2,1,24879.0
150006,2006,1261,500.0,1705135.0,0,0,0,6,1,0.0
150006,2007,1296,500.0,1798692.0,0,0,0,6,1,0.0
150006,2008,1350,500.0,1874227.0,0,0,1,6,1,0.0
150006,2009,1209,500.0,1981680.0,1,0,1,6,1,2163.5
150006,2010,1184,500.0,1909796.0,0,0,0,6,1,0.0
150010,2006,637,500.0,664519.0,0,1,0,6,1,0.0
150010,2007,637,500.0,699666.0,0,1,0,6,1,0.0
150010,2008,658,500.0,731036.0,0,1,1,6,1,0.0
150010,2009,598,500.0,767870.0,0,1,1,6,1,0.0
150010,2010,593,500.0,740617.0,1,1,1,6,1,6971.0
150023,2006,2444,1000.0,3054892.0,0,0,0,6,4,0.0
150023,2007,2237,1000.0,3194577.0,0,0,0,6,4,0.0
150023,2008,2371,1000.0,3436210.0,1,0,1,6,4,57314.71
150023,2009,1959,1000.0,3561117.0,0,0,0,6,4,0.0
150023,2010,1893,1000.0,3442994.0,0,0,0,6,4,0.0
150050,2006,472,500.0,575360.0,0,1,0,6,1,0.0
150050,2007,486,500.0,607051.0,0,1,0,6,1,0.0
150050,2008,494,500.0,625379.0,0,1,1,6,1,0.0
150050,2009,458,500.0,673307.0,0,1,1,6,1,0.0
150050,2010,442,500.0,629783.0,0,1,1,6,1,0.0
150130,2006,1458,500.0,1918719.0,0,0,0,6,1,0.0
150130,2007,1498,500.0,2023621.0,0,0,0,6,1,0.0
150130,2008,1544,500.0,2115238.0,0,0,1,6,1,0.0
150130,2009,1637,500.0,2557708.0,1,0,1,6,1,1526.07
150130,2010,2450,500.0,2474282.0,0,0,0,6,1,0.0
150133,2006,522,1000.0,573500.0,0,0,0,6,1,0.0
150133,2007,929,500.0,1055979.0,0,0,0,6,1,0.0
150133,2008,913,500.0,1099291.0,0,0,1,6,1,0.0
150133,2009,939,500.0,1131780.0,0,0,1,6,1,0.0
150133,2010,763,500.0,1090342.0,0,0,1,6,1,0.0
150135,2006,1871,2500.0,3225036.0,0,0,0,6,1,0.0
150135,2007,1828,2500.0,3447761.0,0,0,0,6,1,0.0
150135,2008,1958,2500.0,3625940.0,0,0,1,6,4,0.0
150135,2009,1962,2500.0,3774861.0,0,0,1,6,4,0.0
150135,2010,1836,2500.0,4079769.0,0,0,1,6,4,0.0
150140,2006,728,500.0,817735.0,0,0,0,6,1,0.0
150140,2007,734,500.0,853064.0,0,0,0,6,1,0.0
150140,2008,692,500.0,804915.0,0,0,1,6,1,0.0
150140,2009,605,500.0,829610.0,0,0,1,6,1,0.0
150140,2010,584,500.0,799265.0,1,0,1,6,2,840.6
150183,2006,60,500.0,50000.0,0,0,0,6,1,0.0
150183,2007,439,1000.0,430000.0,0,0,0,6,1,0.0
150183,2008,463,1000.0,662025.0,0,0,1,6,2,0.0
150183,2009,356,1000.0,672936.0,0,0,1,6,2,0.0
150183,2010,344,1000.0,649433.0,0,0,1,6,2,0.0
150190,2006,1332,500.0,1930185.0,0,0,0,6,1,0.0
150190,2007,1297,500.0,2059371.0,0,0,0,6,1,0.0
150190,2008,1337,500.0,2155958.0,3,0,1,6,1,21763.72
150190,2009,1338,500.0,2230670.0,1,0,0,6,1,1015.0
150190,2010,1308,500.0,2379974.0,1,0,0,6,1,1899.0
150200,2006,100,500.0,12594.0,0,1,0,6,1,0.0
150200,2007,100,500.0,13375.0,0,1,0,6,1,0.0
150200,2008,33,500.0,13777.0,0,1,1,6,1,0.0
150200,2009,34,500.0,14452.0,0,1,1,6,3,0.0
150200,2010,33,500.0,14119.0,0,1,1,6,3,0.0
150201,2006,1038,1000.0,1482857.0,0,0,0,6,1,0.0
150201,2007,910,1000.0,1543517.0,0,0,0,6,1,0.0
150260,2006,2641,1000.0,2379718.0,0,0,0,6,1,0.0
150260,2007,2743,1000.0,2798126.0,0,0,0,6,1,0.0
150260,2008,2697,1000.0,2964463.0,0,0,1,6,1,0.0
150260,2009,2676,1000.0,3110590.0,0,0,1,6,1,0.0
150260,2010,2328,1000.0,3234133.0,0,0,1,6,4,0.0
150264,2006,593,500.0,494750.0,0,0,0,6,1,0.0
150264,2007,1222,500.0,1259729.0,0,0,0,6,1,0.0
150264,2008,1201,500.0,1334054.0,0,0,1,6,1,0.0
150264,2009,1027,500.0,1369726.0,0,0,1,6,1,0.0
150264,2010,1039,500.0,1332389.0,0,0,1,6,1,0.0
150265,2006,1748,500.0,1782818.0,1,0,0,6,1,1500.0
150265,2007,1669,500.0,1897908.0,1,0,0,6,1,1866.12
150281,2006,3188,2500.0,3936451.0,0,0,0,6,1,0.0
150281,2007,2796,2500.0,4172790.0,0,0,0,6,1,0.0
150281,2008,2766,2500.0,4390074.0,0,0,1,6,1,0.0
150281,2009,2695,2500.0,4566563.0,0,0,1,6,1,0.0
150281,2010,2255,2500.0,4510733.0,1,0,1,6,3,3858.2
150285,2006,1728,500.0,3142578.0,0,0,0,6,4,0.0
150285,2007,1797,500.0,3454745.0,1,0,0,6,4,11400.0
150285,2008,1985,500.0,3608492.0,0,0,0,6,4,0.0
150285,2009,1909,500.0,3819270.0,0,0,0,6,4,0.0
150285,2010,1910,500.0,3744966.0,0,0,1,6,4,0.0
150295,2006,1920,1000.0,2560340.0,0,1,0,6,4,0.0
150295,2007,1752,1000.0,2737617.0,0,1,0,6,4,0.0
150295,2008,4422,1000.0,6908320.0,0,1,1,6,4,0.0
150295,2009,3947,1000.0,7309600.0,0,1,1,6,4,0.0
150295,2010,3337,1000.0,7099373.0,0,1,1,6,4,0.0
150300,2006,277,500.0,227304.0,0,0,0,6,1,0.0
150300,2007,264,500.0,241231.0,0,0,0,6,1,0.0
150300,2008,265,500.0,253249.0,0,0,1,6,1,0.0
150300,2009,276,500.0,265367.0,0,0,1,6,1,0.0
150300,2010,218,500.0,254309.0,0,0,1,6,1,0.0
150304,2006,2690,1000.0,3056303.0,1,0,0,6,1,1898.76
150304,2007,2740,1000.0,3222992.0,0,0,0,6,1,0.0
150304,2008,2290,1000.0,2791746.0,0,0,0,6,1,0.0
150304,2009,2086,1000.0,2937176.0,0,0,1,6,1,0.0
150304,2010,2067,1000.0,2870618.0,1,0,1,6,1,1627.0
150306,2006,1725,500.0,3520951.0,2,1,0,6,1,523.0
150306,2007,1762,500.0,3672877.0,0,1,0,6,1,0.0
150306,2008,1783,500.0,3792566.0,1,1,0,6,1,4606.14
150306,2009,1720,500.0,4002472.0,0,1,0,6,2,0.0
150306,2010,1710,500.0,3978335.0,0,1,0,6,2,0.0
150350,2006,2316,2500.0,4370011.0,0,1,0,6,3,0.0
150350,2007,2377,2500.0,4569775.0,0,1,0,6,3,0.0
150350,2008,2597,2500.0,4810084.0,0,1,1,6,3,0.0
150350,2009,2308,2500.0,5016173.0,0,1,1,6,4,0.0
150350,2010,2417,2500.0,5144720.0,1,1,1,6,4,7111.0
150353,2006,3011,500.0,3860546.0,3,1,0,6,1,77401.5
150353,2007,2962,500.0,4172861.0,0,1,0,6,1,0.0
150353,2008,3411,500.0,4803010.0,0,1,0,6,1,0.0
150353,2009,3564,500.0,5019723.0,0,1,1,6,1,0.0
150353,2010,5255,500.0,8340119.0,1,1,1,6,4,1086.0
150372,2006,508,5000.0,1239507.0,0,1,0,6,1,0.0
150372,2007,519,5000.0,1297421.0,0,1,0,6,1,0.0
150372,2008,548,5000.0,1369337.0,0,1,1,6,1,0.0
150372,2009,492,5000.0,1446701.0,0,1,1,6,1,0.0
150372,2010,507,5000.0,1407756.0,0,1,1,6,1,0.0
150405,2006,830,500.0,1138544.0,0,1,0,6,1,0.0
150405,2007,847,500.0,1192304.0,2,1,0,6,1,10614.2
150405,2008,880,500.0,1256613.0,0,1,0,6,1,0.0
150405,2009,793,500.0,1300375.0,1,1,0,6,3,1888.48
150405,2010,795,500.0,1262480.0,0,1,0,6,3,0.0
150430,2006,416,500.0,477992.0,0,1,0,6,1,0.0
150430,2007,423,500.0,504037.0,0,1,0,6,1,0.0
150430,2008,444,500.0,527673.0,0,1,1,6,1,0.0
150440,2006,1550,500.0,1868187.0,0,0,0,6,1,0.0
150440,2007,1611,500.0,1965097.0,1,0,0,6,1,2190.0
150440,2008,1683,500.0,2053116.0,0,0,0,6,1,0.0
150440,2009,1617,500.0,2155322.0,0,0,0,6,1,0.0
150440,2010,1641,500.0,2130747.0,0,0,1,6,1,0.0
150442,2006,3110,10000.0,5271640.0,0,0,0,6,4,0.0
150442,2007,2933,10000.0,5533833.0,0,0,0,6,4,0.0
150442,2008,4219,10000.0,8436724.0,0,0,1,6,4,0.0
150442,2009,3325,10000.0,8986221.0,0,0,1,6,4,0.0
150442,2010,3724,5000.0,8660271.0,0,0,1,6,4,0.0
150499,2006,228,500.0,269218.0,0,1,0,6,1,0.0
150499,2007,230,500.0,279836.0,0,1,0,6,1,0.0
150499,2008,243,500.0,297103.0,0,1,1,6,3,0.0
150499,2009,209,500.0,302744.0,0,1,1,6,3,0.0
150499,2010,208,500.0,292331.0,0,1,1,6,3,0.0
150520,2006,1730,5000.0,1942514.0,0,0,0,6,1,0.0
150520,2007,1546,5000.0,2088249.0,0,0,0,6,1,0.0
150520,2008,1631,5000.0,2203728.0,0,0,1,6,1,0.0
150520,2009,1711,5000.0,2311489.0,0,0,1,6,1,0.0
150520,2010,1420,5000.0,2449095.0,0,0,1,6,2,0.0
150524,2006,4188,500.0,6250055.0,0,0,0,6,4,0.0
150524,2007,7067,500.0,10095443.0,0,0,0,6,4,0.0
150524,2008,7804,500.0,12792444.0,0,0,1,6,4,0.0
150524,2009,5440,5000.0,13600361.0,0,0,1,6,4,0.0
150524,2010,5645,5000.0,13439943.0,0,0,1,6,4,0.0
150550,2006,539,500.0,332724.0,0,1,0,6,1,0.0
150550,2007,507,500.0,346936.0,0,1,0,6,1,0.0
150550,2008,491,500.0,366464.0,0,1,1,6,1,0.0
150550,2009,398,500.0,375743.0,0,1,1,6,1,0.0
150550,2010,437,500.0,393556.0,0,1,1,6,1,0.0
150560,2006,5356,500.0,6780617.0,0,0,0,6,1,0.0
150560,2007,5222,500.0,7252908.0,3,0,0,6,1,6581.56
150560,2008,5279,500.0,7650007.0,0,0,0,6,1,0.0
150560,2009,5378,500.0,8026326.0,0,0,0,6,1,0.0
150560,2010,4915,500.0,8776003.0,2,0,1,6,3,2535.0
150591,2006,984,1000.0,1294266.0,0,1,0,6,1,0.0
150591,2007,890,1000.0,1349937.0,0,1,0,6,1,0.0
150591,2008,928,1000.0,1427181.0,0,1,1,6,1,0.0
150591,2009,757,1000.0,1483340.0,0,1,1,6,1,0.0
150591,2010,733,1000.0,1436160.0,0,1,1,6,1,0.0
150655,2006,247,500.0,242569.0,0,0,0,6,1,0.0
150655,2007,233,500.0,256827.0,1,0,0,6,1,3987.0
150655,2008,233,500.0,270979.0,0,0,0,6,1,0.0
150655,2009,238,500.0,280214.0,0,0,0,6,1,0.0
150655,2010,198,500.0,271693.0,0,0,1,6,3,0.0
150664,2006,725,500.0,754671.0,0,0,0,6,1,0.0
150664,2007,765,500.0,822635.0,0,0,0,6,1,0.0
150664,2008,1152,500.0,1252425.0,0,0,1,6,1,0.0
150664,2009,1590,500.0,1766334.0,2,0,1,6,1,3240.0
150664,2010,1404,500.0,1732866.0,0,0,0,6,1,0.0
150689,2006,436,1000.0,525400.0,0,0,0,6,1,0.0
150689,2007,403,1000.0,560011.0,0,0,0,6,1,0.0
150689,2008,410,1000.0,592976.0,1,0,1,6,1,1011505.79
150689,2009,425,1000.0,624286.0,0,0,0,6,1,0.0
150689,2010,1563,1000.0,2603249.0,0,0,0,6,1,0.0
150700,2006,947,500.0,1017591.0,0,0,0,6,1,0.0
150700,2007,1076,500.0,1236250.0,0,0,0,6,1,0.0
150700,2008,1661,500.0,1931645.0,1,0,1,6,1,2190.77
150700,2009,1565,500.0,1931645.0,0,0,0,6,1,0.0
150700,2010,1671,500.0,2013762.0,0,0,0,6,3,0.0
150705,2006,1514,500.0,1681912.0,1,1,0,6,1,1367.73
150705,2007,1469,500.0,1813067.0,2,1,0,6,1,5833.78
150705,2008,1496,500.0,1917712.0,0,1,0,6,1,0.0
150705,2009,1570,500.0,2013024.0,1,1,0,6,1,2544.6
150705,2010,1496,500.0,2198900.0,0,1,0,6,1,0.0
150713,2006,410,500.0,466716.0,0,1,0,6,1,0.0
150713,2007,419,500.0,492257.0,0,1,0,6,1,0.0
150713,2008,443,500.0,515556.0,0,1,1,6,1,0.0
150713,2009,967,500.0,1324539.0,0,1,1,6,3,0.0
150713,2010,843,500.0,1239628.0,0,1,1,6,3,0.0
150719,2006,474,500.0,495069.0,0,0,0,6,1,0.0
150719,2007,459,500.0,532936.0,0,0,0,6,1,0.0
150719,2008,465,500.0,560914.0,0,0,1,6,1,0.0
150719,2009,488,500.0,586824.0,0,0,1,6,1,0.0
150719,2010,433,500.0,618851.0,0,0,1,6,3,0.0
150738,2009,477,1000.0,899000.0,0,0,0,6,1,0.0
150738,2010,499,1000.0,874643.0,0,0,0,6,1,0.0
150745,2006,377,500.0,321980.0,0,0,0,6,1,0.0
150745,2007,362,500.0,341735.0,0,0,0,6,1,0.0
150745,2008,348,500.0,357915.0,0,0,1,6,1,0.0
150745,2009,369,500.0,377210.0,0,0,1,6,1,0.0
150748,2006,616,500.0,649057.0,0,1,0,6,1,0.0
150748,2007,587,500.0,682802.0,0,1,0,6,1,0.0
150748,2008,591,500.0,711363.0,0,1,1,6,1,0.0
150748,2009,519,500.0,762563.0,0,1,1,6,1,0.0
150748,2010,515,500.0,716213.0,0,1,1,6,1,0.0
150759,2006,129,500.0,111500.0,0,0,0,6,1,0.0
150759,2007,232,500.0,267033.0,0,0,0,6,1,0.0
150759,2008,236,500.0,283589.0,0,0,1,6,1,0.0
150759,2009,197,500.0,288725.0,0,0,1,6,1,0.0
150759,2010,198,500.0,279322.0,0,0,1,6,1,0.0
150760,2006,30,500.0,22000.0,0,0,0,6,1,0.0
150760,2007,102,500.0,114194.0,0,0,0,6,1,0.0
150760,2008,102,500.0,121174.0,0,0,1,6,1,0.0
150760,2009,83,500.0,123514.0,0,0,1,6,1,0.0
150764,2006,480,500.0,220000.0,0,0,0,6,1,0.0
150764,2007,646,2500.0,431231.0,0,0,0,6,1,0.0
150764,2008,618,2500.0,457732.0,0,0,1,6,1,0.0
150764,2009,513,2500.0,466841.0,0,0,1,6,1,0.0
150764,2010,497,2500.0,451528.0,0,0,1,6,1,0.0
150770,2006,159,500.0,150466.0,0,0,0,6,1,0.0
150770,2007,152,500.0,158032.0,0,0,0,6,1,0.0
150770,2008,148,500.0,166694.0,0,0,1,6,1,0.0
150770,2009,125,500.0,173268.0,0,0,1,6,1,0.0
150770,2010,128,500.0,167976.0,0,0,1,6,1,0.0
150773,2006,200,500.0,279000.0,0,1,0,6,1,0.0
150773,2007,273,500.0,385000.0,0,1,0,6,1,0.0
150773,2008,417,500.0,630000.0,0,1,1,6,1,0.0
150775,2006,303,500.0,329344.0,0,1,0,6,1,0.0
150775,2007,302,500.0,346927.0,0,1,0,6,1,0.0
150775,2008,318,500.0,366346.0,0,1,1,6,1,0.0
150775,2009,283,500.0,377725.0,0,1,1,6,1,0.0
150775,2010,281,500.0,369450.0,0,1,1,6,1,0.0
150777,2006,103,500.0,115000.0,0,0,0,6,1,0.0
150777,2007,242,500.0,278107.0,0,0,0,6,1,0.0
150777,2008,246,500.0,286609.0,0,0,1,6,1,0.0
150777,2009,230,500.0,306414.0,0,0,1,6,1,0.0
150777,2010,221,500.0,291083.0,0,0,1,6,1,0.0
150780,2006,116,500.0,23000.0,0,0,0,6,1,0.0
150781,2006,696,500.0,709933.0,0,1,0,6,1,0.0
150781,2007,598,500.0,747155.0,0,1,0,6,1,0.0
150781,2008,627,500.0,784494.0,0,1,1,6,1,0.0
150781,2009,545,500.0,813381.0,0,1,1,6,1,0.0
150781,2010,548,500.0,793702.0,0,1,1,6,1,0.0
150793,2006,9137,500.0,9229745.0,0,0,0,6,1,0.0
150800,2006,232,500.0,232000.0,0,0,0,6,1,0.0
150800,2007,230,500.0,262000.0,0,0,0,6,1,0.0
150800,2008,262,500.0,311391.0,0,0,1,6,1,0.0
150800,2009,256,500.0,317423.0,0,0,1,6,1,0.0
150800,2010,215,500.0,307165.0,0,0,1,6,1,0.0
150802,2006,1099,5000.0,1640661.0,0,1,0,6,1,0.0
150802,2007,978,5000.0,1745566.0,0,1,0,6,1,0.0
150802,2008,975,5000.0,1740237.0,0,1,1,6,1,0.0
150802,2009,982,5000.0,1818847.0,0,1,1,6,1,0.0
150802,2010,781,5000.0,1775344.0,0,1,1,6,3,0.0
150811,2006,403,500.0,419499.0,0,0,0,6,1,0.0
150811,2007,387,500.0,444683.0,0,0,0,6,1,0.0
150811,2008,391,500.0,466948.0,0,0,1,6,1,0.0
150811,2009,406,500.0,489977.0,0,0,1,6,2,0.0
150811,2010,331,500.0,467087.0,0,0,1,6,2,0.0
150812,2006,276,500.0,228136.0,0,0,0,6,1,0.0
150812,2007,259,500.0,240300.0,0,0,0,6,1,0.0
150812,2008,256,500.0,254591.0,0,0,1,6,1,0.0
150812,2009,260,500.0,259570.0,0,0,1,6,1,0.0
150812,2010,218,500.0,250758.0,0,0,1,6,1,0.0
150817,2006,388,500.0,416249.0,0,1,0,6,1,0.0
150817,2007,385,500.0,438276.0,0,1,0,6,1,0.0
150817,2008,341,500.0,392119.0,0,1,1,6,1,0.0
150817,2009,301,500.0,408247.0,0,1,1,6,3,0.0
150817,2010,319,500.0,425277.0,0,1,1,6,3,0.0
150820,2006,303,500.0,340852.0,0,0,0,6,1,0.0
150820,2007,286,500.0,362038.0,0,0,0,6,1,0.0
150820,2008,297,500.0,385755.0,0,0,1,6,1,0.0
150820,2009,314,500.0,408635.0,0,0,1,6,1,0.0
150820,2010,337,500.0,475322.0,0,0,1,6,2,0.0
150821,2006,227,500.0,270518.0,1,1,0,6,1,3050.0
150821,2007,217,500.0,287816.0,0,1,0,6,1,0.0
150821,2008,216,500.0,299593.0,0,1,0,6,1,0.0
150821,2009,234,500.0,319940.0,0,1,1,6,1,0.0
150821,2010,194,500.0,303535.0,1,1,1,6,1,750.0
150824,2006,1096,1000.0,1216724.0,1,0,0,6,4,4500.0
150824,2007,1215,500.0,1305842.0,0,0,0,6,4,0.0
150824,2008,1227,500.0,1378327.0,0,0,0,6,4,0.0
150824,2009,1286,500.0,1444205.0,0,0,1,6,4,0.0
150824,2010,1082,500.0,1524798.0,0,0,1,6,4,0.0
150825,2006,521,500.0,619975.0,0,0,0,6,1,0.0
150825,2007,493,500.0,658396.0,0,0,0,6,1,0.0
150825,2008,502,500.0,688382.0,0,0,1,6,1,0.0
150825,2009,532,500.0,730369.0,0,0,1,6,1,0.0
150825,2010,451,500.0,694284.0,0,0,1,6,1,0.0
150827,2006,198,500.0,123833.0,0,1,0,6,1,0.0
150827,2007,265,500.0,130422.0,0,1,0,6,1,0.0
150827,2008,276,500.0,137684.0,0,1,1,6,1,0.0
150827,2009,225,500.0,141959.0,0,1,1,6,1,0.0
150827,2010,222,500.0,138558.0,0,1,1,6,1,0.0
150829,2006,670,500.0,720882.0,0,1,0,6,1,0.0
150829,2007,652,500.0,776727.0,1,1,0,6,1,1198.99
150829,2008,674,500.0,821313.0,0,1,0,6,1,0.0
150829,2009,567,500.0,845266.0,0,1,0,6,3,0.0
150829,2010,602,500.0,858756.0,0,1,1,6,3,0.0
150834,2006,1288,500.0,1651179.0,0,0,0,6,1,0.0
150834,2007,1222,500.0,1745694.0,0,0,0,6,1,0.0
150834,2008,1342,500.0,1944981.0,0,0,1,6,1,0.0
150834,2009,1386,500.0,2007962.0,0,0,1,6,1,0.0
150834,2010,1167,500.0,1944867.0,0,0,1,6,1,0.0
150835,2006,1574,500.0,1077875.0,0,0,0,6,1,0.0
150835,2007,1482,500.0,1123055.0,0,0,0,6,1,0.0
150835,2008,1436,500.0,1186005.0,0,0,1,6,1,0.0
150835,2009,1126,500.0,1222817.0,0,0,1,6,1,0.0
150835,2010,1117,500.0,1175664.0,0,0,1,6,3,0.0
150836,2006,654,1000.0,751368.0,0,1,0,6,1,0.0
150838,2006,673,500.0,723889.0,0,1,0,6,1,0.0
150838,2007,639,500.0,752837.0,0,1,0,6,1,0.0
150838,2008,652,500.0,795363.0,0,1,1,6,1,0.0
150838,2009,559,500.0,809877.0,0,1,1,6,1,0.0
150838,2010,385,500.0,535361.0,0,1,1,6,1,0.0
150849,2006,486,1000.0,578629.0,0,1,0,6,1,0.0
150849,2007,444,1000.0,601193.0,0,1,0,6,1,0.0
150849,2008,452,1000.0,637333.0,0,1,1,6,1,0.0
150849,2009,370,1000.0,649610.0,0,1,1,6,1,0.0
150849,2010,352,1000.0,627552.0,0,1,1,6,1,0.0
150855,2006,103,500.0,89040.0,0,1,0,6,1,0.0
150855,2007,96,500.0,92526.0,0,1,0,6,1,0.0
150855,2008,92,500.0,98263.0,0,1,1,6,1,0.0
150864,2006,445,1000.0,511719.0,0,0,0,6,1,0.0
150865,2006,560,500.0,699760.0,0,0,0,6,4,0.0
150865,2007,551,500.0,706247.0,2,0,0,6,4,17638.0
150865,2008,588,500.0,735683.0,1,0,0,6,4,5244.0
150865,2009,537,500.0,778340.0,0,0,0,6,4,0.0
150865,2010,526,500.0,739927.0,0,0,0,6,4,0.0
150867,2006,2623,1000.0,2881290.0,0,0,0,6,1,0.0
150867,2007,3367,1000.0,3825993.0,0,0,0,6,1,0.0
150867,2008,3084,1000.0,3903355.0,0,0,1,6,1,0.0
150867,2009,2575,1000.0,4088486.0,0,0,1,6,1,0.0
150867,2010,2310,1000.0,3983361.0,0,0,1,6,1,0.0
150870,2006,721,1000.0,948080.0,1,1,0,6,1,900.0
150870,2007,758,1000.0,1010215.0,0,1,0,6,1,0.0
150870,2008,778,1000.0,1066939.0,0,1,0,6,1,0.0
150870,2009,681,1000.0,1153188.0,0,1,1,6,1,0.0
150870,2010,675,1000.0,1108777.0,0,1,1,6,1,0.0
150873,2006,1106,500.0,1242674.0,0,0,0,6,1,0.0
150873,2007,1128,500.0,1327237.0,0,0,0,6,1,0.0
150873,2008,1298,500.0,1526738.0,0,0,1,6,1,0.0
150873,2009,1248,500.0,1733734.0,0,0,1,6,1,0.0
150873,2010,1299,500.0,1687307.0,0,0,1,6,1,0.0
150875,2006,365,500.0,379733.0,0,1,0,6,1,0.0
150875,2007,364,500.0,400563.0,0,1,0,6,1,0.0
150875,2008,378,500.0,420951.0,0,1,1,6,1,0.0
150875,2009,331,500.0,435544.0,0,1,1,6,4,0.0
150875,2010,320,500.0,427194.0,0,1,1,6,4,0.0
150877,2006,504,500.0,599183.0,0,0,0,6,1,0.0
150877,2007,507,500.0,625388.0,0,0,0,6,1,0.0
150877,2008,536,500.0,661485.0,0,0,1,6,1,0.0
150877,2009,476,500.0,679704.0,0,0,1,6,2,0.0
150877,2010,476,500.0,660770.0,0,0,1,6,2,0.0
150880,2006,1315,500.0,1776497.0,0,0,0,6,1,0.0
150880,2007,1249,500.0,1862549.0,0,0,0,6,1,0.0
150880,2008,1267,500.0,1949877.0,0,0,1,6,1,0.0
150880,2009,1134,500.0,2062118.0,0,0,1,6,1,0.0
150880,2010,1119,500.0,1963782.0,0,0,1,6,1,0.0
150882,2006,666,500.0,793870.0,0,0,0,6,1,0.0
150882,2007,649,500.0,842589.0,0,0,0,6,1,0.0
150882,2008,652,500.0,881536.0,0,0,1,6,1,0.0
150882,2009,689,500.0,930390.0,0,0,1,6,1,0.0
150882,2010,565,500.0,882573.0,0,0,1,6,1,0.0
150886,2006,281,500.0,334967.0,0,1,0,6,1,0.0
150886,2007,288,500.0,354822.0,0,1,0,6,1,0.0
150886,2008,349,500.0,432243.0,0,1,1,6,1,0.0
150886,2009,330,500.0,445511.0,0,1,1,6,1,0.0
150886,2010,335,500.0,435666.0,0,1,1,6,1,0.0
150888,2006,499,500.0,561554.0,0,0,0,6,1,0.0
150888,2007,471,500.0,596473.0,0,0,0,6,1,0.0
150888,2008,519,500.0,683099.0,0,0,1,6,1,0.0
150888,2009,509,500.0,661077.0,0,0,1,6,1,0.0
150888,2010,426,500.0,626906.0,0,0,1,6,1,0.0
150890,2006,572,500.0,733332.0,1,1,0,6,1,945.35
150890,2007,552,500.0,777475.0,0,1,0,6,1,0.0
150890,2008,550,500.0,808407.0,0,1,0,6,1,0.0
150890,2009,567,500.0,832928.0,0,1,1,6,1,0.0
150890,2010,536,500.0,893751.0,0,1,1,6,3,0.0
150897,2006,936,500.0,954465.0,0,0,0,6,1,0.0
150897,2007,897,500.0,1008278.0,0,0,0,6,1,0.0
150897,2008,878,500.0,1032787.0,0,0,1,6,1,0.0
150897,2009,901,500.0,1058906.0,0,0,1,6,1,0.0
150897,2010,749,500.0,1025745.0,0,0,1,6,1,0.0
150910,2006,312,500.0,318317.0,0,1,0,6,1,0.0
150910,2007,291,500.0,335655.0,0,1,0,6,1,0.0
150910,2008,296,500.0,348257.0,0,1,1,6,1,0.0
150910,2009,256,500.0,376371.0,0,1,1,6,1,0.0
150910,2010,249,500.0,351404.0,0,1,1,6,1,0.0
150911,2006,3112,2500.0,3841762.0,1,1,0,6,1,4210.02
150912,2006,1404,1000.0,2126928.0,0,0,0,6,1,0.0
150912,2007,1031,5000.0,2342552.0,0,0,0,6,1,0.0
150912,2008,1062,5000.0,2469856.0,0,0,1,6,1,0.0
150912,2009,949,5000.0,2564053.0,0,0,1,6,1,0.0
150912,2010,919,5000.0,2485125.0,0,0,1,6,1,0.0
150913,2006,212,500.0,185621.0,0,0,0,6,1,0.0
150914,2006,106,500.0,54997.0,0,0,0,6,1,0.0
150919,2006,488,500.0,519812.0,0,0,0,6,1,0.0
150919,2007,470,500.0,552107.0,0,0,0,6,1,0.0
150919,2008,473,500.0,583029.0,0,0,1,6,1,0.0
150919,2009,502,500.0,620208.0,0,0,1,6,3,0.0
150919,2010,414,500.0,599371.0,0,0,1,6,3,0.0
150926,2006,186,500.0,169863.0,0,0,0,6,1,0.0
150926,2007,176,500.0,179145.0,0,0,0,6,1,0.0
150926,2008,175,500.0,190239.0,0,0,1,6,1,0.0
150926,2009,176,500.0,193770.0,0,0,1,6,1,0.0
150926,2010,144,500.0,187244.0,0,0,1,6,1,0.0
150928,2006,208,500.0,236685.0,0,1,0,6,1,0.0
150928,2007,211,500.0,245976.0,0,1,0,6,1,0.0
150933,2006,1407,500.0,1202328.0,2,1,0,6,1,1215.27
150933,2007,1346,500.0,1257488.0,0,1,0,6,1,0.0
150933,2008,1411,500.0,1319022.0,0,1,0,6,1,0.0
150933,2009,1228,500.0,1379887.0,0,1,1,6,1,0.0
150933,2010,1185,500.0,1317432.0,0,1,1,6,1,0.0
150940,2006,2225,1000.0,2445303.0,0,0,0,6,4,0.0
150940,2007,2140,1000.0,2643181.0,0,0,0,6,4,0.0
150940,2008,2138,1000.0,2776529.0,0,0,1,6,4,0.0
150940,2009,2141,1000.0,2892362.0,0,0,1,6,4,0.0
150940,2010,1950,1000.0,3094620.0,0,0,1,6,4,0.0
150942,2006,2061,500.0,2513134.0,0,0,0,6,4,0.0
150942,2007,2025,500.0,2700214.0,0,0,0,6,4,0.0
150942,2008,2055,500.0,2854002.0,0,0,1,6,4,0.0
150942,2009,2190,500.0,2999275.0,0,0,1,6,4,0.0
150942,2010,1984,500.0,3201018.0,0,0,1,6,4,0.0
150943,2006,2250,2500.0,2885111.0,0,1,0,6,1,0.0
150952,2006,182,500.0,176368.0,0,0,0,6,1,0.0
150952,2007,173,500.0,187567.0,0,0,0,6,1,0.0
150952,2008,175,500.0,198045.0,0,0,1,6,1,0.0
150952,2009,181,500.0,205354.0,0,0,1,6,1,0.0
150952,2010,147,500.0,198254.0,0,0,1,6,1,0.0
150955,2006,2823,1000.0,3573545.0,0,0,0,6,1,0.0
150955,2007,2265,2500.0,3839345.0,0,0,0,6,1,0.0
150955,2008,2368,2500.0,4154432.0,0,0,1,6,1,0.0
150955,2009,2481,2500.0,4352751.0,0,0,1,6,1,0.0
150955,2010,2097,2500.0,4557850.0,0,0,1,6,1,0.0
150956,2006,318,500.0,317420.0,0,0,0,6,1,0.0
150956,2007,311,500.0,342434.0,0,0,0,6,1,0.0
150956,2008,311,500.0,361545.0,0,0,1,6,1,0.0
150956,2009,327,500.0,380709.0,0,0,1,6,1,0.0
150956,2010,292,500.0,398388.0,0,0,1,6,1,0.0
150965,2006,939,500.0,1020922.0,0,0,0,6,1,0.0
150965,2007,958,500.0,1167812.0,0,0,0,6,1,0.0
150965,2008,883,500.0,1103232.0,0,0,1,6,1,0.0
150965,2009,939,500.0,1144976.0,0,0,1,6,1,0.0
150965,2010,868,500.0,1239678.0,1,0,1,6,1,760.13
150969,2006,270,500.0,315445.0,0,1,0,6,1,0.0
150969,2007,279,500.0,331959.0,0,1,0,6,1,0.0
150969,2008,292,500.0,348350.0,0,1,1,6,1,0.0
150969,2009,253,500.0,366067.0,0,1,1,6,1,0.0
150969,2010,252,500.0,355701.0,0,1,1,6,1,0.0
150976,2006,1795,500.0,1760287.0,0,0,0,6,1,0.0
150977,2006,778,500.0,819597.0,0,0,0,6,3,0.0
150977,2007,738,500.0,868362.0,0,0,0,6,3,0.0
150977,2008,757,500.0,913303.0,0,0,1,6,3,0.0
150977,2009,779,500.0,950248.0,0,0,1,6,3,0.0
150977,2010,637,500.0,910547.0,0,0,1,6,2,0.0
150980,2006,281,500.0,291920.0,0,1,0,6,1,0.0
150980,2007,254,500.0,295504.0,0,1,0,6,1,0.0
150980,2008,255,500.0,322678.0,0,1,1,6,1,0.0
150980,2009,231,500.0,345056.0,0,1,1,6,1,0.0
150980,2010,225,500.0,327217.0,0,1,1,6,1,0.0
150981,2006,88,1000.0,75775.0,0,0,0,6,1,0.0
150981,2007,90,500.0,81194.0,0,0,0,6,1,0.0
150981,2008,87,500.0,85324.0,0,0,1,6,1,0.0
150981,2009,91,500.0,89323.0,0,0,1,6,1,0.0
150981,2010,85,500.0,95265.0,0,0,1,6,3,0.0
150982,2006,630,500.0,714683.0,0,1,0,6,1,0.0
150982,2007,615,500.0,758741.0,0,1,0,6,1,0.0
150982,2008,612,500.0,794432.0,0,1,1,6,1,0.0
150982,2009,637,500.0,837621.0,0,1,1,6,1,0.0
150982,2010,531,500.0,792355.0,0,1,1,6,1,0.0
150983,2006,404,500.0,493401.0,0,0,0,6,1,0.0
150983,2007,387,500.0,523933.0,0,0,0,6,1,0.0
150983,2008,384,500.0,548884.0,0,0,1,6,1,0.0
150983,2009,400,500.0,579365.0,0,0,1,6,1,0.0
150983,2010,326,500.0,551241.0,0,0,1,6,1,0.0
150984,2006,540,2500.0,642219.0,0,0,0,6,1,0.0
150984,2007,486,2500.0,693646.0,0,0,0,6,1,0.0
150984,2008,491,2500.0,732654.0,0,0,1,6,1,0.0
150984,2009,493,2500.0,757942.0,0,0,1,6,1,0.0
150987,2006,576,500.0,592992.0,0,1,0,6,1,0.0
150987,2007,557,500.0,639977.0,0,1,0,6,1,0.0
150987,2008,822,500.0,966631.0,0,1,1,6,1,0.0
150987,2009,827,500.0,1008229.0,0,1,1,6,1,0.0
150987,2010,748,500.0,1084401.0,0,1,1,6,1,0.0
150997,2006,360,500.0,387114.0,0,1,0,6,1,0.0
150997,2007,368,500.0,408351.0,0,1,0,6,1,0.0
150997,2008,379,500.0,425566.0,0,1,1,6,1,0.0
150997,2009,341,500.0,448243.0,0,1,1,6,1,0.0
150997,2010,339,500.0,428270.0,0,1,1,6,1,0.0
150998,2006,2082,1000.0,2668828.0,0,0,0,6,1,0.0
150998,2007,1952,1000.0,2829529.0,0,0,0,6,1,0.0
150998,2008,1998,1000.0,2981321.0,0,0,1,6,1,0.0
150998,2009,1962,1000.0,3113522.0,0,0,1,6,1,0.0
150998,2010,1853,1000.0,3495365.0,0,0,1,6,1,0.0
151005,2006,697,500.0,585672.0,0,0,0,6,1,0.0
151005,2007,671,500.0,609721.0,0,0,0,6,1,0.0
151005,2008,710,500.0,645552.0,0,0,1,6,1,0.0
151005,2009,600,500.0,659800.0,0,0,1,6,1,0.0
151005,2010,591,500.0,642540.0,0,0,1,6,1,0.0
151011,2006,126,500.0,91500.0,0,0,0,6,1,0.0
151011,2007,114,500.0,91500.0,0,0,0,6,1,0.0
151011,2008,417,500.0,479103.0,0,0,1,6,1,0.0
151011,2009,370,500.0,494319.0,0,0,1,6,1,0.0
151011,2010,367,500.0,482987.0,0,0,1,6,1,0.0
151014,2006,1550,500.0,3163621.0,2,0,0,6,1,41812.42
151014,2007,1487,500.0,3379632.0,0,0,0,6,1,0.0
151014,2008,1420,500.0,3550559.0,0,0,0,6,1,0.0
151014,2009,1512,500.0,3778042.0,0,0,1,6,1,0.0
151014,2010,1397,500.0,3992658.0,0,0,1,6,1,0.0
151018,2006,290,1000.0,287697.0,0,1,0,6,1,0.0
151018,2007,265,1000.0,307816.0,0,1,0,6,4,0.0
151018,2008,262,1000.0,326901.0,0,1,1,6,4,0.0
151018,2009,265,1000.0,344253.0,0,1,1,6,4,0.0
151018,2010,224,1000.0,355522.0,0,1,1,6,4,0.0
151020,2006,1350,500.0,1848250.0,1,1,0,6,1,868.0
151020,2007,1363,500.0,1945763.0,2,1,0,6,1,14486.5
151020,2008,1412,500.0,2016410.0,0,1,0,6,1,0.0
151020,2009,1351,500.0,2178804.0,0,1,0,6,1,0.0
151020,2010,1327,500.0,2105034.0,0,1,1,6,1,0.0
151024,2006,257,500.0,239877.0,0,0,0,6,1,0.0
151024,2007,242,500.0,253334.0,0,0,0,6,1,0.0
151024,2008,242,500.0,268664.0,0,0,1,6,1,0.0
151024,2009,247,500.0,274047.0,0,0,1,6,1,0.0
151024,2010,207,500.0,264961.0,0,0,1,6,1,0.0
151027,2006,729,500.0,888019.0,0,1,0,6,1,0.0
151027,2007,730,500.0,923467.0,0,1,0,6,1,0.0
151027,2008,753,500.0,953412.0,0,1,1,6,1,0.0
151027,2009,686,500.0,1024275.0,0,1,1,6,1,0.0
151027,2010,604,500.0,959515.0,0,1,1,6,1,0.0
151030,2006,510,500.0,653443.0,0,1,0,6,1,0.0
151030,2007,1187,500.0,1562668.0,0,1,0,6,1,0.0
151030,2008,752,500.0,1016755.0,0,1,1,6,1,0.0
151030,2009,860,500.0,1344135.0,2,1,1,6,1,4418.04
151030,2010,873,500.0,1303111.0,0,1,0,6,1,0.0
151037,2006,1071,1000.0,1305932.0,0,0,0,6,1,0.0
151037,2007,1021,1000.0,1418110.0,0,0,0,6,1,0.0
151037,2008,1032,1000.0,1474353.0,0,0,1,6,1,0.0
151037,2009,1313,1000.0,1960007.0,0,0,1,6,1,0.0
151037,2010,1057,1000.0,1854347.0,0,0,1,6,1,0.0
151041,2006,368,500.0,427602.0,0,1,0,6,1,0.0
151041,2007,375,500.0,445844.0,0,1,0,6,1,0.0
151041,2008,383,500.0,461111.0,0,1,1,6,1,0.0
151042,2006,1115,500.0,1312014.0,0,0,0,6,1,0.0
151042,2007,1131,500.0,1378673.0,0,0,0,6,1,0.0
151042,2008,1187,500.0,1447683.0,0,0,1,6,1,0.0
151042,2009,1065,500.0,1499834.0,0,0,1,6,1,0.0
151042,2010,1077,500.0,1517794.0,0,0,1,6,1,0.0
151044,2006,2223,500.0,2470652.0,0,0,0,6,1,0.0
151044,2007,1820,500.0,2304310.0,0,0,0,6,1,0.0
151044,2008,1709,1000.0,2443044.0,0,0,1,6,1,0.0
151044,2009,1491,1000.0,2663313.0,0,0,1,6,1,0.0
151044,2010,1404,1000.0,2553225.0,0,0,1,6,3,0.0
151045,2006,279,1000.0,312482.0,0,0,0,6,1,0.0
151045,2007,273,1000.0,336703.0,0,0,0,6,1,0.0
151045,2008,289,1000.0,361572.0,0,0,1,6,1,0.0
151045,2009,280,1000.0,373045.0,1,0,1,6,1,26761.0
151045,2010,228,1000.0,361085.0,0,0,0,6,3,0.0
151047,2006,338,500.0,307688.0,0,1,0,6,4,0.0
151047,2007,319,500.0,324990.0,0,1,0,6,4,0.0
151047,2008,320,500.0,344086.0,1,1,1,6,4,15140.0
151047,2009,324,500.0,351662.0,0,1,0,6,4,0.0
151047,2010,271,500.0,342606.0,0,1,0,6,4,0.0
151048,2006,395,500.0,420702.0,0,1,0,6,1,0.0
151048,2007,384,500.0,445601.0,0,1,0,6,1,0.0
151048,2008,645,500.0,786071.0,0,1,1,6,1,0.0
151048,2009,653,500.0,815559.0,0,1,1,6,4,0.0
151048,2010,545,500.0,790288.0,0,1,1,6,4,0.0
151053,2006,772,500.0,839350.0,0,1,0,6,1,0.0
151053,2007,745,500.0,887428.0,0,1,0,6,1,0.0
151053,2008,752,500.0,940666.0,0,1,1,6,1,0.0
151053,2009,772,500.0,965471.0,0,1,1,6,1,0.0
151053,2010,636,500.0,935108.0,0,1,1,6,1,0.0
151054,2006,107,500.0,82976.0,0,1,0,6,1,0.0
151054,2007,101,500.0,87679.0,0,1,0,6,1,0.0
151054,2008,101,500.0,93025.0,0,1,1,6,1,0.0
151055,2006,223,1000.0,175885.0,0,0,0,6,1,0.0
151055,2007,204,1000.0,183351.0,0,0,0,6,1,0.0
151055,2008,199,1000.0,192869.0,0,0,1,6,1,0.0
151055,2009,164,1000.0,199707.0,1,0,1,6,1,2072.95
151055,2010,155,1000.0,191139.0,0,0,0,6,3,0.0
151058,2006,499,500.0,458027.0,0,0,0,6,1,0.0
151058,2007,455,500.0,479236.0,0,0,0,6,1,0.0
151058,2008,453,500.0,504419.0,0,0,1,6,1,0.0
151058,2009,396,500.0,528327.0,0,0,1,6,1,0.0
151058,2010,393,500.0,509732.0,0,0,1,6,1,0.0
151063,2006,174,500.0,182203.0,0,0,0,6,1,0.0
151063,2007,172,500.0,191804.0,0,0,0,6,1,0.0
151063,2008,178,500.0,198313.0,0,0,1,6,1,0.0
151063,2009,201,500.0,251387.0,0,0,1,6,3,0.0
151063,2010,179,500.0,241843.0,0,0,1,6,3,0.0
151064,2006,351,500.0,403513.0,0,1,0,6,1,0.0
151064,2007,357,500.0,424935.0,0,1,0,6,1,0.0
151064,2008,368,500.0,438572.0,0,1,1,6,1,0.0
151064,2009,328,500.0,469129.0,0,1,1,6,1,0.0
151064,2010,324,500.0,443691.0,0,1,1,6,1,0.0
151065,2006,1430,500.0,1959032.0,0,0,0,6,1,0.0
151065,2007,1485,500.0,2063514.0,0,0,0,6,1,0.0
151065,2008,1550,500.0,2154278.0,0,0,1,6,1,0.0
151065,2009,1430,500.0,2306689.0,0,0,1,6,1,0.0
151065,2010,1409,500.0,2236920.0,0,0,1,6,1,0.0
151067,2007,487,500.0,340786.0,0,0,0,6,1,0.0
151067,2008,290,500.0,354286.0,0,0,0,6,1,0.0
151067,2009,253,500.0,365304.0,0,0,1,6,1,0.0
151067,2010,253,500.0,355970.0,0,0,1,6,1,0.0
151068,2006,8364,500.0,11779595.0,0,0,0,6,1,0.0
151068,2007,8316,500.0,12600817.0,0,0,0,6,1,0.0
151068,2008,10338,500.0,15905443.0,0,0,1,6,4,0.0
151068,2009,10102,500.0,16560219.0,0,0,1,6,4,0.0
151068,2010,9807,500.0,18160755.0,0,0,1,6,4,0.0
151070,2006,654,1000.0,897639.0,0,1,0,6,1,0.0
151070,2007,688,1000.0,942246.0,0,1,0,6,1,0.0
151070,2008,696,1000.0,993934.0,0,1,1,6,1,0.0
151070,2009,601,1000.0,1054773.0,0,1,1,6,1,0.0
151070,2010,611,1000.0,1019252.0,0,1,1,6,1,0.0
151072,2006,283,500.0,289261.0,0,0,0,6,1,0.0
151073,2006,2553,500.0,3404671.0,0,0,0,6,1,0.0
151073,2007,2466,500.0,3625136.0,0,0,0,6,1,0.0
151073,2008,2521,500.0,3820895.0,2,0,1,6,1,4942.79
151073,2009,2625,500.0,4039329.0,0,0,0,6,1,0.0
151073,2010,2586,500.0,4381312.0,0,0,0,6,2,0.0
151075,2006,980,500.0,2577988.0,1,1,0,6,1,5514.9
151075,2007,1035,500.0,2723061.0,0,1,0,6,1,0.0
151083,2006,497,500.0,690565.0,0,0,0,6,1,0.0
151083,2007,518,500.0,728314.0,0,0,0,6,1,0.0
151083,2008,543,500.0,764805.0,0,0,1,6,1,0.0
151083,2009,508,500.0,820585.0,0,0,1,6,1,0.0
151083,2010,508,500.0,794361.0,0,0,1,6,1,0.0
151084,2006,430,500.0,443639.0,0,1,0,6,1,0.0
151084,2007,409,500.0,464402.0,0,1,0,6,1,0.0
151084,2008,410,500.0,488085.0,0,1,1,6,1,0.0
151084,2009,352,500.0,509678.0,0,1,1,6,2,0.0
151084,2010,348,500.0,491446.0,1,1,1,6,2,6120.0
151085,2006,365,500.0,414977.0,0,1,0,6,1,0.0
151085,2007,382,500.0,434692.0,0,1,0,6,1,0.0
151085,2008,403,500.0,458018.0,0,1,1,6,1,0.0
151085,2009,326,1000.0,472434.0,0,1,1,6,1,0.0
151085,2010,336,1000.0,459983.0,0,1,1,6,1,0.0
151087,2006,782,500.0,1016132.0,0,0,0,6,1,0.0
151087,2007,757,500.0,1081741.0,0,0,0,6,1,0.0
151087,2008,784,500.0,1136251.0,0,0,1,6,1,0.0
151087,2009,824,500.0,1194955.0,0,0,1,6,1,0.0
151087,2010,684,500.0,1139747.0,0,0,1,6,1,0.0
151090,2006,2011,500.0,2338138.0,0,0,0,6,1,0.0
151090,2007,1930,500.0,2474241.0,0,0,0,6,1,0.0
151090,2008,1352,500.0,1755442.0,0,0,1,6,1,0.0
151090,2009,1317,500.0,1803081.0,0,0,1,6,1,0.0
151090,2010,1031,500.0,1636279.0,0,0,1,6,4,0.0
151091,2006,266,5000.0,443706.0,0,0,0,6,1,0.0
151091,2007,276,5000.0,468594.0,0,0,0,6,1,0.0
151091,2008,292,5000.0,493639.0,0,0,1,6,1,0.0
151094,2006,448,1000.0,649959.0,0,1,0,6,1,0.0
151094,2007,455,1000.0,678992.0,0,1,0,6,1,0.0
151094,2008,456,1000.0,701853.0,0,1,1,6,1,0.0
151094,2009,420,1000.0,750182.0,0,1,1,6,1,0.0
151094,2010,394,1000.0,715817.0,0,1,1,6,1,0.0
151095,2006,186,1000.0,182575.0,0,0,0,6,1,0.0
151095,2007,172,1000.0,193661.0,0,0,0,6,1,0.0
151095,2008,171,1000.0,203648.0,0,0,1,6,1,0.0
151095,2009,173,1000.0,212709.0,0,0,1,6,1,0.0
151095,2010,134,1000.0,202847.0,0,0,1,6,1,0.0
151096,2006,253,500.0,252776.0,0,0,0,6,1,0.0
151096,2007,247,500.0,271654.0,0,0,0,6,1,0.0
151100,2006,440,500.0,557473.0,0,0,0,6,1,0.0
151100,2007,427,500.0,592894.0,0,0,0,6,1,0.0
151100,2008,433,500.0,617884.0,0,0,1,6,1,0.0
151100,2009,460,500.0,657646.0,0,0,1,6,1,0.0
151100,2010,380,500.0,624296.0,0,0,1,6,1,0.0
151101,2006,178,1000.0,445336.0,0,1,0,6,1,0.0
151101,2007,313,1000.0,467712.0,0,1,0,6,1,0.0
151101,2008,310,1000.0,492703.0,0,1,1,6,1,0.0
151101,2009,326,1000.0,604077.0,0,1,1,6,1,0.0
151101,2010,321,1000.0,585814.0,0,1,1,6,1,0.0
151102,2006,1971,500.0,2096963.0,0,1,0,6,1,0.0
151103,2006,2395,500.0,2519753.0,0,0,0,6,4,0.0
151103,2007,2354,500.0,2675421.0,0,0,0,6,4,0.0
151104,2006,278,500.0,256987.0,0,1,0,6,1,0.0
151104,2007,271,500.0,271076.0,0,1,0,6,1,0.0
151104,2008,257,500.0,282332.0,0,1,1,6,1,0.0
151104,2009,231,500.0,298888.0,0,1,1,6,1,0.0
151104,2010,226,500.0,286447.0,0,1,1,6,1,0.0
151105,2006,16838,500.0,22450644.0,1,1,0,6,4,1082.25
151105,2007,16729,500.0,24244368.0,0,1,0,6,4,0.0
151105,2008,17320,500.0,25470758.0,3,1,0,6,4,8222.83
151105,2009,19345,500.0,30706420.0,1,1,0,6,4,3003.5
151105,2010,20117,500.0,31433186.0,5,1,0,6,4,15412.95
151106,2006,1933,500.0,1757282.0,0,0,0,6,1,0.0
151106,2007,1674,1000.0,1839243.0,0,0,0,6,1,0.0
151106,2008,1647,1000.0,1937514.0,0,0,1,6,1,0.0
151106,2009,1345,1000.0,2007496.0,0,0,1,6,1,0.0
151106,2010,1298,1000.0,1936995.0,0,0,1,6,1,0.0
151108,2006,276,500.0,248699.0,0,1,0,6,1,0.0
151108,2007,255,500.0,258570.0,0,1,0,6,1,0.0
151108,2008,257,500.0,273644.0,0,1,1,6,1,0.0
151108,2009,215,500.0,279365.0,0,1,1,6,1,0.0
151108,2010,222,500.0,270524.0,0,1,1,6,1,0.0
151109,2006,296,500.0,251183.0,0,0,0,6,1,0.0
151110,2006,248,500.0,263612.0,0,0,0,6,1,0.0
151110,2007,245,500.0,277759.0,0,0,0,6,1,0.0
151110,2008,256,500.0,289917.0,0,0,1,6,1,0.0
151110,2009,236,500.0,311426.0,0,0,1,6,1,0.0
151110,2010,228,500.0,300312.0,1,0,1,6,1,70601.16
151114,2006,652,1000.0,529884.0,0,1,0,6,1,0.0
151114,2007,477,5000.0,561426.0,0,1,0,6,1,0.0
151114,2008,527,5000.0,591902.0,0,1,1,6,1,0.0
151114,2009,415,5000.0,611895.0,0,1,1,6,3,0.0
151114,2010,417,5000.0,596334.0,0,1,1,6,3,0.0
151116,2006,6826,500.0,5688249.0,0,1,0,6,1,0.0
151116,2007,6864,500.0,6128586.0,0,1,0,6,1,0.0
151116,2008,6049,500.0,6434524.0,0,1,1,6,1,0.0
151116,2009,6308,500.0,6711937.0,0,1,1,6,1,0.0
151116,2010,5522,500.0,7265694.0,0,1,1,6,1,0.0
151119,2006,2261,2500.0,2330793.0,0,0,0,6,1,0.0
151119,2007,2067,2500.0,2489498.0,0,0,0,6,1,0.0
151120,2006,424,5000.0,558192.0,0,1,0,6,1,0.0
151120,2007,368,5000.0,558192.0,0,1,0,6,1,0.0
151120,2008,406,5000.0,615394.0,0,1,1,6,1,0.0
151120,2009,332,5000.0,637786.0,0,1,1,6,3,0.0
151122,2006,2336,1000.0,2142940.0,0,0,0,6,1,0.0
151122,2007,2070,1000.0,2275378.0,0,0,0,6,1,0.0
151122,2008,2133,1000.0,2397325.0,0,0,1,6,1,0.0
151122,2009,2110,1000.0,2482049.0,0,0,1,6,2,0.0
151122,2010,1671,1000.0,2421865.0,0,0,1,6,2,0.0
151123,2006,555,500.0,499180.0,0,0,0,6,1,0.0
151123,2007,527,500.0,526522.0,0,0,0,6,1,0.0
151123,2008,510,500.0,553639.0,0,0,1,6,1,0.0
151123,2009,526,500.0,572070.0,0,0,1,6,1,0.0
151123,2010,414,500.0,552112.0,0,0,1,6,1,0.0
151124,2006,246,1000.0,210000.0,0,0,0,6,1,0.0
151124,2007,268,1000.0,255517.0,0,0,0,6,1,0.0
151124,2008,271,1000.0,268397.0,0,0,1,6,1,0.0
151124,2009,269,1000.0,279721.0,0,0,1,6,1,0.0
151124,2010,207,1000.0,269686.0,0,0,1,6,1,0.0
151126,2006,109,500.0,105000.0,0,1,0,6,1,0.0
151126,2007,187,500.0,211649.0,0,1,0,6,1,0.0
151126,2008,196,500.0,223360.0,0,1,1,6,1,0.0
151126,2009,164,500.0,228216.0,0,1,1,6,1,0.0
151126,2010,167,500.0,222350.0,0,1,1,6,1,0.0
151128,2006,364,500.0,317317.0,0,0,0,6,1,0.0
151128,2007,347,500.0,340597.0,0,0,0,6,1,0.0
151128,2008,348,500.0,358755.0,0,0,1,6,1,0.0
151128,2009,357,500.0,375584.0,0,0,1,6,1,0.0
151128,2010,297,500.0,361928.0,0,0,1,6,1,0.0
151129,2006,486,1000.0,571613.0,0,1,0,6,1,0.0
151129,2007,461,1000.0,615198.0,0,1,0,6,1,0.0
151129,2008,468,1000.0,640278.0,0,1,1,6,1,0.0
151129,2009,487,1000.0,686512.0,0,1,1,6,1,0.0
151129,2010,383,1000.0,649773.0,0,1,1,6,1,0.0
151130,2006,2573,5000.0,3728665.0,0,1,0,6,1,0.0
151130,2007,2098,5000.0,3885847.0,0,1,0,6,1,0.0
151130,2008,2221,5000.0,4112367.0,0,1,1,6,1,0.0
151130,2009,1742,5000.0,4248787.0,0,1,1,6,1,0.0
151130,2010,1643,5000.0,4105935.0,1,1,1,6,1,3000.0
151132,2006,676,500.0,676233.0,0,0,0,6,1,0.0
151132,2007,597,1000.0,711148.0,0,0,0,6,1,0.0
151132,2008,595,1000.0,743407.0,0,0,1,6,1,0.0
151132,2009,521,1000.0,788801.0,0,0,1,6,1,0.0
151132,2010,490,1000.0,754015.0,0,0,1,6,1,0.0
151138,2006,1776,500.0,2165494.0,0,0,0,6,1,0.0
151138,2007,1742,500.0,2323975.0,1,0,0,6,1,1018.58
151138,2008,1766,500.0,2452333.0,0,0,0,6,1,0.0
151138,2009,1852,500.0,2572168.0,0,0,0,6,1,0.0
151138,2010,1699,500.0,2739533.0,0,0,1,6,1,0.0
151140,2006,187,500.0,210375.0,0,0,0,6,1,0.0
151140,2007,177,500.0,221786.0,0,0,0,6,1,0.0
151140,2008,183,500.0,235536.0,0,0,1,6,1,0.0
151140,2009,185,500.0,239847.0,0,0,1,6,1,0.0
151140,2010,156,500.0,231807.0,0,0,1,6,1,0.0
151141,2006,3494,2500.0,4853657.0,0,0,0,6,4,0.0
151141,2007,2912,2500.0,5198960.0,0,0,0,6,4,0.0
151141,2008,2999,2500.0,5454024.0,0,0,1,6,4,0.0
151141,2009,3122,2500.0,5676580.0,0,0,1,6,4,0.0
151141,2010,2763,2500.0,6006589.0,0,0,1,6,4,0.0
151142,2006,134,500.0,122539.0,0,0,0,6,1,0.0
151142,2007,126,500.0,128330.0,0,0,0,6,1,0.0
151142,2008,123,500.0,135246.0,0,0,1,6,1,0.0
151142,2009,107,500.0,140105.0,0,0,1,6,1,0.0
151142,2010,107,500.0,135433.0,0,0,1,6,1,0.0
151143,2006,1268,500.0,1811668.0,0,1,0,6,1,0.0
151144,2006,270,500.0,285395.0,0,0,0,6,1,0.0
151144,2007,258,500.0,296963.0,0,0,0,6,1,0.0
151144,2008,252,500.0,315131.0,0,0,1,6,1,0.0
151144,2009,225,500.0,321545.0,0,0,1,6,1,0.0
151144,2010,231,500.0,311679.0,0,0,1,6,2,0.0
151147,2010,5520,500.0,6899142.0,2,1,0,6,4,23262.15
151150,2006,229,1000.0,263358.0,0,0,0,6,1,0.0
151150,2007,226,1000.0,278409.0,0,0,0,6,1,0.0
151150,2008,223,1000.0,292773.0,0,0,1,6,1,0.0
151150,2009,206,1000.0,312032.0,0,0,1,6,1,0.0
151150,2010,201,1000.0,300106.0,0,0,1,6,1,0.0
151152,2006,253,500.0,220910.0,0,0,0,6,1,0.0
151152,2007,237,500.0,232704.0,0,0,0,6,1,0.0
151152,2008,236,500.0,246365.0,0,0,1,6,1,0.0
151152,2009,239,500.0,251475.0,0,0,1,6,1,0.0
151152,2010,202,500.0,243760.0,0,0,1,6,1,0.0
151154,2006,387,500.0,342161.0,0,0,0,6,1,0.0
151154,2007,355,500.0,355065.0,0,0,0,6,1,0.0
151154,2008,341,500.0,375581.0,0,0,1,6,1,0.0
151154,2009,349,500.0,383441.0,0,0,1,6,1,0.0
151154,2010,292,500.0,370756.0,0,0,1,6,1,0.0
151155,2006,530,500.0,337298.0,0,0,0,6,1,0.0
151155,2007,568,500.0,400585.0,0,0,0,6,1,0.0
151155,2008,511,500.0,422157.0,0,0,1,6,1,0.0
151156,2006,808,500.0,974915.0,0,0,0,6,1,0.0
151156,2007,759,500.0,1012625.0,1,0,0,6,1,2335.21
151156,2008,780,500.0,1069287.0,0,0,0,6,1,0.0
151156,2009,654,500.0,1108182.0,0,0,0,6,1,0.0
151156,2010,664,500.0,1072149.0,0,0,1,6,1,0.0
151157,2009,351,1000.0,310000.0,0,1,0,6,1,0.0
151157,2010,640,1000.0,1085794.0,0,1,0,6,3,0.0
151159,2006,462,500.0,524913.0,0,0,0,6,1,0.0
151159,2007,452,500.0,551722.0,0,0,0,6,1,0.0
151159,2008,465,500.0,573980.0,0,0,1,6,1,0.0
151160,2006,128,500.0,169146.0,0,0,0,6,1,0.0
151160,2007,136,500.0,178426.0,0,0,0,6,1,0.0
151160,2008,141,500.0,187652.0,0,0,1,6,1,0.0
151160,2009,134,500.0,202275.0,0,0,1,6,1,0.0
151160,2010,130,500.0,196034.0,0,0,1,6,1,0.0
151161,2006,759,500.0,781794.0,0,0,0,6,1,0.0
151161,2007,356,1000.0,514980.0,0,0,0,6,1,0.0
151161,2008,442,1000.0,723611.0,0,0,1,6,1,0.0
151161,2009,502,1000.0,748747.0,0,0,1,6,1,0.0
151161,2010,445,1000.0,794437.0,0,0,1,6,1,0.0
151163,2006,3460,2500.0,5582293.0,0,1,0,6,1,0.0
151163,2007,3173,2500.0,5985947.0,0,1,0,6,1,0.0
151163,2008,3353,2500.0,6327182.0,1,1,1,6,1,19003.09
151163,2009,3290,2500.0,6714059.0,0,1,0,6,2,0.0
151163,2010,2897,2500.0,7065758.0,0,1,0,6,2,0.0
151165,2006,100,500.0,16583.0,0,0,0,6,1,0.0
151165,2007,95,500.0,22280.0,0,0,0,6,1,0.0
151165,2008,100,500.0,23898.0,0,0,1,6,1,0.0
151165,2009,77,500.0,24390.0,0,0,1,6,1,0.0
151165,2010,70,500.0,24181.0,0,0,1,6,1,0.0
151166,2006,965,500.0,364293.0,0,0,0,6,1,0.0
151166,2007,921,500.0,385451.0,0,0,0,6,1,0.0
151166,2008,949,500.0,403970.0,0,0,1,6,1,0.0
151166,2009,546,500.0,643094.0,0,0,1,6,1,0.0
151166,2010,351,500.0,403204.0,0,0,1,6,1,0.0
151167,2006,339,500.0,346548.0,0,0,0,6,1,0.0
151167,2007,329,500.0,365655.0,0,0,0,6,1,0.0
151167,2008,334,500.0,387958.0,0,0,1,6,1,0.0
151167,2009,337,500.0,395499.0,0,0,1,6,1,0.0
151167,2010,280,500.0,382732.0,0,0,1,6,1,0.0
151168,2006,485,500.0,613853.0,1,0,0,6,1,9688.0
151168,2007,463,500.0,653451.0,0,0,0,6,1,0.0
151168,2008,469,500.0,679048.0,0,0,0,6,1,0.0
151168,2009,501,500.0,726291.0,0,0,1,6,1,0.0
151168,2010,415,500.0,691521.0,0,0,1,6,1,0.0
151169,2009,3287,1000.0,5478360.0,0,1,0,6,1,0.0
151169,2010,2909,1000.0,5289768.0,0,1,0,6,4,0.0
151170,2006,146,500.0,107000.0,0,0,0,6,1,0.0
151170,2007,194,1000.0,167378.0,0,0,0,6,1,0.0
151170,2008,171,1000.0,176037.0,0,0,1,6,1,0.0
151170,2009,169,1000.0,182175.0,0,0,1,6,1,0.0
151170,2010,133,1000.0,175353.0,0,0,1,6,1,0.0
151171,2006,399,500.0,359174.0,0,0,0,6,1,0.0
151171,2007,356,500.0,374282.0,0,0,0,6,1,0.0
151171,2008,353,500.0,396214.0,0,0,1,6,1,0.0
151171,2009,304,500.0,405333.0,0,0,1,6,1,0.0
151171,2010,309,500.0,395792.0,0,0,1,6,1,0.0
151172,2006,156,500.0,136976.0,0,0,0,6,1,0.0
151172,2007,568,500.0,550944.0,0,0,0,6,1,0.0
151172,2008,135,500.0,162908.0,1,0,1,6,1,1264.62
151172,2009,162,500.0,168692.0,0,0,0,6,3,0.0
151172,2010,163,500.0,162888.0,0,0,0,6,3,0.0
151173,2006,278,500.0,239758.0,0,1,0,6,1,0.0
151173,2007,266,500.0,257459.0,0,1,0,6,1,0.0
151173,2008,258,500.0,271450.0,0,1,1,6,1,0.0
151173,2009,227,500.0,283948.0,0,1,1,6,1,0.0
151174,2006,745,500.0,1035146.0,0,1,0,6,1,0.0
151175,2006,175,500.0,151014.0,0,1,0,6,1,0.0
151175,2007,146,500.0,158593.0,0,1,0,6,1,0.0
151175,2008,147,500.0,167295.0,0,1,1,6,1,0.0
151175,2009,121,500.0,173923.0,0,1,1,6,4,0.0
151175,2010,124,500.0,168251.0,0,1,1,6,4,0.0
151176,2006,123,500.0,137870.0,0,1,0,6,1,0.0
151176,2007,131,500.0,144795.0,0,1,0,6,1,0.0
151176,2008,136,500.0,152737.0,0,1,1,6,1,0.0
151176,2009,121,500.0,158778.0,0,1,1,6,1,0.0
151176,2010,119,500.0,153720.0,1,1,1,6,1,806.14
151177,2006,1212,500.0,1331904.0,0,1,0,6,1,0.0
151177,2007,998,500.0,1312699.0,1,1,0,6,1,964.0
151177,2008,969,500.0,1275031.0,0,1,0,6,1,0.0
151177,2009,876,500.0,1348541.0,0,1,0,6,1,0.0
151177,2010,844,500.0,1297955.0,0,1,1,6,1,0.0
151178,2006,457,500.0,475361.0,0,1,0,6,1,0.0
151178,2007,445,500.0,498897.0,0,1,0,6,1,0.0
151178,2008,460,500.0,522262.0,0,1,1,6,1,0.0
151178,2009,419,500.0,544055.0,0,1,1,6,1,0.0
151178,2010,415,500.0,531863.0,0,1,1,6,1,0.0
151179,2006,467,500.0,530754.0,0,1,0,6,1,0.0
151179,2007,375,2500.0,558217.0,0,1,0,6,1,0.0
151179,2008,394,2500.0,587710.0,0,1,1,6,1,0.0
151179,2009,285,5000.0,607004.0,0,1,1,6,1,0.0
151179,2010,285,5000.0,594777.0,0,1,1,6,1,0.0
151180,2006,288,500.0,271333.0,0,1,0,6,1,0.0
151180,2007,279,500.0,285305.0,0,1,0,6,1,0.0
151180,2008,291,500.0,299654.0,0,1,1,6,1,0.0
151180,2009,257,500.0,310198.0,0,1,1,6,1,0.0
151180,2010,261,500.0,302997.0,0,1,1,6,1,0.0
151181,2006,765,500.0,409208.0,0,1,0,6,1,0.0
151181,2007,735,500.0,430114.0,0,1,0,6,1,0.0
151181,2008,758,500.0,443159.0,0,1,1,6,1,0.0
151182,2006,100,500.0,67369.0,0,1,0,6,1,0.0
151182,2007,147,500.0,120861.0,0,1,0,6,1,0.0
151182,2008,126,500.0,128253.0,0,1,1,6,1,0.0
151182,2009,133,500.0,135638.0,0,1,1,6,1,0.0
151182,2010,117,500.0,139695.0,0,1,1,6,1,0.0
151183,2006,408,500.0,485927.0,0,1,0,6,1,0.0
151183,2007,357,500.0,517858.0,0,1,0,6,1,0.0
151183,2008,382,500.0,546247.0,0,1,1,6,1,0.0
151183,2009,405,500.0,586963.0,0,1,1,6,1,0.0
151183,2010,405,500.0,685959.0,0,1,1,6,1,0.0
151184,2006,433,500.0,534423.0,0,1,0,6,1,0.0
151184,2007,456,500.0,563727.0,0,1,0,6,1,0.0
151184,2008,466,500.0,598238.0,0,1,1,6,1,0.0
151184,2009,470,500.0,609419.0,0,1,1,6,1,0.0
151184,2010,401,500.0,588414.0,0,1,1,6,1,0.0
151185,2006,1385,500.0,1847306.0,0,1,0,6,1,0.0
151185,2007,1253,500.0,1928543.0,0,1,0,6,1,0.0
151185,2008,1308,500.0,2044496.0,0,1,1,6,1,0.0
151185,2009,1159,500.0,2108612.0,0,1,1,6,1,0.0
151185,2010,1184,500.0,2041560.0,0,1,1,6,1,0.0
151186,2006,129,500.0,134275.0,0,1,0,6,1,0.0
151187,2006,3152,500.0,3581461.0,0,1,0,6,2,0.0
151187,2007,3117,500.0,3756570.0,0,1,0,6,2,0.0
151187,2008,3283,500.0,3955495.0,0,1,1,6,2,0.0
151187,2009,3069,500.0,4147227.0,0,1,1,6,2,0.0
151187,2010,2823,500.0,4032244.0,1,1,1,6,2,4789.86
151188,2006,267,1000.0,284162.0,0,1,0,6,1,0.0
151188,2007,282,500.0,299274.0,0,1,0,6,1,0.0
151188,2008,264,1000.0,314670.0,0,1,1,6,1,0.0
151188,2009,221,1000.0,325361.0,0,1,1,6,3,0.0
151188,2010,243,1000.0,347272.0,0,1,1,6,3,0.0
151189,2006,435,500.0,374313.0,0,1,0,6,1,0.0
151189,2007,353,500.0,397229.0,0,1,0,6,1,0.0
151189,2008,373,500.0,419994.0,0,1,1,6,1,0.0
151189,2009,351,500.0,474815.0,2,1,1,6,2,4081.98
151189,2010,366,500.0,464002.0,0,1,0,6,2,0.0
151190,2006,4017,1000.0,2910908.0,0,1,0,6,1,0.0
151190,2007,2886,5000.0,5445146.0,0,1,0,6,1,0.0
151190,2008,3123,2500.0,5677099.0,0,1,1,6,2,0.0
151191,2006,606,500.0,485507.0,0,1,0,6,1,0.0
151191,2007,701,500.0,854823.0,0,1,0,6,1,0.0
151191,2008,747,500.0,900606.0,0,1,1,6,1,0.0
151191,2009,654,500.0,934823.0,0,1,1,6,1,0.0
151191,2010,644,500.0,906806.0,1,1,1,6,1,1128.75
151192,2007,5259,1000.0,5156000.0,2,1,0,6,1,2250.0
151192,2008,4170,1000.0,6414378.0,0,1,0,6,4,0.0
151192,2009,4070,1000.0,6673229.0,0,1,0,6,4,0.0
151192,2010,3828,1000.0,7506859.0,2,1,1,6,4,1399.04
151193,2007,217,500.0,174000.0,0,1,0,6,1,0.0
151193,2008,353,500.0,335068.0,0,1,0,6,1,0.0
151193,2009,311,500.0,341718.0,0,1,1,6,1,0.0
151193,2010,267,500.0,338391.0,1,1,1,6,2,5895.0
151194,2007,595,500.0,450000.0,0,1,0,6,1,0.0
151194,2008,486,500.0,684801.0,0,1,0,6,1,0.0
151194,2009,236,500.0,387343.0,0,1,1,6,1,0.0
151194,2010,238,500.0,377465.0,0,1,1,6,1,0.0
151195,2008,269,500.0,195000.0,0,1,0,6,1,0.0
151195,2009,470,500.0,672165.0,0,1,0,6,1,0.0
151195,2010,516,500.0,652642.0,0,1,1,6,1,0.0
151196,2009,3683,1000.0,3258700.0,0,1,0,6,1,0.0
151196,2010,2415,1000.0,4472623.0,0,1,0,6,2,0.0
151197,2009,841,1000.0,744000.0,0,1,0,6,1,0.0
151197,2010,851,500.0,1270284.0,1,1,0,6,1,2495.0
151198,2010,77,500.0,94000.0,0,0,0,6,1,0.0
151199,2010,738,1000.0,1039061.0,0,0,0,6,1,0.0
160010,2006,6682,5000.0,18060413.0,0,0,0,1,4,0.0
160010,2007,7946,5000.0,18060413.0,0,0,0,1,4,0.0
160010,2008,8935,5000.0,20305785.0,0,0,1,1,4,0.0
160010,2009,7853,5000.0,20667244.0,1,0,1,1,4,1024.5
160010,2010,8151,5000.0,20377981.0,0,0,0,1,4,0.0
160020,2006,3197,500.0,4320083.0,0,0,0,1,1,0.0
160020,2007,3222,500.0,4537858.0,0,0,0,1,1,0.0
160020,2008,2986,500.0,4739726.0,1,0,1,1,1,3299.19
160020,2009,2900,500.0,5001231.0,0,0,0,1,1,0.0
160020,2010,3164,500.0,5454624.0,1,0,0,1,1,2497.35
160025,2006,2522,500.0,2801903.0,0,0,0,1,2,0.0
160025,2007,2593,500.0,2945699.0,0,0,0,1,2,0.0
160025,2008,2706,500.0,3075410.0,0,0,1,1,2,0.0
160025,2009,2587,500.0,3234166.0,1,0,1,1,2,1851.38
160025,2010,2059,1000.0,3217424.0,0,0,0,1,3,0.0
160026,2006,2820,500.0,3357999.0,0,1,0,1,1,0.0
160026,2007,2687,500.0,3536633.0,0,1,0,1,1,0.0
160026,2008,3007,500.0,4009361.0,0,1,1,1,1,0.0
160026,2009,2873,500.0,4224430.0,0,1,1,1,1,0.0
160026,2010,2739,500.0,4213004.0,3,1,1,1,4,4594.21
160027,2006,2006,2500.0,4266150.0,1,0,0,1,1,94523.06
160027,2007,1954,2500.0,4440676.0,0,0,0,1,1,0.0
160027,2008,2038,2500.0,4630409.0,0,0,0,1,1,0.0
160027,2009,1945,2500.0,4862145.0,0,0,1,1,1,0.0
160027,2010,1956,2500.0,4770123.0,1,0,1,1,1,6219.16
160030,2006,3790,500.0,4858626.0,1,1,0,1,1,812.0
160030,2007,4021,500.0,5090202.0,0,1,0,1,1,0.0
160030,2008,3641,500.0,5354675.0,0,1,0,1,1,0.0
160030,2009,3338,500.0,5564234.0,2,1,1,1,4,4861.15
160030,2010,3372,500.0,5439161.0,2,1,0,1,4,940.48
160035,2006,3336,500.0,4276458.0,0,0,0,1,1,0.0
160035,2007,3468,500.0,4503698.0,2,0,0,1,1,1669.9
160035,2008,3434,500.0,4704297.0,1,0,0,1,1,650.0
160035,2009,3225,500.0,4959886.0,0,0,0,1,1,0.0
160035,2010,3151,500.0,4847373.0,1,0,0,1,2,761.61
160037,2006,4694,500.0,5655930.0,0,0,0,1,4,0.0
160037,2007,4964,500.0,6363711.0,0,0,0,1,4,0.0
160037,2008,4834,500.0,7108798.0,0,0,1,1,4,0.0
160037,2009,4981,500.0,7433327.0,1,0,1,1,4,7254.48
160037,2010,4659,500.0,7515227.0,0,0,0,1,4,0.0
160039,2006,2856,500.0,3483454.0,0,1,0,1,1,0.0
160039,2007,2561,500.0,3657898.0,0,1,0,1,1,0.0
160039,2008,2777,500.0,3804339.0,0,1,1,1,1,0.0
160039,2009,2736,500.0,4023419.0,0,1,1,1,1,0.0
160039,2010,2905,500.0,3979449.0,0,1,1,1,1,0.0
160040,2006,2590,5000.0,6164660.0,0,1,0,1,4,0.0
160040,2007,3049,5000.0,6931093.0,0,1,0,1,4,0.0
160040,2008,3334,5000.0,7407753.0,1,1,1,1,4,58882.05
160040,2009,3050,5000.0,7819215.0,2,1,0,1,4,26123.29
160040,2010,3265,5000.0,7772962.0,1,1,0,1,4,5220.0
160042,2006,7283,500.0,9337772.0,0,0,0,1,2,0.0
160042,2007,6676,500.0,9676425.0,0,0,0,1,2,0.0
160042,2008,9135,500.0,13632771.0,1,0,1,1,2,39878.36
160042,2009,9548,500.0,15914610.0,0,0,0,1,2,0.0
160042,2010,9014,500.0,15024992.0,1,0,0,1,4,9450.24
160043,2006,4118,500.0,4901837.0,0,0,0,1,1,0.0
160043,2007,4215,500.0,5203144.0,0,0,0,1,1,0.0
160043,2008,4449,500.0,5854084.0,0,0,1,1,1,0.0
160043,2009,4253,500.0,6255908.0,0,0,1,1,1,0.0
160043,2010,4078,500.0,6086160.0,0,0,1,1,1,0.0
160044,2006,3766,500.0,4328215.0,1,0,0,1,4,3024.2
160044,2007,3266,500.0,4601153.0,0,0,0,1,4,0.0
160044,2008,3633,500.0,4845060.0,2,0,0,1,4,5711.93
160044,2009,3562,500.0,5017498.0,0,0,0,1,4,0.0
160044,2010,3116,500.0,4793386.0,0,0,0,1,4,0.0
160046,2006,2090,1000.0,2297482.0,0,0,0,1,1,0.0
160046,2007,1851,1000.0,2435640.0,0,0,0,1,1,0.0
160046,2008,1944,1000.0,2557420.0,0,0,1,1,1,0.0
160046,2009,1960,1000.0,2685643.0,0,0,1,1,1,0.0
160046,2010,1751,1000.0,2824765.0,0,0,1,1,1,0.0
160062,2006,2828,500.0,3250257.0,1,0,0,1,4,15202.0
160062,2007,2732,500.0,3457342.0,0,0,0,1,4,0.0
160062,2008,2728,500.0,3637203.0,1,0,0,1,4,4961.27
160062,2009,2901,500.0,3868299.0,0,0,0,1,4,0.0
160062,2010,3020,500.0,4080590.0,0,0,0,1,1,0.0
160070,2006,2923,500.0,4428794.0,0,0,0,1,1,0.0
160070,2007,3435,500.0,4705478.0,1,0,0,1,1,1307.5
160070,2008,3597,500.0,4996980.0,1,0,0,1,1,8601.18
160070,2009,3573,500.0,5253935.0,0,0,0,1,1,0.0
160070,2010,3784,500.0,5820979.0,3,0,0,1,4,10681.48
160080,2006,6118,2500.0,14920979.0,0,1,0,1,1,0.0
160080,2007,6051,2500.0,15516285.0,1,1,0,1,4,190688.42
160080,2008,6619,2500.0,17417815.0,1,1,0,1,4,36755.77
160080,2009,6486,2500.0,18531129.0,0,1,0,1,4,0.0
160080,2010,6669,2500.0,18022796.0,0,1,0,1,4,0.0
160090,2007,2413,2500.0,3830450.0,3,1,0,1,1,9746.34
160090,2008,2587,2500.0,4043303.0,1,1,0,1,1,13290.0
160090,2009,3600,2500.0,5626269.0,0,1,0,1,4,0.0
160090,2010,3390,2500.0,6645842.0,1,1,0,1,4,11901.0
160100,2006,5682,1000.0,7575851.0,0,0,0,1,4,0.0
160100,2007,5225,1000.0,8036728.0,0,0,0,1,4,0.0
160100,2008,6004,1000.0,8458009.0,0,0,1,1,4,0.0
160100,2009,5436,1000.0,8912026.0,0,0,1,1,4,0.0
160100,2010,4800,1000.0,8571074.0,0,0,1,1,4,0.0
160103,2006,6972,500.0,7834416.0,0,0,0,1,1,0.0
160103,2007,5907,500.0,7203800.0,0,0,0,1,1,0.0
160103,2008,5905,500.0,7873449.0,2,0,1,1,1,1550.85
160103,2009,6931,500.0,9367016.0,2,0,0,1,1,7719.65
160103,2010,6670,500.0,9808848.0,1,0,0,1,1,4032.0
160110,2006,8612,500.0,8698458.0,0,1,0,1,4,0.0
160110,2007,14713,500.0,16718979.0,2,1,0,1,4,8634.59
160110,2008,11016,500.0,16198919.0,0,1,0,1,4,0.0
160110,2009,11768,500.0,16810811.0,0,1,0,1,4,0.0
160110,2010,11606,500.0,16118839.0,1,1,1,1,4,9002.77
160115,2006,4417,1000.0,6795971.0,0,0,0,1,1,0.0
160115,2007,4206,1000.0,7129220.0,0,0,0,1,1,0.0
160115,2008,4248,1000.0,7452481.0,0,0,1,1,1,0.0
160115,2009,3955,1000.0,7910046.0,0,0,1,1,1,0.0
160115,2010,4215,1000.0,7804883.0,0,0,1,1,1,0.0
160120,2006,2013,500.0,2579674.0,0,0,0,1,4,0.0
160120,2007,1970,500.0,2775311.0,1,0,0,1,4,5949.76
160120,2008,2052,500.0,2932367.0,0,0,0,1,4,0.0
160120,2009,2156,500.0,3080233.0,0,0,0,1,4,0.0
160120,2010,1946,500.0,3242456.0,0,0,1,1,4,0.0
160122,2008,3532,500.0,3678634.0,1,1,0,1,1,4910.0
160122,2009,3078,500.0,3848093.0,1,1,0,1,1,16516.71
160122,2010,2913,500.0,3937628.0,2,1,0,1,1,6750.0
160123,2006,2974,500.0,4720521.0,0,0,0,1,1,0.0
160123,2007,3360,500.0,5091033.0,4,0,0,1,1,3790.83
160123,2008,3504,500.0,5308296.0,1,0,0,1,3,1625.0
160123,2009,4588,500.0,7646274.0,4,0,0,1,4,10229.7
160123,2010,4924,500.0,7349364.0,0,0,0,1,4,0.0
160125,2006,4374,500.0,5990922.0,1,1,0,1,1,23056.27
160125,2007,4607,1000.0,6310214.0,0,1,0,1,1,0.0
160125,2008,6338,1000.0,9053580.0,0,1,0,1,4,0.0
160125,2009,5381,1000.0,9609728.0,0,1,1,1,4,0.0
160125,2010,5487,1000.0,9975424.0,0,1,1,1,4,0.0
160130,2006,10130,2500.0,16882288.0,3,0,0,1,4,12523.47
160130,2007,11038,2500.0,18709755.0,2,0,0,1,4,36346.66
160130,2008,11782,2500.0,19637203.0,0,0,0,1,4,0.0
160130,2009,12660,2500.0,21827993.0,7,0,0,1,4,12228.0
160130,2010,12690,2500.0,21508586.0,0,0,0,1,4,0.0
160140,2006,1267,500.0,1456559.0,1,1,0,1,1,596.36
160140,2007,1249,500.0,1560910.0,0,1,0,1,1,0.0
160140,2008,1267,500.0,1645711.0,0,1,0,1,1,0.0
160140,2009,1320,500.0,1715292.0,0,1,1,1,1,0.0
160141,2006,1500,500.0,1807044.0,0,0,0,1,1,0.0
160141,2007,1558,500.0,1899667.0,0,0,0,1,1,0.0
160141,2008,1614,500.0,1968959.0,1,0,1,1,2,8110.0
160141,2009,1599,500.0,2160668.0,1,0,0,1,2,11156.0
160141,2010,1671,500.0,2198362.0,0,0,0,1,2,0.0
160143,2006,6091,5000.0,11491459.0,2,1,0,1,1,43600.2
160143,2007,6936,5000.0,12386328.0,2,1,0,1,1,4185.5
160143,2008,7325,5000.0,13081215.0,0,1,0,1,1,0.0
160143,2009,6978,5000.0,13681159.0,0,1,0,1,1,0.0
160143,2010,6878,5000.0,12738535.0,0,1,1,1,4,0.0
160146,2006,11072,500.0,17300085.0,0,1,0,1,1,0.0
160146,2007,10024,500.0,18226956.0,0,1,0,1,1,0.0
160146,2008,11251,500.0,20457201.0,2,1,1,1,4,3517.0
160146,2009,11735,500.0,23010371.0,1,1,0,1,4,2875.54
160146,2010,13888,500.0,23945544.0,2,1,0,1,4,48723.08
160148,2006,1707,500.0,2216716.0,1,0,0,1,3,3280.91
160148,2007,1947,500.0,2597035.0,0,0,0,1,3,0.0
160148,2008,2066,500.0,2717639.0,0,0,0,1,3,0.0
160150,2006,792,1000.0,732800.0,0,0,0,1,1,0.0
160150,2007,755,500.0,732800.0,0,0,0,1,1,0.0
160150,2008,789,500.0,821993.0,0,0,1,1,1,0.0
160150,2009,673,2500.0,874553.0,0,0,1,1,1,0.0
160150,2010,551,2500.0,847048.0,0,0,1,1,1,0.0
160160,2006,2325,500.0,3101606.0,0,1,0,1,2,0.0
160160,2007,2419,500.0,3269317.0,0,1,0,1,2,0.0
160160,2008,2520,500.0,3405316.0,0,1,1,1,2,0.0
160160,2009,2563,500.0,3660789.0,0,1,1,1,2,0.0
160160,2010,2209,500.0,3067588.0,0,1,1,1,2,0.0
160164,2006,3506,1000.0,5479216.0,0,1,0,1,2,0.0
160164,2007,3261,2500.0,5720858.0,0,1,0,1,2,0.0
160164,2008,4100,2500.0,7193369.0,1,1,1,1,2,10349.9
160164,2009,3711,2500.0,7572616.0,0,1,0,1,2,0.0
160164,2010,3963,2500.0,7621092.0,0,1,0,1,2,0.0
160167,2006,1171,1000.0,1136631.0,0,0,0,1,1,0.0
160167,2007,894,2500.0,1207534.0,0,0,0,1,1,0.0
160167,2008,945,2500.0,1331082.0,0,0,1,1,1,0.0
160167,2009,940,2500.0,1382021.0,0,0,1,1,1,0.0
160167,2010,770,2500.0,1350077.0,0,0,1,1,1,0.0
160168,2006,14493,1000.0,19854123.0,2,1,0,1,4,17917.79
160168,2007,13903,1000.0,21723542.0,2,1,0,1,4,15885.26
160168,2008,14559,1000.0,23866800.0,3,1,0,1,4,21069.34
160168,2009,16857,1000.0,29574530.0,1,1,0,1,4,2389.4
160168,2010,15317,1000.0,32589913.0,2,1,0,1,4,22930.0
160180,2006,742,500.0,765097.0,0,1,0,1,1,0.0
160180,2007,742,500.0,861947.0,0,1,0,1,1,0.0
160180,2008,759,500.0,902950.0,0,1,1,1,1,0.0
160180,2009,791,500.0,940691.0,0,1,1,1,1,0.0
160180,2010,795,500.0,1006335.0,1,1,1,1,1,4049.0
160205,2006,1321,1000.0,1631998.0,0,0,0,1,1,0.0
160205,2007,1248,1000.0,1733587.0,0,0,0,1,1,0.0
160205,2008,1279,1000.0,1826802.0,0,0,1,1,1,0.0
160205,2009,1311,1000.0,1927854.0,0,0,1,1,1,0.0
160205,2010,1089,1000.0,1877256.0,0,0,1,1,2,0.0
160206,2006,4722,1000.0,7615309.0,0,0,0,1,1,0.0
160206,2007,5340,1000.0,8754609.0,0,0,0,1,1,0.0
160206,2008,4916,500.0,7802733.0,0,0,1,1,1,0.0
160206,2009,4925,1000.0,8073251.0,0,0,1,1,1,0.0
160206,2010,4590,1000.0,8499347.0,1,0,1,1,4,1000.0
160208,2006,25849,500.0,31143557.0,8,1,0,1,4,27708.77
160208,2007,26025,500.0,34701801.0,7,1,0,1,4,84027.38
160208,2008,26644,500.0,36498182.0,7,1,0,1,4,14270.7
160208,2009,28732,500.0,39360296.0,0,1,0,1,4,0.0
160208,2010,24206,1000.0,41734040.0,6,1,0,1,4,24774.7
160210,2006,2220,500.0,3218095.0,0,0,0,1,4,0.0
160210,2007,2337,500.0,3387531.0,0,0,0,1,4,0.0
160210,2008,2425,500.0,3513139.0,1,0,1,1,4,1350.0
160210,2009,2237,500.0,3727439.0,0,0,0,1,4,0.0
160210,2010,2355,500.0,3622908.0,0,0,0,1,4,0.0
160216,2006,4340,2500.0,7890313.0,1,0,0,1,4,200.0
160216,2007,4638,2500.0,8431764.0,3,0,0,1,4,10876.85
160216,2008,4880,2500.0,8874058.0,0,0,0,1,4,0.0
160216,2009,5017,2500.0,9289665.0,1,0,0,1,4,5346.5
160216,2010,4773,2500.0,9944607.0,0,0,0,1,4,0.0
160220,2006,660,500.0,1246353.0,0,0,0,1,1,0.0
160220,2007,615,500.0,1306855.0,1,0,0,1,1,1177.6
160220,2008,721,500.0,1603054.0,2,0,0,1,1,6918.99
160220,2009,756,500.0,1679311.0,0,0,0,1,1,0.0
160220,2010,783,500.0,1630878.0,0,0,0,1,1,0.0
160225,2006,12734,5000.0,21223169.0,0,1,0,1,1,0.0
160225,2007,10915,5000.0,22737264.0,0,1,0,1,1,0.0
160225,2008,11267,5000.0,23473016.0,0,1,1,1,1,0.0
160225,2009,11768,5000.0,24517278.0,0,1,1,1,1,0.0
160225,2010,10955,5000.0,26081875.0,0,1,1,1,1,0.0
160230,2006,3905,500.0,4437783.0,0,0,0,1,1,0.0
160230,2007,3283,500.0,4156073.0,1,0,0,1,1,2620.0
160230,2008,3866,500.0,5022240.0,0,0,0,1,1,0.0
160230,2009,4316,1000.0,6539651.0,0,0,0,1,4,0.0
160230,2010,3732,1000.0,6434239.0,0,0,1,1,4,0.0
160240,2006,7115,2500.0,11116744.0,0,0,0,1,4,0.0
160240,2007,6045,2500.0,11624949.0,0,0,0,1,4,0.0
160240,2008,6008,2500.0,12260889.0,1,0,1,1,4,27556.44
160240,2009,5924,2500.0,12878881.0,0,0,0,1,4,0.0
160240,2010,8319,2500.0,17701496.0,0,0,0,1,4,0.0
160241,2006,3965,500.0,5217132.0,0,1,0,1,1,0.0
160241,2007,5740,500.0,7358675.0,1,1,0,1,1,2660.7
160241,2008,4921,500.0,7688979.0,1,1,0,1,1,2381.5
160241,2009,5193,500.0,8376394.0,3,1,0,1,4,4232.1
160241,2010,5711,500.0,8276791.0,0,1,0,1,4,0.0
160242,2006,3089,500.0,4475477.0,0,0,0,1,4,0.0
160242,2007,3626,500.0,4835810.0,0,0,0,1,4,0.0
160242,2008,3431,500.0,5045798.0,1,0,1,1,4,3876.0
160242,2009,3318,500.0,5351938.0,0,0,0,1,4,0.0
160242,2010,2992,500.0,5248687.0,1,0,0,1,4,5646.86
160243,2006,4440,500.0,6082354.0,0,0,0,1,1,0.0
160243,2007,3603,2500.0,6435221.0,0,0,0,1,1,0.0
160243,2008,3611,2500.0,6813665.0,0,0,1,1,1,0.0
160243,2009,3763,2500.0,7100702.0,0,0,1,1,1,0.0
160243,2010,3156,2500.0,6862105.0,1,0,1,1,1,7559.92
160244,2006,3318,1000.0,3420141.0,1,0,0,1,1,18576.67
160244,2007,3004,1000.0,3575105.0,0,0,0,1,1,0.0
160244,2008,3244,1000.0,3771442.0,1,0,0,1,1,1347.7
160244,2009,3152,1000.0,3989803.0,0,0,0,1,1,0.0
160244,2010,2493,1000.0,3667359.0,0,0,0,1,1,0.0
160245,2006,8199,500.0,10121766.0,0,1,0,1,1,0.0
160245,2007,7683,500.0,10821309.0,0,1,0,1,1,0.0
160245,2008,7975,500.0,11557426.0,0,1,1,1,1,0.0
160245,2009,6948,500.0,11979133.0,2,1,1,1,1,6777.26
160245,2010,7029,500.0,11522746.0,0,1,0,1,1,0.0
160247,2006,9316,5000.0,16937859.0,0,1,0,1,4,0.0
160247,2007,8177,5000.0,17775559.0,0,1,0,1,4,0.0
160247,2008,8028,5000.0,18672568.0,0,1,1,1,4,0.0
160247,2009,6885,5000.0,19670766.0,0,1,1,1,4,0.0
160247,2010,8573,1000.0,19485640.0,1,1,1,1,4,4786.29
160260,2010,1040,500.0,1405380.0,0,0,0,1,2,0.0
160270,2006,696,500.0,326567.0,0,0,0,1,1,0.0
160270,2007,660,500.0,345389.0,0,0,0,1,1,0.0
160270,2008,615,500.0,366017.0,0,0,1,1,1,0.0
160270,2009,636,500.0,378455.0,0,0,1,1,1,0.0
160270,2010,471,500.0,368036.0,1,0,1,1,1,2350.0
160274,2006,2823,2500.0,4481406.0,0,1,0,1,1,0.0
160274,2007,2875,2500.0,4714244.0,0,1,0,1,1,0.0
160274,2008,2798,2500.0,4909324.0,0,1,1,1,1,0.0
160274,2009,2568,2500.0,5239594.0,1,1,1,1,1,129762.45
160274,2010,2727,2500.0,5145551.0,0,1,0,1,1,0.0
160280,2006,3019,2500.0,3972345.0,0,0,0,1,1,0.0
160280,2007,3158,1000.0,4210408.0,0,0,0,1,1,0.0
160280,2008,2919,1000.0,4423292.0,0,0,1,1,1,0.0
160280,2009,2910,1000.0,4618123.0,0,0,1,1,1,0.0
160280,2010,2493,1000.0,4298077.0,0,0,1,1,1,0.0
160290,2006,1801,500.0,2223019.0,0,0,0,1,1,0.0
160290,2007,1847,500.0,2338303.0,1,0,0,1,1,6286.5
160290,2008,1929,500.0,2442047.0,0,0,0,1,1,0.0
160290,2009,1822,500.0,2565867.0,0,0,0,1,1,0.0
160290,2010,1851,500.0,2535265.0,0,0,1,1,1,0.0
160310,2006,10900,1000.0,16269037.0,0,0,0,1,4,0.0
160310,2007,11029,1000.0,18079810.0,0,0,0,1,4,0.0
160310,2008,11253,1000.0,19399600.0,0,0,1,1,4,0.0
160310,2009,11165,1000.0,20297656.0,1,0,1,1,4,2911.0
160310,2010,10926,1000.0,22758477.0,0,0,0,1,4,0.0
160315,2006,5038,1000.0,6219547.0,1,1,0,1,4,3588.02
160315,2007,4864,1000.0,6948859.0,0,1,0,1,4,0.0
160315,2008,4602,1000.0,7303720.0,0,1,0,1,4,0.0
160320,2006,3164,1000.0,4006329.0,0,1,0,1,1,0.0
160320,2007,3248,1000.0,4218294.0,0,1,0,1,1,0.0
160320,2008,2992,1000.0,4400218.0,0,1,1,1,1,0.0
160320,2009,2683,1000.0,4625227.0,0,1,1,1,3,0.0
160320,2010,2731,1000.0,4550939.0,2,1,1,1,3,5670.64
160326,2006,2655,500.0,2289390.0,0,1,0,1,1,0.0
160326,2007,3612,500.0,4630206.0,0,1,0,1,1,0.0
160326,2008,3875,500.0,5032329.0,0,1,1,1,1,0.0
160326,2009,3984,500.0,5243030.0,0,1,1,1,2,0.0
160326,2010,3974,500.0,5520280.0,1,1,1,1,2,5080.24
160329,2006,2654,1000.0,3792191.0,0,0,0,1,1,0.0
160329,2007,2777,1000.0,4024773.0,0,0,0,1,1,0.0
160329,2008,2601,1000.0,4194415.0,0,0,1,1,1,0.0
160329,2009,2338,1000.0,4410280.0,0,0,1,1,1,0.0
160329,2010,2622,1000.0,4370816.0,0,0,1,1,1,0.0
160330,2006,174,500.0,182828.0,0,1,0,1,1,0.0
160330,2007,171,500.0,196901.0,0,1,0,1,1,0.0
160330,2008,187,500.0,207858.0,0,1,1,1,1,0.0
160330,2009,173,500.0,213333.0,0,1,1,1,2,0.0
160330,2010,183,500.0,219353.0,1,1,1,1,2,1000.0
160335,2006,1017,500.0,1197260.0,0,1,0,1,1,0.0
160335,2007,1058,500.0,1260130.0,0,1,0,1,1,0.0
160335,2008,1101,500.0,1310931.0,0,1,1,1,1,0.0
160335,2009,1088,500.0,1394753.0,0,1,1,1,1,0.0
160335,2010,1245,500.0,1595270.0,0,1,1,1,1,0.0
160348,2006,5203,500.0,4335365.0,0,0,0,1,1,0.0
160348,2007,5173,500.0,4618920.0,0,0,0,1,1,0.0
160348,2008,4414,500.0,4850222.0,0,0,1,1,1,0.0
160348,2009,6265,1000.0,6736389.0,0,0,1,1,1,0.0
160348,2010,4412,1000.0,6788320.0,1,0,1,1,4,2285.0
160350,2006,2378,500.0,3549553.0,3,0,0,1,1,6334.5
160350,2007,3135,500.0,3919105.0,2,0,0,1,1,3129.39
160350,2008,2902,500.0,4088269.0,0,0,0,1,1,0.0
160350,2009,2985,500.0,4325981.0,1,0,0,1,1,4692.79
160350,2010,3219,500.0,4291406.0,1,0,0,1,1,7960.0
160360,2006,5827,500.0,7375096.0,1,0,0,1,1,21701.0
160360,2007,6836,500.0,8653094.0,2,0,0,1,1,2720.0
160360,2008,7649,500.0,9106091.0,1,0,0,1,1,2125.0
160360,2009,6941,500.0,9639935.0,1,0,0,1,1,1425.2
160360,2010,5947,1000.0,9592366.0,1,0,0,1,3,2258.84
160362,2006,5107,25000.0,18235899.0,0,1,0,1,4,0.0
160362,2007,4019,25000.0,19136135.0,0,1,0,1,4,0.0
160362,2008,4665,25000.0,20280237.0,0,1,1,1,4,0.0
160362,2009,4264,25000.0,21321135.0,0,1,1,1,4,0.0
160362,2010,4207,25000.0,21031910.0,0,1,1,1,4,0.0
160363,2006,19113,10000.0,57917248.0,0,1,0,1,4,0.0
160363,2007,19505,10000.0,60955246.0,0,1,0,1,4,0.0
160363,2008,20820,10000.0,65063985.0,0,1,1,1,4,0.0
160363,2009,19319,10000.0,68995085.0,0,1,1,1,4,0.0
160363,2010,19333,10000.0,66665363.0,0,1,1,1,4,0.0
160365,2006,3200,500.0,4051389.0,0,0,0,1,1,0.0
160365,2007,3693,500.0,4245324.0,1,0,0,1,1,2000.0
160365,2008,3514,500.0,4391817.0,0,0,0,1,1,0.0
160365,2009,3511,500.0,4681870.0,0,0,0,1,1,0.0
160365,2010,3787,500.0,4674356.0,2,0,1,1,1,25106.49
160366,2006,3948,2500.0,5059800.0,0,0,0,1,1,0.0
160366,2007,3549,2500.0,5376434.0,0,0,0,1,1,0.0
160366,2008,3510,2500.0,5662484.0,2,0,1,1,1,4687.69
160366,2009,3666,2500.0,5911462.0,0,0,0,1,1,0.0
160366,2010,2841,2500.0,5165232.0,0,0,0,1,1,0.0
160367,2006,20851,500.0,29366656.0,1,1,0,1,3,4888.0
160367,2007,23610,500.0,33729265.0,0,1,0,1,3,0.0
160367,2008,23844,500.0,36683823.0,0,1,0,1,3,0.0
160367,2009,19087,1000.0,38953541.0,0,1,1,1,4,0.0
160367,2010,19368,1000.0,38736681.0,1,1,1,1,4,3000.0
160368,2006,7802,2500.0,10266233.0,0,0,0,1,1,0.0
160368,2007,6877,2500.0,10916260.0,0,0,0,1,1,0.0
160368,2008,7184,2500.0,11052114.0,0,0,1,1,1,0.0
160368,2009,8037,2500.0,12178515.0,1,0,1,1,1,29287.92
160368,2010,7302,2500.0,13038070.0,0,0,0,1,1,0.0
160369,2006,5197,500.0,6261566.0,2,0,0,1,1,11853.0
160369,2007,5140,500.0,6676248.0,2,0,0,1,1,34642.71
160369,2008,4912,500.0,7017775.0,0,0,0,1,1,0.0
160369,2009,4983,1000.0,7221952.0,0,0,0,1,1,0.0
160369,2010,4431,1000.0,7637640.0,0,0,1,1,1,0.0
160370,2006,16164,2500.0,29389968.0,2,1,0,1,4,23996.4
160370,2007,16139,2500.0,29886443.0,0,1,0,1,4,0.0
160370,2008,16883,2500.0,31263641.0,0,1,0,1,4,0.0
160370,2009,13856,5000.0,32988171.0,3,1,1,1,4,26704.39
160370,2010,13972,5000.0,32492672.0,0,1,0,1,4,0.0
160371,2006,1884,500.0,2854090.0,0,1,0,1,1,0.0
160371,2007,1747,500.0,2961434.0,0,1,0,1,1,0.0
160371,2008,2006,500.0,3460286.0,0,1,1,1,1,0.0
160371,2009,1773,500.0,3619590.0,0,1,1,1,1,0.0
160371,2010,1776,500.0,3414893.0,0,1,1,1,1,0.0
160374,2008,3135,1000.0,2985796.0,1,0,0,1,1,1886.89
160374,2009,5483,1000.0,8308060.0,1,0,0,1,1,3789.91
160374,2010,5400,1000.0,8182214.0,1,0,0,1,1,1600.0
160390,2006,7188,2500.0,10269395.0,0,0,0,1,4,0.0
160390,2007,6494,2500.0,11008151.0,0,0,0,1,4,0.0
160390,2008,6683,2500.0,12376733.0,0,0,1,1,4,0.0
160390,2009,7128,2500.0,12958660.0,0,0,1,1,4,0.0
160390,2010,7009,2500.0,14017343.0,0,0,1,1,4,0.0
160400,2006,1396,500.0,2181041.0,0,1,0,1,1,0.0
160400,2007,1366,500.0,2354073.0,0,1,0,1,1,0.0
160400,2008,2013,500.0,3596894.0,0,1,1,1,1,0.0
160400,2009,2385,500.0,3726929.0,0,1,1,1,1,0.0
160400,2010,2202,500.0,3669055.0,1,1,1,1,1,300.0
160404,2006,1007,500.0,1275281.0,0,0,0,1,1,0.0
160404,2007,1032,500.0,1452870.0,0,0,0,1,1,0.0
160404,2008,1846,500.0,2529401.0,0,0,1,1,1,0.0
160404,2009,1932,500.0,2646146.0,0,0,1,1,1,0.0
160404,2010,1868,500.0,2831058.0,0,0,1,1,1,0.0
160410,2006,3245,500.0,5320582.0,0,1,0,1,1,0.0
160410,2007,3647,2500.0,6398212.0,0,1,0,1,1,0.0
160410,2008,3481,2500.0,6695269.0,0,1,1,1,1,0.0
160410,2009,3359,2500.0,6995514.0,0,1,1,1,1,0.0
160410,2010,3604,2500.0,7068042.0,0,1,1,1,1,0.0
160420,2006,5559,2500.0,10487856.0,0,0,0,1,1,0.0
160420,2007,5520,2500.0,11040573.0,3,0,0,1,1,83695.28
160420,2008,6092,2500.0,11494984.0,0,0,0,1,1,0.0
160420,2009,5885,2500.0,12260707.0,0,0,0,1,3,0.0
160420,2010,6054,2500.0,12107026.0,1,0,1,1,3,11900.0
160430,2006,1824,500.0,2072861.0,1,0,0,1,1,551.34
160430,2007,1720,500.0,2177435.0,1,0,0,1,1,1812.89
160430,2008,1763,500.0,2290354.0,0,0,0,1,1,0.0
160430,2009,1647,500.0,2386203.0,0,0,0,1,1,0.0
160430,2010,1646,500.0,2224421.0,0,0,1,1,1,0.0
160440,2006,16237,500.0,22868638.0,1,1,0,1,4,742.5
160440,2007,17111,500.0,24444256.0,3,1,0,1,4,2722.0
160440,2008,19818,500.0,28312095.0,0,1,0,1,4,0.0
160440,2009,18460,500.0,28399559.0,2,1,0,1,4,8373.23
160440,2010,18729,500.0,27953757.0,4,1,0,1,4,16603.92
160445,2006,5787,500.0,7144475.0,0,1,0,1,1,0.0
160445,2007,5474,500.0,7497936.0,0,1,0,1,1,0.0
160445,2008,5142,500.0,7911267.0,1,1,1,1,1,73291.09
160445,2009,4774,500.0,8231758.0,0,1,0,1,1,0.0
160445,2010,4757,500.0,7798163.0,1,1,0,1,4,2028.15
160450,2006,1922,1000.0,2746370.0,0,1,0,1,1,0.0
160450,2007,2022,1000.0,2930053.0,4,1,0,1,1,3315.55
160450,2008,1940,1000.0,2896228.0,0,1,0,1,1,0.0
160450,2009,1739,1000.0,3051867.0,1,1,0,1,1,16155.5
160450,2010,1787,1000.0,2929436.0,1,1,0,1,1,665.0
160460,2009,2213,1000.0,2068700.0,0,1,0,1,1,0.0
160460,2010,1898,1000.0,3161575.0,0,1,0,1,1,0.0
160470,2006,5466,5000.0,10510030.0,0,1,0,1,4,0.0
160470,2007,4907,5000.0,11151288.0,0,1,0,1,4,0.0
160470,2008,5148,5000.0,11702154.0,0,1,1,1,4,0.0
160470,2009,5300,5000.0,12328454.0,0,1,1,1,4,0.0
160470,2010,4366,5000.0,11801173.0,0,1,1,1,4,0.0
160475,2006,6259,2500.0,8815577.0,0,0,0,1,3,0.0
160475,2007,5864,2500.0,9459146.0,1,0,0,1,3,5929.21
160475,2008,5940,2500.0,9897853.0,0,0,0,1,3,0.0
160475,2009,5827,2500.0,10405157.0,0,0,0,1,3,0.0
160475,2010,5693,2500.0,11619005.0,0,0,1,1,4,0.0
160480,2006,8390,5000.0,14219873.0,0,1,0,1,1,0.0
160480,2007,7643,5000.0,14987419.0,1,1,0,1,1,175.93
160480,2008,7691,5000.0,15081803.0,0,1,0,1,1,0.0
160480,2009,6643,5000.0,15815172.0,1,1,0,1,2,423.0
160480,2010,6439,5000.0,14976274.0,0,1,0,1,2,0.0
160483,2006,5404,500.0,9158324.0,0,0,0,1,1,0.0
160483,2007,4623,2500.0,9836035.0,0,0,0,1,1,0.0
160483,2008,4721,2500.0,9836035.0,1,0,1,1,1,3369.19
160483,2009,5079,2500.0,10807388.0,0,0,0,1,1,0.0
160483,2010,4706,2500.0,11478598.0,0,0,0,1,1,0.0
160486,2006,2770,500.0,3643858.0,0,0,0,1,1,0.0
160486,2007,2914,500.0,3834104.0,1,0,0,1,1,635.52
160486,2008,2740,500.0,4029775.0,0,0,0,1,1,0.0
160486,2009,2646,500.0,4200728.0,1,0,0,1,1,2075.62
160486,2010,2740,500.0,4152847.0,1,0,0,1,1,12208.33
160490,2006,3664,500.0,4580081.0,1,1,0,1,1,1880.0
160490,2007,3767,500.0,4829106.0,0,1,0,1,1,0.0
160490,2008,3942,500.0,5052883.0,1,1,0,1,1,1575.0
160490,2009,3439,500.0,5290923.0,1,1,0,1,4,945.55
160490,2010,3878,500.0,5239325.0,0,1,0,1,4,0.0
160500,2008,1427,500.0,1829996.0,1,0,0,1,1,1422.36
160500,2009,1288,500.0,1923163.0,0,0,0,1,1,0.0
160500,2010,1342,500.0,1863343.0,0,0,0,1,1,0.0
160510,2006,2919,500.0,3945131.0,0,0,0,1,1,0.0
160510,2007,3071,500.0,4149668.0,0,0,0,1,1,0.0
160510,2008,2900,500.0,4329962.0,0,0,1,1,1,0.0
160510,2009,2829,500.0,4563290.0,1,0,1,1,3,1687.75
160510,2010,3060,500.0,4706852.0,0,0,0,1,3,0.0
160520,2006,1844,5000.0,3414385.0,0,0,0,1,1,0.0
160520,2007,1635,5000.0,3632547.0,0,0,0,1,3,0.0
160520,2008,1763,5000.0,3830000.0,0,0,1,1,3,0.0
160520,2009,1854,5000.0,4029673.0,0,0,1,1,3,0.0
160520,2010,1482,5000.0,3902399.0,1,0,1,1,3,799.96
160531,2006,2092,5000.0,2788891.0,0,1,0,1,1,0.0
160531,2007,2040,5000.0,3290016.0,0,1,0,1,1,0.0
160531,2008,2180,5000.0,3462314.0,0,1,1,1,1,0.0
160531,2009,2284,5000.0,3625128.0,0,1,1,1,1,0.0
160531,2010,2149,5000.0,3906677.0,0,1,1,1,1,0.0
160545,2006,9284,500.0,11605102.0,0,1,0,1,4,0.0
160545,2007,8808,500.0,12234933.0,2,1,0,1,4,4982.31
160545,2008,9096,500.0,12634159.0,3,1,0,1,4,12188.24
160545,2009,9808,500.0,15568516.0,2,1,0,1,4,27334.71
160545,2010,11227,500.0,15170880.0,3,1,0,1,4,21143.66
160547,2006,16778,1000.0,25421645.0,0,0,0,1,4,0.0
160547,2007,14463,1000.0,27288317.0,2,0,0,1,4,3944.99
160547,2008,14956,1000.0,28760721.0,3,0,0,1,4,51298.95
160547,2009,15392,1000.0,30181040.0,1,0,0,1,4,2937.38
160547,2010,19800,1000.0,37358023.0,1,0,0,1,4,1946.77
160548,2006,3849,1000.0,3467396.0,1,0,0,1,1,4396.0
160548,2007,3800,1000.0,3800366.0,0,0,0,1,1,0.0
160548,2008,3839,1000.0,3998605.0,0,0,0,1,1,0.0
160548,2009,3938,1000.0,4235055.0,0,0,1,1,1,0.0
160548,2010,4337,1000.0,5860492.0,0,0,1,1,1,0.0
160550,2006,213,500.0,211503.0,0,0,0,1,1,0.0
160550,2007,219,500.0,221728.0,0,0,0,1,1,0.0
160550,2008,227,500.0,229561.0,0,0,1,1,1,0.0
160550,2009,234,500.0,244188.0,0,0,1,1,1,0.0
160550,2010,247,500.0,247830.0,0,0,1,1,1,0.0
160556,2006,4566,2500.0,7247429.0,0,1,0,1,1,0.0
160556,2007,4529,2500.0,7807964.0,0,1,0,1,1,0.0
160556,2008,4743,2500.0,8176409.0,0,1,1,1,1,0.0
160556,2009,4678,2500.0,9547381.0,0,1,1,1,1,0.0
160556,2010,5295,2500.0,10591548.0,0,1,1,1,2,0.0
160560,2006,14197,2500.0,10068926.0,0,1,0,1,4,0.0
160560,2007,12278,2500.0,10769755.0,3,1,0,1,4,58609.91
160560,2008,12702,2500.0,11652758.0,0,1,0,1,4,0.0
160560,2009,8160,2500.0,7625142.0,0,1,0,1,4,0.0
160560,2010,4694,2500.0,8534931.0,0,1,1,1,4,0.0
160565,2006,9794,5000.0,17488876.0,1,0,0,1,1,600.0
160565,2007,9911,5000.0,18699920.0,0,0,0,1,1,0.0
160565,2008,10047,5000.0,19699275.0,0,0,0,1,1,0.0
160565,2009,10472,5000.0,20535357.0,0,0,1,1,2,0.0
160565,2010,9557,5000.0,21720881.0,0,0,1,1,4,0.0
160568,2006,2536,500.0,2915140.0,0,0,0,1,1,0.0
160568,2007,2448,500.0,3137929.0,2,0,0,1,1,3681.46
160568,2008,2579,500.0,3306715.0,4,0,0,1,1,4343.73
160568,2009,2772,500.0,3553488.0,0,0,0,1,1,0.0
160568,2010,2481,500.0,3398097.0,1,0,0,1,1,1676.0
160574,2006,4104,500.0,4772946.0,1,1,0,1,1,1727.75
160574,2007,3771,500.0,4834587.0,0,1,0,1,1,0.0
160574,2008,3753,500.0,5361024.0,0,1,0,1,1,0.0
160574,2009,3507,500.0,5566805.0,0,1,1,1,1,0.0
160574,2010,3475,500.0,5264394.0,0,1,1,1,4,0.0
160580,2006,9700,500.0,13472025.0,0,1,0,1,1,0.0
160580,2007,9264,500.0,14252915.0,0,1,0,1,4,0.0
160580,2008,9736,500.0,14976957.0,0,1,1,1,4,0.0
160580,2009,10152,500.0,15619107.0,0,1,1,1,4,0.0
160580,2010,9031,500.0,14804614.0,1,1,1,1,4,3728.58
160590,2006,5314,500.0,6252718.0,0,0,0,1,1,0.0
160590,2007,5168,500.0,6624993.0,0,0,0,1,1,0.0
160590,2008,5606,500.0,8243486.0,2,0,1,1,4,5285.0
160590,2009,4893,500.0,8584133.0,0,0,0,1,4,0.0
160590,2010,4956,500.0,8260740.0,1,0,0,1,4,2201.52
160601,2006,5159,2500.0,9213309.0,0,1,0,1,1,0.0
160601,2007,4140,2500.0,8448369.0,1,1,0,1,1,7500.0
160601,2008,4192,2500.0,9111025.0,1,1,0,1,1,2776.25
160601,2009,4262,2500.0,9685258.0,0,1,0,1,1,0.0
160601,2010,3480,2500.0,9404308.0,0,1,0,1,4,0.0
160610,2006,4419,5000.0,5738743.0,0,1,0,1,4,0.0
160610,2007,4595,5000.0,6046935.0,0,1,0,1,4,0.0
160610,2008,4815,5000.0,6336164.0,0,1,1,1,4,0.0
160610,2009,4079,5000.0,6798001.0,0,1,1,1,4,0.0
160610,2010,3909,5000.0,6737814.0,0,1,1,1,4,0.0
160619,2006,5919,500.0,10568107.0,0,0,0,1,1,0.0
160619,2007,6486,500.0,11378286.0,5,0,0,1,3,31804.63
160619,2008,8073,500.0,12419529.0,0,0,0,1,3,0.0
160619,2009,8174,500.0,12575048.0,0,0,0,1,3,0.0
160619,2010,7131,500.0,13205296.0,0,0,1,1,4,0.0
160632,2006,9149,500.0,11579693.0,0,1,0,1,4,0.0
160632,2007,9482,500.0,13942821.0,1,1,0,1,4,4567.0
160632,2008,10015,500.0,14728761.0,1,1,0,1,4,9199.0
160632,2009,8443,500.0,15351802.0,0,1,0,1,4,0.0
160632,2010,7149,1000.0,14895460.0,2,1,0,1,4,5110.0
160637,2006,18068,2500.0,26569890.0,0,1,0,1,1,0.0
160637,2007,16283,2500.0,28567359.0,3,1,0,1,1,76443.72
160637,2008,21183,2500.0,38515855.0,0,1,0,1,4,0.0
160637,2009,25254,2500.0,40085697.0,0,1,0,1,4,0.0
160637,2010,22995,2500.0,41809326.0,1,1,1,1,4,5575.39
160640,2006,1918,1000.0,2231356.0,0,0,0,1,4,0.0
160640,2007,1816,1000.0,2359148.0,1,0,0,1,4,1520.0
160640,2008,1839,1000.0,2485023.0,0,0,0,1,4,0.0
160640,2009,1843,1000.0,2559614.0,0,0,0,1,4,0.0
160640,2010,1578,1000.0,2505239.0,0,0,1,1,4,0.0
160650,2006,2918,500.0,3393525.0,0,0,0,1,1,0.0
160650,2007,3141,500.0,3570144.0,0,0,0,1,1,0.0
160650,2008,3061,500.0,3733610.0,0,0,1,1,1,0.0
160650,2009,2828,500.0,3926635.0,0,0,1,1,1,0.0
160650,2010,3053,500.0,3965313.0,2,0,1,1,1,118456.11
160655,2006,5814,2500.0,10571425.0,0,0,0,1,4,0.0
160655,2007,5289,2500.0,11250003.0,2,0,0,1,4,8331.0
160655,2008,6142,2500.0,13959812.0,3,0,0,1,4,34625.58
160655,2009,7815,2500.0,14744557.0,0,0,0,1,4,0.0
160655,2010,7482,2500.0,15586549.0,3,0,0,1,4,3512.35
160660,2006,1025,500.0,1112673.0,0,0,0,1,1,0.0
160660,2007,923,500.0,1112673.0,0,0,0,1,1,0.0
160660,2008,1023,500.0,1247163.0,0,0,1,1,1,0.0
160660,2009,1037,500.0,1296354.0,0,0,1,1,1,0.0
160660,2010,956,500.0,1275901.0,0,0,1,1,2,0.0
160670,2006,6410,2500.0,14566721.0,1,1,0,1,1,4251.24
160670,2007,7168,2500.0,15251398.0,0,1,0,1,1,0.0
160670,2008,7560,2500.0,16084134.0,1,1,0,1,1,22295.62
160670,2009,6759,2500.0,16896435.0,0,1,0,1,1,0.0
160670,2010,7224,2500.0,16419881.0,1,1,0,1,4,48273.33
160676,2006,1883,500.0,2002155.0,0,0,0,1,4,0.0
160676,2007,1421,2500.0,2153936.0,0,0,0,1,4,0.0
160676,2008,1493,2500.0,2261383.0,0,0,1,1,4,0.0
160676,2009,1551,2500.0,2348749.0,0,0,1,1,4,0.0
160680,2006,3409,500.0,3873751.0,0,1,0,1,4,0.0
160680,2007,3294,500.0,4333481.0,0,1,0,1,4,0.0
160680,2008,3152,500.0,4569024.0,0,1,1,1,4,0.0
160700,2006,4642,500.0,3836338.0,0,0,0,1,1,0.0
160700,2007,4668,500.0,4059481.0,1,0,0,1,4,1373.93
160700,2008,4431,500.0,4260742.0,0,0,0,1,4,0.0
160700,2009,4616,500.0,4396527.0,0,0,0,1,4,0.0
160700,2010,3776,500.0,4290789.0,1,0,1,1,4,3344.0
160710,2006,7359,500.0,9434313.0,0,1,0,1,1,0.0
160710,2007,7070,500.0,10099971.0,0,1,0,1,1,0.0
160710,2008,7539,500.0,10925987.0,1,1,1,1,1,4650.95
160710,2009,8212,500.0,11405714.0,0,1,0,1,1,0.0
160710,2010,8418,500.0,12563435.0,0,1,0,1,1,0.0
160720,2006,13041,500.0,18898105.0,2,1,0,1,1,1019.0
160720,2007,12783,500.0,20290141.0,6,1,0,1,1,67936.03
160720,2008,12896,500.0,20801077.0,3,1,0,1,1,38603.4
160720,2009,14656,500.0,23263138.0,1,1,0,1,1,5175.0
160720,2010,14260,500.0,24584429.0,0,1,0,1,4,0.0
160721,2006,4753,500.0,6693270.0,1,1,0,1,1,12359.17
160721,2007,5186,500.0,7408517.0,2,1,0,1,1,4631.22
160721,2008,5304,500.0,7799778.0,1,1,0,1,1,7693.28
160721,2009,5179,500.0,8091310.0,0,1,0,1,1,0.0
160721,2010,5175,500.0,7724067.0,0,1,0,1,2,0.0
160723,2006,349,500.0,410018.0,0,0,0,1,1,0.0
160723,2007,361,500.0,410018.0,1,0,0,1,1,3366.13
160723,2009,1554,500.0,1918384.0,0,0,0,1,1,0.0
160723,2010,1046,500.0,1867023.0,0,0,0,1,1,0.0
160725,2006,3730,500.0,5181401.0,0,1,0,1,4,0.0
160725,2007,4523,500.0,6111247.0,0,1,0,1,4,0.0
160725,2008,4729,500.0,6391491.0,0,1,1,1,4,0.0
160725,2009,4555,500.0,6901935.0,0,1,1,1,4,0.0
160725,2010,4891,500.0,6792924.0,0,1,1,1,4,0.0
160727,2006,7951,500.0,9814823.0,0,0,0,1,1,0.0
160727,2007,8402,500.0,11353566.0,2,0,0,1,1,2714.0
160727,2008,8052,500.0,11502862.0,3,0,0,1,3,71094.73
160730,2006,8809,500.0,13146716.0,0,1,0,1,1,0.0
160730,2007,8817,500.0,13994014.0,2,1,0,1,1,3023.53
160730,2008,8425,500.0,13164033.0,3,1,0,1,1,4021.66
160730,2009,11352,500.0,17201507.0,1,1,0,1,4,2693.0
160730,2010,8737,500.0,15326414.0,0,1,0,1,4,0.0
160731,2006,6636,5000.0,14425772.0,0,1,0,1,3,0.0
160731,2007,5865,5000.0,15432277.0,0,1,0,1,3,0.0
160731,2008,5873,5000.0,16313168.0,0,1,1,1,3,0.0
160731,2009,6303,5000.0,17034075.0,1,1,1,1,3,16134.82
160731,2010,5910,5000.0,18465935.0,0,1,0,1,3,0.0
160733,2006,3409,500.0,5981507.0,0,0,0,1,1,0.0
160733,2007,3331,500.0,6405118.0,0,0,0,1,1,0.0
160733,2008,3401,500.0,6941485.0,0,0,1,1,1,0.0
160733,2009,3695,500.0,7245839.0,1,0,1,1,1,915.0
160733,2010,3542,500.0,7537322.0,0,0,0,1,1,0.0
160736,2006,5221,500.0,7566581.0,1,0,0,1,1,9230.99
160736,2007,5063,500.0,8036465.0,0,0,0,1,1,0.0
160736,2008,4734,500.0,8453413.0,0,0,0,1,1,0.0
160736,2009,4962,500.0,8860187.0,1,0,1,1,1,4296.67
160736,2010,6473,500.0,11357928.0,0,0,0,1,2,0.0
160737,2006,12799,500.0,16622414.0,0,1,0,1,1,0.0
160737,2007,12651,500.0,17817602.0,0,1,0,1,1,0.0
160737,2008,12991,500.0,18827350.0,0,1,1,1,1,0.0
160737,2009,14020,500.0,20319405.0,0,1,1,1,1,0.0
160737,2010,13744,500.0,21474860.0,2,1,1,1,4,305896.42
160742,2006,300,500.0,231200.0,0,0,0,1,1,0.0
160742,2007,289,500.0,231260.0,0,0,0,1,1,0.0
160742,2008,262,500.0,231260.0,0,0,1,1,1,0.0
160742,2009,213,500.0,231260.0,0,0,1,1,1,0.0
160742,2010,775,500.0,901894.0,0,0,1,1,1,0.0
160744,2006,2141,1000.0,2643335.0,0,1,0,1,1,0.0
160744,2007,2084,1000.0,2778561.0,0,1,0,1,1,0.0
160744,2008,2134,1000.0,2923664.0,0,1,1,1,1,0.0
160744,2009,1955,1000.0,3054860.0,0,1,1,1,1,0.0
160744,2010,1960,1000.0,2925385.0,0,1,1,1,1,0.0
160746,2006,1523,500.0,2626199.0,0,1,0,1,4,0.0
160746,2007,1821,500.0,2758723.0,1,1,0,1,4,852.5
160746,2008,1897,500.0,2874450.0,0,1,0,1,4,0.0
160746,2009,1936,500.0,3024932.0,0,1,0,1,4,0.0
160746,2010,2235,500.0,3437159.0,0,1,1,1,4,0.0
160749,2006,2898,500.0,4456344.0,0,1,0,1,1,0.0
160749,2007,4009,500.0,6362584.0,0,1,0,1,1,0.0
160749,2008,4290,500.0,6601108.0,0,1,1,1,4,0.0
160749,2009,4074,500.0,6904076.0,1,1,1,1,4,1754.51
160749,2010,4204,500.0,6780268.0,0,1,0,1,4,0.0
160752,2006,10180,500.0,13221103.0,1,0,0,1,4,9723.31
160752,2007,10210,500.0,14181419.0,0,0,0,1,4,0.0
160752,2008,9554,500.0,14929060.0,1,0,0,1,4,225940.04
160752,2009,10629,500.0,15631424.0,0,0,0,1,4,0.0
160752,2010,11915,500.0,16547603.0,2,0,0,1,4,5689.95
160753,2006,1662,500.0,1361741.0,0,0,0,1,1,0.0
160753,2007,1582,500.0,1450392.0,0,0,0,1,1,0.0
160753,2008,1550,500.0,1519599.0,0,0,1,1,1,0.0
160753,2009,1629,500.0,1581908.0,0,0,1,1,1,0.0
160753,2010,1447,500.0,1681439.0,0,0,1,1,1,0.0
160754,2006,2598,2500.0,2182922.0,0,0,0,1,1,0.0
160754,2007,2121,2500.0,2465849.0,0,0,0,1,1,0.0
160754,2008,2084,2500.0,2604552.0,0,0,1,1,1,0.0
160754,2009,2475,1000.0,2719974.0,0,0,1,1,1,0.0
160754,2010,2115,1000.0,2897321.0,0,0,1,1,1,0.0
160756,2006,698,500.0,751154.0,0,1,0,1,1,0.0
160756,2007,718,500.0,789383.0,0,1,0,1,1,0.0
160756,2008,760,500.0,825603.0,0,1,1,1,1,0.0
160756,2009,684,500.0,876878.0,0,1,1,1,1,0.0
160756,2010,700,500.0,863755.0,0,1,1,1,1,0.0
160762,2006,908,500.0,750500.0,0,1,0,1,1,0.0
160762,2007,4718,500.0,4213313.0,0,1,0,1,1,0.0
160762,2008,4192,500.0,4411926.0,0,1,1,1,1,0.0
160762,2009,3850,500.0,4583995.0,0,1,1,1,1,0.0
160762,2010,3974,500.0,4515845.0,0,1,1,1,1,0.0
160764,2006,6249,500.0,9189919.0,1,0,0,1,1,2736.45
160764,2007,6803,500.0,10466859.0,1,0,0,1,1,1493.57
160764,2008,7288,500.0,11042882.0,0,0,0,1,1,0.0
160764,2009,7048,500.0,11553961.0,0,0,0,1,1,0.0
160764,2010,6413,500.0,11055771.0,1,0,1,1,1,200.0
160765,2006,4127,500.0,5159674.0,0,0,0,1,1,0.0
160765,2007,4030,500.0,5520450.0,0,0,0,1,1,0.0
160765,2008,3774,500.0,5806933.0,0,0,1,1,1,0.0
160765,2009,3884,500.0,6068402.0,1,0,1,1,1,11229.0
160765,2010,4456,500.0,7186073.0,0,0,0,1,1,0.0
160766,2006,9287,500.0,10552676.0,0,1,0,1,1,0.0
160766,2007,8288,500.0,11200330.0,0,1,0,1,1,0.0
160766,2008,8614,500.0,11799584.0,0,1,1,1,1,0.0
160766,2009,8102,500.0,11411397.0,0,1,1,1,1,0.0
160766,2010,7076,500.0,10886536.0,1,1,1,1,4,5430.0
160768,2006,5454,500.0,5565251.0,0,0,0,1,1,0.0
160768,2007,5141,500.0,5908035.0,0,0,0,1,1,0.0
160768,2008,5208,500.0,6200781.0,0,0,1,1,1,0.0
160768,2009,5122,500.0,6482633.0,0,0,1,1,1,0.0
160768,2010,4564,500.0,6085988.0,0,0,1,1,1,0.0
160774,2006,2873,2500.0,6113993.0,1,0,0,1,1,12000.0
160774,2007,3019,2500.0,6424668.0,0,0,0,1,1,0.0
160774,2008,2952,2500.0,6709878.0,0,0,0,1,1,0.0
160774,2009,2705,2500.0,7118242.0,0,0,1,1,1,0.0
160774,2010,2837,2500.0,7092990.0,0,0,1,1,4,0.0
160775,2006,3737,500.0,2874988.0,0,0,0,1,1,0.0
160775,2007,3612,500.0,3087171.0,0,0,0,1,1,0.0
160775,2008,3399,500.0,3267729.0,0,0,1,1,1,0.0
160775,2009,3525,500.0,3422596.0,0,0,1,1,1,0.0
160775,2010,2960,500.0,3482879.0,0,0,1,1,1,0.0
160777,2006,3243,500.0,3602488.0,0,1,0,1,1,0.0
160777,2007,3031,500.0,3695246.0,0,1,0,1,1,0.0
160777,2008,2924,500.0,3846718.0,0,1,1,1,1,0.0
160777,2009,2983,500.0,4453477.0,0,1,1,1,2,0.0
160777,2010,2918,500.0,4355768.0,0,1,1,1,2,0.0
160778,2006,2009,500.0,3045000.0,0,1,0,1,1,0.0
160778,2007,1412,500.0,1834032.0,0,1,0,1,1,0.0
160778,2008,1779,500.0,1913565.0,0,1,1,1,4,0.0
160778,2009,1600,500.0,1999839.0,2,1,1,1,4,4853.0
160778,2010,1539,500.0,1972683.0,0,1,0,1,4,0.0
160781,2006,6298,500.0,8074546.0,1,0,0,1,1,2450.0
160781,2007,7338,2500.0,11835112.0,1,0,0,1,1,39099.0
160781,2008,7222,2500.0,12450232.0,0,0,0,1,1,0.0
160781,2009,7554,2500.0,13023585.0,0,0,0,1,1,0.0
160781,2010,7130,2500.0,13710998.0,0,0,1,1,1,0.0
160783,2006,513,500.0,518117.0,0,0,0,1,1,0.0
160783,2007,488,500.0,548311.0,0,0,0,1,1,0.0
160783,2008,506,500.0,575791.0,1,0,1,1,1,1425.5
160783,2009,528,500.0,598521.0,0,0,0,1,1,0.0
160783,2010,502,500.0,590975.0,0,0,0,1,1,0.0
160785,2006,3188,1000.0,3252659.0,0,0,0,1,1,0.0
160785,2007,3334,1000.0,3876833.0,2,0,0,1,1,1156.85
160785,2008,9165,1000.0,12060769.0,1,0,0,1,1,8545.0
160785,2009,8456,1000.0,13861503.0,0,0,0,1,1,0.0
160785,2010,6370,1000.0,12019248.0,0,0,0,1,1,0.0
160787,2006,4103,1000.0,4943279.0,0,1,0,1,1,0.0
160787,2007,3791,1000.0,5123580.0,0,1,0,1,1,0.0
160787,2008,3717,1000.0,5466873.0,0,1,1,1,1,0.0
160787,2009,3268,1000.0,5733464.0,0,1,1,1,1,0.0
160787,2010,3147,1000.0,5426303.0,0,1,1,1,1,0.0
160792,2006,10050,5000.0,18611928.0,0,1,0,1,4,0.0
160792,2007,10217,5000.0,19647646.0,2,1,0,1,4,5286.88
160792,2008,10320,5000.0,20639367.0,2,1,0,1,4,52079.77
160792,2009,9437,5000.0,23592868.0,3,1,0,1,4,19665.41
160792,2010,10800,5000.0,22977660.0,2,1,0,1,4,33622.59
160794,2006,20761,500.0,34035923.0,2,0,0,1,1,19989.96
160794,2007,21128,500.0,36427245.0,1,0,0,1,1,27236.46
160794,2008,27382,500.0,46410863.0,0,0,0,1,4,0.0
160794,2009,25739,1000.0,51477521.0,0,0,0,1,4,0.0
160794,2010,21297,1000.0,50708339.0,1,0,1,1,4,4691.78
160797,2006,9657,500.0,13227578.0,1,1,0,1,4,26251.63
160797,2007,10301,500.0,13920223.0,1,1,0,1,4,13900.15
160797,2008,10058,500.0,15010050.0,1,1,0,1,4,5565.0
160797,2009,9456,500.0,16025544.0,0,1,0,1,4,0.0
160797,2010,9850,500.0,15885683.0,1,1,0,1,4,9536.8
160798,2006,3532,500.0,5272251.0,0,0,0,1,4,0.0
160798,2007,3720,500.0,6304571.0,0,0,0,1,4,0.0
160798,2008,3728,500.0,6657518.0,0,0,1,1,4,0.0
160798,2009,3807,500.0,6921595.0,0,0,1,1,4,0.0
160798,2010,3647,500.0,7293653.0,0,0,1,1,4,0.0
160800,2006,2114,500.0,2578720.0,0,0,0,1,1,0.0
160800,2007,2017,500.0,2724581.0,1,0,0,1,1,1500.0
160800,2008,2102,500.0,2879107.0,0,0,0,1,1,0.0
160800,2009,2215,500.0,3033011.0,0,0,0,1,1,0.0
160800,2010,2024,500.0,3021135.0,0,0,1,1,4,0.0
160802,2006,1389,500.0,1714174.0,0,1,0,1,1,0.0
160802,2007,1357,500.0,1809215.0,0,1,0,1,1,0.0
160802,2008,1379,500.0,1914819.0,0,1,1,1,1,0.0
160802,2009,1414,500.0,1963671.0,0,1,1,1,1,0.0
160802,2010,1174,500.0,1894233.0,0,1,1,1,1,0.0
160803,2006,2484,500.0,2509001.0,0,0,0,1,1,0.0
160803,2007,2341,500.0,2659765.0,0,0,0,1,1,0.0
160803,2008,2408,500.0,2799826.0,0,0,1,1,1,0.0
160803,2009,2515,500.0,2923551.0,0,0,1,1,1,0.0
160803,2010,4560,500.0,5921783.0,0,0,1,1,1,0.0
160806,2006,910,2500.0,1398666.0,0,0,0,1,1,0.0
160806,2007,968,2500.0,1467196.0,0,0,0,1,1,0.0
160806,2008,1004,2500.0,1520254.0,0,0,1,1,1,0.0
160806,2009,1249,500.0,1622088.0,0,0,1,1,1,0.0
160806,2010,1272,500.0,1590306.0,0,0,1,1,1,0.0
160807,2006,860,500.0,661918.0,0,0,0,1,1,0.0
160807,2007,804,500.0,692913.0,0,0,0,1,1,0.0
160807,2008,794,500.0,728313.0,0,0,1,1,1,0.0
160808,2006,4252,500.0,6072869.0,0,0,0,1,1,0.0
160808,2007,4472,500.0,6388340.0,1,0,0,1,1,2309.57
160808,2008,4682,500.0,6688906.0,0,0,0,1,1,0.0
160808,2009,4743,500.0,6975000.0,0,0,0,1,1,0.0
160808,2010,4549,500.0,6891290.0,0,0,1,1,2,0.0
160811,2006,8248,500.0,14471863.0,1,1,0,1,4,6651.0
160811,2007,8864,500.0,15284773.0,3,1,0,1,4,20086.88
160811,2008,9108,500.0,16261877.0,2,1,0,1,4,3049.79
160811,2009,6039,5000.0,17254799.0,0,1,0,1,4,0.0
160811,2010,6083,5000.0,16439321.0,1,1,0,1,4,1000.0
160814,2006,1008,1000.0,988050.0,0,1,0,1,1,0.0
160814,2007,1021,1000.0,1041838.0,0,1,0,1,1,0.0
160814,2008,1028,1000.0,1093445.0,0,1,1,1,1,0.0
160814,2009,860,1000.0,1147584.0,0,1,1,1,1,0.0
160814,2010,837,1000.0,1115538.0,0,1,1,1,1,0.0
160815,2006,5283,500.0,9604705.0,0,0,0,1,1,0.0
160815,2007,5350,500.0,10289069.0,0,0,0,1,4,0.0
160815,2008,5523,500.0,10830202.0,0,0,1,1,4,0.0
160815,2009,5665,500.0,11328686.0,0,0,1,1,4,0.0
160815,2010,5128,500.0,11923506.0,0,0,1,1,4,0.0
160816,2006,339,500.0,418416.0,0,1,0,1,1,0.0
160816,2007,349,500.0,441176.0,0,1,0,1,1,0.0
160816,2008,436,500.0,559096.0,0,1,1,1,1,0.0
160816,2009,413,500.0,572400.0,0,1,1,1,1,0.0
160816,2010,377,500.0,516437.0,0,1,1,1,1,0.0
160817,2006,1838,500.0,1767427.0,0,0,0,1,1,0.0
160817,2007,1740,500.0,1871354.0,0,0,0,1,1,0.0
160817,2008,2022,500.0,2174681.0,0,0,1,1,1,0.0
160817,2009,2803,500.0,2775252.0,0,0,1,1,2,0.0
160817,2010,2448,500.0,2719620.0,0,0,1,1,2,0.0
160818,2006,1819,500.0,2714665.0,0,0,0,1,1,0.0
160818,2007,1780,500.0,2871180.0,1,0,0,1,1,11258.16
160819,2006,1032,500.0,1199130.0,0,0,0,1,1,0.0
160819,2007,1024,500.0,1313425.0,1,0,0,1,1,80158.79
160819,2008,1008,500.0,1381486.0,0,0,0,1,1,0.0
160820,2006,5847,1000.0,11245922.0,1,0,0,1,4,2191.27
160820,2007,8840,1000.0,12109598.0,0,0,0,1,4,0.0
160820,2008,8779,1000.0,12722907.0,3,0,0,1,4,16187.45
160820,2009,9035,1000.0,13285877.0,0,0,0,1,4,0.0
160820,2010,8284,1000.0,14040139.0,0,0,0,1,4,0.0
160821,2006,1248,500.0,1300832.0,0,0,0,1,1,0.0
160821,2007,1185,500.0,1378003.0,0,0,0,1,1,0.0
160821,2008,1233,500.0,1451379.0,0,0,1,1,1,0.0
160821,2009,1278,500.0,1502303.0,0,0,1,1,1,0.0
160821,2010,1137,500.0,1476503.0,0,0,1,1,3,0.0
160822,2006,1508,500.0,1839009.0,2,0,0,1,1,2225.0
160822,2007,1580,500.0,1926267.0,0,0,0,1,1,0.0
160822,2008,1663,500.0,2028134.0,1,0,0,1,1,2787.5
160822,2009,1573,500.0,2097571.0,0,0,0,1,1,0.0
160822,2010,1615,500.0,2043797.0,0,0,0,1,1,0.0
160827,2007,2092,500.0,1673552.0,0,0,0,1,1,0.0
160828,2006,5475,500.0,6441075.0,0,1,0,1,1,0.0
160828,2007,5611,500.0,7013527.0,0,1,0,1,1,0.0
160828,2008,5565,500.0,7321244.0,1,1,1,1,2,22179.16
160828,2009,5344,500.0,7745531.0,0,1,0,1,2,0.0
160828,2010,5551,500.0,7603260.0,2,1,0,1,2,797.0
160829,2006,1337,1000.0,1995667.0,0,0,0,1,1,0.0
160829,2007,1448,1000.0,2128918.0,1,0,0,1,1,3000.0
160829,2008,1728,1000.0,2657749.0,0,0,0,1,1,0.0
160829,2009,1829,1000.0,2858933.0,0,0,0,1,1,0.0
160829,2010,2599,1000.0,3938788.0,0,0,1,1,1,0.0
160830,2006,3229,500.0,3891512.0,0,0,0,1,1,0.0
160830,2007,3136,500.0,4182385.0,0,0,0,1,1,0.0
160830,2008,3128,500.0,4405275.0,1,0,1,1,1,5177.34
160830,2009,3140,500.0,4617321.0,1,0,0,1,4,572.59
160830,2010,3219,500.0,5111386.0,0,0,0,1,4,0.0
160831,2006,5060,500.0,5499894.0,0,1,0,1,1,0.0
160831,2007,3991,500.0,4694794.0,0,1,0,1,1,0.0
160832,2006,2708,500.0,3515925.0,0,0,0,1,1,0.0
160832,2007,2644,500.0,3777086.0,0,0,0,1,4,0.0
160832,2008,2747,500.0,4098928.0,0,0,1,1,4,0.0
160832,2009,2931,500.0,4247886.0,0,0,1,1,4,0.0
160832,2010,2752,500.0,4438801.0,0,0,1,1,4,0.0
160833,2006,4170,5000.0,9697314.0,1,1,0,1,4,57986.83
160833,2007,3851,5000.0,10405400.0,0,1,0,1,4,0.0
160833,2008,3842,5000.0,10977937.0,0,1,0,1,4,0.0
160833,2009,3842,5000.0,10977937.0,0,1,1,1,4,0.0
160833,2010,3536,5000.0,12193348.0,0,1,1,1,4,0.0
160834,2006,4699,1000.0,7831604.0,0,0,0,1,1,0.0
160834,2007,4950,1000.0,8250263.0,0,0,0,1,1,0.0
160834,2008,5018,1000.0,8651379.0,0,0,1,1,1,0.0
160834,2009,4628,1000.0,9074924.0,2,0,1,1,1,2888.4
160834,2010,4916,1000.0,8938030.0,0,0,0,1,1,0.0
160837,2006,8421,1000.0,15889011.0,1,0,0,1,4,6000.0
160837,2007,8357,1000.0,17055244.0,0,0,0,1,4,0.0
160837,2008,8676,1000.0,18075296.0,1,0,0,1,4,5014.95
160837,2009,8511,1000.0,18912756.0,1,0,0,1,4,5325.0
160837,2010,7781,1000.0,19952530.0,5,0,0,1,4,8154.33
160838,2006,3393,1000.0,5562217.0,0,0,0,1,4,0.0
160838,2007,3663,1000.0,6316918.0,0,0,0,1,4,0.0
160838,2008,3656,1000.0,6646579.0,0,0,1,1,4,0.0
160838,2009,3667,1000.0,6919759.0,0,0,1,1,4,0.0
160838,2010,3459,1000.0,7360628.0,1,0,1,1,4,4000.0
160841,2006,8915,500.0,9905669.0,1,0,0,1,1,1050.0
160841,2007,8085,500.0,10499714.0,0,0,0,1,1,0.0
160841,2008,8624,500.0,11201489.0,1,0,0,1,1,857.0
160841,2009,8846,500.0,11488389.0,0,0,0,1,1,0.0
160841,2010,9158,500.0,12210618.0,0,0,0,1,2,0.0
160844,2006,5919,500.0,6166319.0,0,0,0,1,1,0.0
160844,2007,5384,500.0,6646952.0,1,0,0,1,1,4273.4
160844,2008,5425,500.0,6956117.0,0,0,0,1,1,0.0
160844,2009,5449,500.0,7264632.0,1,0,0,1,1,3858.9
160844,2010,5203,500.0,7030458.0,0,0,0,1,1,0.0
160845,2006,2435,500.0,2766429.0,0,0,0,1,1,0.0
160845,2007,2309,500.0,2960158.0,0,0,0,1,1,0.0
160845,2008,2356,500.0,3100385.0,0,0,1,1,1,0.0
160845,2009,2442,500.0,3255113.0,0,0,1,1,1,0.0
160845,2010,2130,500.0,3133821.0,1,0,1,1,1,3316.26
160846,2006,2948,5000.0,4335142.0,0,0,0,1,3,0.0
160846,2007,2614,5000.0,4584976.0,0,0,0,1,3,0.0
160846,2008,2854,5000.0,4838818.0,0,0,1,1,3,0.0
160846,2009,2746,5000.0,4992571.0,0,0,1,1,3,0.0
160846,2010,2256,5000.0,4801749.0,0,0,1,1,3,0.0
160847,2006,4626,500.0,5442451.0,0,0,0,1,1,0.0
160847,2007,4226,1000.0,5789114.0,0,0,0,1,1,0.0
160847,2008,4778,1000.0,6456308.0,0,0,1,1,1,0.0
160847,2009,4572,1000.0,6532327.0,0,0,1,1,1,0.0
160847,2010,3770,1000.0,6613449.0,0,0,1,1,3,0.0
160848,2006,2119,500.0,2140530.0,0,0,0,1,1,0.0
160848,2007,2083,500.0,2288943.0,0,0,0,1,1,0.0
160848,2008,3928,500.0,4849477.0,0,0,1,1,1,0.0
160848,2009,3961,500.0,5014278.0,0,0,1,1,1,0.0
160848,2010,3391,500.0,4914308.0,0,0,1,1,1,0.0
160850,2006,3226,500.0,3469713.0,0,1,0,1,4,0.0
160850,2007,3365,500.0,3868283.0,0,1,0,1,4,0.0
160850,2008,4177,500.0,5156164.0,0,1,1,1,4,0.0
160850,2009,4500,500.0,5294437.0,1,1,1,1,4,13725.0
160850,2010,2806,2500.0,5196375.0,0,1,0,1,4,0.0
160851,2010,2842,1000.0,3947444.0,0,0,0,1,1,0.0
160853,2006,2987,500.0,3356498.0,1,0,0,1,4,1393.36
160853,2007,3220,500.0,4075328.0,3,0,0,1,4,11702.21
160853,2008,3500,500.0,4545059.0,1,0,0,1,4,715.43
160853,2009,3687,500.0,4727713.0,0,0,0,1,4,0.0
160853,2010,3740,500.0,5053830.0,1,0,0,1,4,3398.0
160856,2006,607,500.0,660000.0,0,0,0,1,1,0.0
160856,2007,1042,500.0,1184446.0,0,0,0,1,1,0.0
160857,2006,4280,500.0,4863834.0,0,0,0,1,1,0.0
160857,2007,4344,500.0,5110801.0,0,0,0,1,1,0.0
160857,2008,4228,500.0,5792573.0,1,0,1,1,1,1244.53
160857,2009,3131,500.0,4672758.0,0,0,0,1,1,0.0
160857,2010,3248,500.0,4639794.0,2,0,0,1,1,10229.12
160858,2006,8592,1000.0,14562324.0,2,0,0,1,4,12133.54
160858,2007,9297,1000.0,15495757.0,2,0,0,1,4,6949.44
160858,2008,9581,1000.0,16240532.0,0,0,0,1,4,0.0
160859,2006,1239,500.0,1587435.0,0,0,0,1,1,0.0
160859,2007,1289,500.0,1674692.0,1,0,0,1,1,29066.0
160859,2008,1357,500.0,1761760.0,0,0,0,1,1,0.0
160859,2009,1101,1000.0,1866096.0,0,0,0,1,1,0.0
160859,2010,1155,1000.0,1863150.0,0,0,1,1,1,0.0
160860,2006,2149,500.0,1678238.0,0,0,0,1,1,0.0
160860,2007,1967,500.0,1788000.0,0,0,0,1,1,0.0
160860,2008,1231,5000.0,1430929.0,0,0,1,1,1,0.0
160860,2009,1071,5000.0,1467835.0,0,0,1,1,1,0.0
160860,2010,1204,5000.0,1433674.0,0,0,1,1,1,0.0
160862,2006,4631,500.0,6343906.0,1,0,0,1,4,1538.67
160862,2007,4488,500.0,6798702.0,0,0,0,1,4,0.0
160862,2008,4667,500.0,7179913.0,0,0,0,1,4,0.0
160863,2006,5883,500.0,7089371.0,0,0,0,1,4,0.0
160863,2007,4860,500.0,6151796.0,0,0,0,1,4,0.0
160863,2008,5071,500.0,6338057.0,0,0,1,1,4,0.0
160863,2009,4872,500.0,6767039.0,0,0,1,1,4,0.0
160863,2010,5169,500.0,6714502.0,0,0,1,1,4,0.0
160864,2006,4446,1000.0,6174889.0,0,1,0,1,1,0.0
160864,2007,4237,1000.0,6518756.0,0,1,0,1,1,0.0
160864,2008,4228,1000.0,6819052.0,0,1,1,1,1,0.0
160864,2009,4177,1000.0,7327417.0,0,1,1,1,3,0.0
160864,2010,4256,1000.0,7213347.0,0,1,1,1,3,0.0
160865,2006,4258,1000.0,9059462.0,1,0,0,1,4,2448.8
160865,2007,5780,1000.0,9633202.0,0,0,0,1,4,0.0
160865,2008,5954,1000.0,10264236.0,0,0,0,1,4,0.0
160865,2009,5702,1000.0,10758104.0,0,0,1,1,4,0.0
160865,2010,6360,1000.0,10599338.0,0,0,1,1,4,0.0
160868,2006,11144,500.0,15920714.0,1,0,0,1,4,9126.46
160868,2007,10792,500.0,17130890.0,5,0,0,1,4,11948.37
160868,2008,14642,500.0,23240622.0,1,0,0,1,4,2542.5
160868,2009,16122,500.0,25591595.0,2,0,0,1,4,4708.07
160869,2006,15152,500.0,18939198.0,0,1,0,1,1,0.0
160869,2007,14014,500.0,20308496.0,0,1,0,1,1,0.0
160869,2008,14592,500.0,21458086.0,0,1,1,1,1,0.0
160869,2009,14405,500.0,22162259.0,1,1,1,1,1,2850.0
160869,2010,14464,500.0,23329390.0,0,1,0,1,2,0.0
160870,2006,4376,500.0,4510920.0,0,0,0,1,1,0.0
160870,2007,4096,500.0,4818365.0,0,0,0,1,2,0.0
160870,2008,3548,500.0,4669062.0,0,0,1,1,2,0.0
160870,2009,3506,500.0,4869395.0,0,0,1,1,2,0.0
160870,2010,2891,1000.0,5162510.0,2,0,1,1,2,2861.17
160872,2006,1505,500.0,1690752.0,0,0,0,1,1,0.0
160872,2007,1679,500.0,2072296.0,2,0,0,1,1,9004.75
160872,2008,1581,500.0,2196247.0,1,0,0,1,1,4537.0
160872,2009,1674,500.0,2293173.0,2,0,0,1,1,7652.83
160872,2010,1542,500.0,2446947.0,2,0,0,1,1,5600.0
160873,2006,3936,500.0,3307847.0,0,0,0,1,1,0.0
160873,2007,3052,2500.0,3548802.0,0,0,0,1,1,0.0
160873,2008,3059,2500.0,3731071.0,0,0,1,1,1,0.0
160874,2006,4137,2500.0,7956323.0,0,1,0,1,4,0.0
160874,2007,4426,2500.0,8679596.0,0,1,0,1,4,0.0
160874,2008,5006,2500.0,9816488.0,0,1,1,1,4,0.0
160874,2009,4635,2500.0,10298328.0,0,1,1,1,4,0.0
160874,2010,4872,2500.0,10150217.0,0,1,1,1,4,0.0
160876,2006,10759,5000.0,17636800.0,1,0,0,1,1,3639.25
160876,2007,11950,2500.0,20253863.0,0,0,0,1,1,0.0
160876,2008,11718,2500.0,21305185.0,1,0,0,1,1,16939.74
160876,2009,17477,2500.0,30660790.0,1,0,0,1,1,63222.0
160876,2010,11600,2500.0,23673306.0,1,0,0,1,3,25089.0
160877,2006,2273,500.0,2840000.0,0,1,0,1,4,0.0
160878,2006,1498,500.0,1762452.0,0,0,0,1,1,0.0
160878,2007,1482,500.0,1898639.0,0,0,0,1,1,0.0
160878,2008,1484,500.0,1978762.0,0,0,1,1,1,0.0
160878,2009,1598,500.0,2102269.0,0,0,1,1,1,0.0
160878,2010,1530,500.0,2248569.0,0,0,1,1,1,0.0
160879,2006,2972,500.0,4071608.0,0,0,0,1,1,0.0
160879,2007,3382,500.0,4281498.0,0,0,0,1,1,0.0
160879,2008,3297,500.0,4173658.0,0,0,1,1,1,0.0
160880,2006,3403,5000.0,5080101.0,0,0,0,1,1,0.0
160880,2007,3109,5000.0,5550187.0,0,0,0,1,1,0.0
160880,2008,2719,5000.0,5665554.0,0,0,1,1,1,0.0
160880,2009,2872,5000.0,5983313.0,0,0,1,1,1,0.0
160880,2010,2499,5000.0,6248358.0,0,0,1,1,1,0.0
160881,2006,1585,500.0,1864962.0,0,0,0,1,4,0.0
160881,2007,1899,500.0,2433545.0,0,0,0,1,4,0.0
160881,2008,1773,500.0,2302173.0,0,0,1,1,4,0.0
160881,2009,1880,500.0,2409412.0,0,0,1,1,4,0.0
160883,2006,1836,500.0,1892519.0,1,0,0,1,1,1310.23
160883,2007,1764,500.0,2004430.0,0,0,0,1,1,0.0
160883,2008,1859,500.0,2111996.0,0,0,0,1,1,0.0
160883,2009,1983,500.0,2254103.0,0,0,1,1,4,0.0
160883,2010,1726,500.0,2130552.0,0,0,1,1,4,0.0
160884,2006,9280,5000.0,16872982.0,0,0,0,1,4,0.0
160884,2007,7662,5000.0,17413523.0,0,0,0,1,4,0.0
160884,2008,8042,5000.0,18703073.0,0,0,1,1,4,0.0
160884,2009,7034,5000.0,20095504.0,0,0,1,1,4,0.0
160884,2010,6421,5000.0,18884790.0,0,0,1,1,4,0.0
160885,2006,9474,500.0,11992739.0,0,0,0,1,1,0.0
160885,2007,8350,500.0,12845940.0,1,0,0,1,1,2406.57
160885,2008,8690,500.0,13579042.0,0,0,0,1,1,0.0
160885,2009,9194,500.0,14366805.0,2,0,0,1,1,9690.52
160885,2010,9304,500.0,15005770.0,1,0,0,1,1,6040.25
160886,2006,878,500.0,976139.0,0,0,0,1,1,0.0
160886,2007,651,2500.0,1017243.0,0,0,0,1,1,0.0
160886,2008,776,1000.0,1077714.0,0,0,1,1,1,0.0
160886,2009,658,1000.0,1114403.0,0,0,1,1,1,0.0
160886,2010,636,1000.0,1077960.0,0,0,1,1,1,0.0
160887,2006,13487,500.0,15326412.0,3,0,0,1,1,20886.55
160887,2007,14580,500.0,18225703.0,3,0,0,1,1,6598.96
160887,2008,14318,500.0,19349421.0,3,0,0,1,1,6345.13
160887,2009,13547,500.0,20219961.0,2,0,0,1,4,38203.99
160887,2010,14540,500.0,19386730.0,2,0,0,1,4,6916.89
160888,2006,4404,1000.0,5370992.0,0,0,0,1,1,0.0
160888,2007,4270,1000.0,6013436.0,0,0,0,1,1,0.0
160888,2008,4383,1000.0,6641645.0,0,0,1,1,1,0.0
160888,2009,3505,1000.0,6491066.0,0,0,1,1,1,0.0
160888,2010,3407,1000.0,6194842.0,2,0,1,1,1,13135.83
160889,2006,5673,1000.0,6835915.0,0,0,0,1,1,0.0
160889,2007,4411,1000.0,7232360.0,0,0,0,1,1,0.0
160889,2008,4567,1000.0,7611097.0,0,0,1,1,1,0.0
160890,2006,1250,500.0,1645955.0,0,0,0,1,1,0.0
160890,2007,3994,500.0,5253751.0,0,0,0,1,1,0.0
160890,2008,4225,500.0,5486868.0,0,0,1,1,1,0.0
160890,2009,4236,500.0,5723352.0,0,0,1,1,1,0.0
160890,2010,4352,500.0,5652397.0,4,0,1,1,1,4412.65
160891,2006,1514,2500.0,2442490.0,0,0,0,1,1,0.0
160891,2007,1506,500.0,1981866.0,1,0,0,1,1,4782.05
160891,2008,1682,500.0,2075931.0,0,0,0,1,1,0.0
160891,2009,1620,500.0,2188864.0,0,0,0,1,1,0.0
160891,2010,1668,500.0,2166239.0,0,0,1,1,1,0.0
160892,2006,2132,500.0,3331339.0,0,0,0,1,1,0.0
160892,2007,2110,500.0,3516843.0,0,0,0,1,1,0.0
160892,2008,2282,500.0,3681745.0,0,0,1,1,1,0.0
160893,2006,2845,500.0,3058803.0,0,0,0,1,4,0.0
160893,2007,3461,500.0,4119895.0,2,0,0,1,4,3424.0
160893,2008,3042,500.0,4225446.0,0,0,0,1,4,0.0
160893,2009,3041,500.0,4406903.0,2,0,0,1,4,909.99
160893,2010,2919,500.0,4632608.0,0,0,0,1,4,0.0
160894,2006,3510,500.0,4034581.0,0,1,0,1,4,0.0
160894,2007,3426,500.0,4281156.0,0,1,0,1,4,0.0
160894,2008,3881,500.0,5174538.0,0,1,1,1,4,0.0
160894,2009,3697,500.0,5357193.0,0,1,1,1,4,0.0
160894,2010,3284,500.0,5474325.0,0,1,1,1,4,0.0
160895,2006,417,1000.0,548558.0,0,1,0,1,1,0.0
160895,2007,438,1000.0,576781.0,0,1,0,1,1,0.0
160895,2008,444,1000.0,600683.0,0,1,1,1,1,0.0
160895,2009,413,1000.0,636044.0,0,1,1,1,1,0.0
160895,2010,437,1000.0,632642.0,0,1,1,1,1,0.0
160896,2006,7818,5000.0,13715067.0,0,0,0,1,4,0.0
160896,2007,6489,5000.0,15449741.0,0,0,0,1,4,0.0
160896,2008,7555,5000.0,16073097.0,0,0,1,1,4,0.0
160896,2009,7267,5000.0,16898171.0,0,0,1,1,4,0.0
160897,2006,1800,500.0,2307493.0,0,1,0,1,1,0.0
160897,2007,1701,500.0,2396910.0,0,1,0,1,1,0.0
160897,2008,1825,500.0,2569392.0,0,1,1,1,1,0.0
160897,2009,1626,500.0,2709287.0,0,1,1,1,1,0.0
160897,2010,1631,500.0,2589119.0,1,1,1,1,1,1210.24
160898,2006,5197,500.0,6838511.0,3,1,0,1,4,7890.26
160898,2007,7027,500.0,9125897.0,5,1,0,1,4,8288.01
160898,2008,6900,500.0,9583966.0,4,1,0,1,4,4010.09
160898,2009,6413,500.0,10019547.0,4,1,0,1,4,6456.61
160898,2010,7022,500.0,10030104.0,2,1,0,1,4,6699.4
160901,2006,2439,2500.0,3871274.0,1,1,0,1,1,2500.0
160901,2007,6578,2500.0,11744834.0,1,1,0,1,1,4989.0
160901,2008,7199,2500.0,12411191.0,0,1,0,1,1,0.0
160901,2009,6438,2500.0,11101056.0,0,1,0,1,1,0.0
160901,2010,3414,2500.0,6442426.0,0,1,1,1,4,0.0
160902,2006,35585,5000.0,67141794.0,3,1,0,1,4,10699.62
160902,2007,23654,25000.0,71679805.0,4,1,0,1,4,26264.91
160902,2008,25747,25000.0,75729131.0,3,1,0,1,4,7595.43
160902,2009,26016,25000.0,81301551.0,0,1,0,1,4,0.0
160902,2010,22479,25000.0,80280813.0,2,1,0,1,4,16155.0
160903,2006,1897,1000.0,2258413.0,0,0,0,1,1,0.0
160903,2007,1586,2500.0,2440064.0,0,0,0,1,1,0.0
160903,2008,1627,2500.0,2582041.0,0,0,1,1,1,0.0
160903,2009,1721,2500.0,2730229.0,0,0,1,1,1,0.0
160903,2010,1672,2500.0,2833160.0,0,0,1,1,1,0.0
160904,2006,4685,1000.0,5447459.0,1,0,0,1,1,2615.0
160904,2007,3729,2500.0,5825620.0,0,0,0,1,1,0.0
160904,2008,3375,2500.0,5533212.0,1,0,0,1,1,3982.45
160904,2009,3856,2500.0,6426098.0,0,0,0,1,1,0.0
160904,2010,3035,2500.0,6321546.0,0,0,0,1,1,0.0
160905,2006,2444,1000.0,5092524.0,1,0,0,1,1,9845.4
160905,2007,4289,500.0,8577566.0,0,0,0,1,1,0.0
160905,2008,5155,500.0,9203742.0,1,0,0,1,4,10975.0
160905,2009,5389,500.0,9621383.0,1,0,0,1,4,3178.08
160905,2010,5301,500.0,10393401.0,0,0,0,1,4,0.0
160906,2006,1258,5000.0,1429350.0,0,0,0,1,1,0.0
160906,2007,2667,5000.0,3603807.0,1,0,0,1,1,866.02
160906,2008,3409,5000.0,4261086.0,0,0,0,1,1,0.0
160906,2009,3500,5000.0,4023714.0,0,0,0,1,1,0.0
160906,2010,2507,5000.0,3742357.0,0,0,1,1,1,0.0
160907,2006,176,500.0,97000.0,0,0,0,1,1,0.0
160907,2007,344,500.0,281797.0,0,0,0,1,1,0.0
160907,2008,261,500.0,296975.0,0,0,1,1,1,0.0
160907,2009,212,500.0,308026.0,0,0,1,1,1,0.0
160907,2010,214,500.0,297424.0,0,0,1,1,1,0.0
160908,2006,2592,500.0,4320726.0,0,0,0,1,1,0.0
160909,2006,2751,500.0,2957706.0,0,0,0,1,1,0.0
160909,2007,5124,500.0,5569217.0,0,0,0,1,1,0.0
160909,2008,5130,500.0,5763568.0,1,0,1,1,1,4177.0
160909,2009,4611,500.0,6067108.0,0,0,0,1,1,0.0
160909,2010,4703,500.0,5806886.0,1,0,0,1,1,3934.07
160910,2006,829,500.0,1481799.0,0,0,0,1,1,0.0
160910,2007,872,500.0,1557062.0,0,0,0,1,1,0.0
160910,2008,743,2500.0,1650865.0,0,0,1,1,1,0.0
160910,2009,691,2500.0,1769632.0,0,0,1,1,1,0.0
160910,2010,810,2500.0,1723567.0,0,0,1,1,1,0.0
160911,2006,7263,500.0,10525892.0,0,0,0,1,1,0.0
160911,2007,5388,2500.0,11227423.0,0,0,0,1,1,0.0
160911,2008,5077,2500.0,11806920.0,0,0,1,1,1,0.0
160911,2009,5311,2500.0,12351977.0,1,0,1,1,3,21107.91
160911,2010,4814,2500.0,13011436.0,0,0,0,1,3,0.0
160912,2006,3166,500.0,3860381.0,0,0,0,1,1,0.0
160912,2007,2908,2500.0,4928665.0,0,0,0,1,1,0.0
160912,2008,2756,2500.0,5200488.0,0,0,1,1,1,0.0
160912,2009,2888,2500.0,5449231.0,1,0,1,1,1,5291.0
160912,2010,2440,2500.0,5672212.0,0,0,0,1,1,0.0
160913,2006,4200,500.0,5675433.0,0,0,0,1,1,0.0
160913,2007,4307,500.0,5900398.0,1,0,0,1,1,519588.21
160913,2008,4074,500.0,5580493.0,3,0,0,1,1,1415.5
160913,2009,4044,500.0,6221651.0,0,0,0,1,4,0.0
160913,2010,3623,1000.0,6709857.0,1,0,0,1,4,4951.0
160914,2006,4558,500.0,5559049.0,0,0,0,1,1,0.0
160914,2007,4165,500.0,5341470.0,0,0,0,1,1,0.0
160914,2008,3952,500.0,5645691.0,0,0,1,1,1,0.0
160914,2009,3776,500.0,5900719.0,0,0,1,1,1,0.0
160914,2010,3755,500.0,5776276.0,0,0,1,1,1,0.0
160915,2006,1407,500.0,1562909.0,0,0,0,1,1,0.0
160915,2007,1679,500.0,1646018.0,0,0,0,1,1,0.0
160915,2008,1762,500.0,1727378.0,0,0,1,1,1,0.0
160915,2009,1800,500.0,2142403.0,0,0,1,1,1,0.0
160915,2010,1986,500.0,2182032.0,0,0,1,1,1,0.0
160916,2006,2190,500.0,2772003.0,0,0,0,1,1,0.0
160916,2007,2305,500.0,2916677.0,0,0,0,1,1,0.0
160916,2008,2384,500.0,3055103.0,0,0,1,1,1,0.0
160916,2009,2452,500.0,3405754.0,0,0,1,1,1,0.0
160916,2010,2443,500.0,3257125.0,2,0,1,1,1,5243.0
160917,2006,6012,500.0,7243315.0,0,0,0,1,4,0.0
160917,2007,6032,500.0,8041870.0,0,0,0,1,4,0.0
160917,2008,5182,500.0,8494232.0,0,0,1,1,4,0.0
160917,2009,5782,500.0,8896246.0,0,0,1,1,4,0.0
160917,2010,5218,500.0,8696962.0,2,0,1,1,4,2431.58
160918,2006,2051,1000.0,2736452.0,0,0,0,1,1,0.0
160918,2007,2064,1000.0,2865901.0,0,0,0,1,1,0.0
160918,2008,2145,1000.0,3020620.0,0,0,1,1,1,0.0
160918,2009,1915,1000.0,3190155.0,0,0,1,1,3,0.0
160918,2010,1933,1000.0,3068579.0,3,0,1,1,3,23634.21
160919,2006,2088,1000.0,2821463.0,0,0,0,1,1,0.0
160919,2007,2135,1000.0,2964669.0,2,0,0,1,1,9152.0
160919,2008,2338,1000.0,3340253.0,0,0,0,1,1,0.0
160919,2009,2140,1000.0,3509195.0,2,0,0,1,1,2460.0
160919,2010,2218,1000.0,3465855.0,0,0,0,1,1,0.0
160920,2006,3652,1000.0,3478113.0,1,0,0,1,1,1994.25
160920,2007,3138,1000.0,3692323.0,1,0,0,1,1,2556.0
160920,2008,3263,1000.0,3884804.0,0,0,0,1,1,0.0
160920,2009,3110,1000.0,4038777.0,0,0,0,1,1,0.0
160920,2010,2518,1000.0,3934748.0,1,0,1,1,1,3875.23
160921,2006,1932,500.0,2328046.0,0,0,0,1,1,0.0
160921,2007,2057,500.0,2507617.0,1,0,0,1,1,1986.34
160921,2008,2741,500.0,3343997.0,0,0,0,1,1,0.0
160922,2006,9455,1000.0,12441163.0,0,0,0,1,4,0.0
160922,2007,8733,1000.0,13434312.0,0,0,0,1,4,0.0
160922,2008,9332,1000.0,14139056.0,0,0,1,1,4,0.0
160922,2009,8889,1000.0,15324081.0,2,0,1,1,4,3999.02
160922,2010,6675,1000.0,13087946.0,1,0,0,1,4,1730.25
160923,2006,7974,1000.0,12656734.0,0,0,0,1,1,0.0
160923,2007,7417,1000.0,13736033.0,0,0,0,1,1,0.0
160923,2008,7824,1000.0,14487523.0,0,0,1,1,1,0.0
160923,2009,7739,1000.0,15174798.0,2,0,1,1,1,28614.5
160923,2010,7027,1000.0,16341823.0,1,0,0,1,4,2348.31
160924,2006,3289,2500.0,4766924.0,0,0,0,1,1,0.0
160924,2007,2793,2500.0,4899226.0,0,0,0,1,1,0.0
160924,2008,2804,2500.0,5290769.0,0,0,1,1,1,0.0
160925,2006,3608,1000.0,3921337.0,0,1,0,1,4,0.0
160925,2007,2571,5000.0,4214003.0,0,1,0,1,4,0.0
160925,2008,2856,5000.0,4681360.0,0,1,1,1,4,0.0
160925,2009,3243,5000.0,4840402.0,3,1,1,1,4,30540.0
160925,2010,2831,5000.0,5056597.0,0,1,0,1,4,0.0
160927,2006,2437,1000.0,3338286.0,0,0,0,1,1,0.0
160927,2007,2437,1000.0,3338286.0,0,0,0,1,1,0.0
160927,2008,2355,1000.0,3679804.0,0,0,1,1,1,0.0
160927,2009,2539,1000.0,3846649.0,0,0,1,1,1,0.0
160927,2010,1968,1000.0,2810811.0,0,0,1,1,1,0.0
160928,2006,955,1000.0,1309047.0,0,0,0,1,1,0.0
160928,2007,689,1000.0,1376806.0,0,0,0,1,1,0.0
160928,2008,766,1000.0,1443335.0,0,0,1,1,1,0.0
160928,2009,660,1000.0,1497832.0,0,0,1,1,1,0.0
160928,2010,711,1000.0,1480661.0,0,0,1,1,1,0.0
160930,2010,3768,500.0,5023900.0,0,1,0,1,1,0.0
160931,2006,2653,500.0,3490575.0,0,0,0,1,1,0.0
160931,2007,2764,500.0,3636657.0,0,0,0,1,1,0.0
160931,2008,2903,500.0,3820202.0,0,0,1,1,1,0.0
160931,2009,2593,500.0,3991106.0,0,0,1,1,1,0.0
160931,2010,2571,500.0,3895482.0,0,0,1,1,1,0.0
160933,2006,9226,5000.0,17408200.0,0,0,0,1,4,0.0
160933,2007,9483,5000.0,18595050.0,0,0,0,1,4,0.0
160933,2008,9049,5000.0,19671995.0,0,0,1,1,4,0.0
160934,2009,6586,1000.0,6933707.0,0,0,0,1,1,0.0
160934,2010,3769,1000.0,7246522.0,0,0,0,1,1,0.0
160935,2006,772,500.0,579891.0,0,0,0,1,1,0.0
160935,2007,743,500.0,613553.0,0,0,0,1,1,0.0
160935,2008,781,500.0,645159.0,0,0,1,1,1,0.0
160935,2009,648,500.0,675401.0,0,0,1,1,1,0.0
160935,2010,646,500.0,659617.0,0,0,1,1,1,0.0
160936,2006,14063,1000.0,17801818.0,0,1,0,1,3,0.0
160936,2007,15398,1000.0,22644964.0,0,1,0,1,3,0.0
160936,2008,16686,1000.0,24537873.0,0,1,1,1,4,0.0
160936,2009,16498,1000.0,25778395.0,0,1,1,1,4,0.0
160936,2010,15905,1000.0,27902700.0,2,1,1,1,4,13702.89
160937,2006,3439,1000.0,5459807.0,0,1,0,1,1,0.0
160937,2007,4541,500.0,6777112.0,0,1,0,1,1,0.0
160937,2008,4189,1000.0,6867217.0,0,1,1,1,1,0.0
160937,2009,3965,1000.0,7929493.0,0,1,1,1,1,0.0
160938,2006,2671,1000.0,3928709.0,0,1,0,1,1,0.0
160938,2007,2965,1000.0,4119124.0,0,1,0,1,1,0.0
160938,2008,2955,1000.0,4282050.0,0,1,1,1,1,0.0
160938,2009,3183,1000.0,5304097.0,0,1,1,1,2,0.0
160938,2010,3256,1000.0,5250442.0,0,1,1,1,2,0.0
160939,2006,2487,1000.0,2703495.0,0,1,0,1,1,0.0
160939,2007,2521,1000.0,2965503.0,2,1,0,1,1,22057.32
160939,2008,2557,1000.0,3081337.0,0,1,0,1,1,0.0
160939,2009,2668,1000.0,3294757.0,0,1,0,1,1,0.0
160939,2010,2342,1000.0,3495985.0,0,1,1,1,1,0.0
160940,2006,3631,1000.0,4595853.0,0,1,0,1,1,0.0
160940,2007,3603,1000.0,4868616.0,0,1,0,1,1,0.0
160941,2006,191,500.0,164400.0,0,1,0,1,1,0.0
160941,2007,276,500.0,328510.0,0,1,0,1,1,0.0
160941,2008,311,500.0,345816.0,0,1,1,1,1,0.0
160941,2009,279,500.0,361894.0,1,1,1,1,1,1242.5
160941,2010,278,500.0,351974.0,2,1,0,1,1,1625.0
160942,2006,923,500.0,781955.0,1,1,0,1,1,1707.75
160942,2007,718,500.0,825087.0,0,1,0,1,1,0.0
160942,2008,765,500.0,860114.0,0,1,0,1,1,0.0
160942,2009,683,500.0,909644.0,0,1,1,1,1,0.0
160942,2010,698,500.0,883485.0,0,1,1,1,1,0.0
160943,2006,10094,500.0,13456837.0,6,1,0,1,1,11426.17
160943,2007,14717,500.0,21023300.0,0,1,0,1,4,0.0
160943,2008,15502,500.0,22144314.0,4,1,0,1,4,14900.0
160943,2009,16284,500.0,23262567.0,0,1,0,1,4,0.0
160943,2010,16046,500.0,24685523.0,2,1,0,1,4,39587.75
160944,2006,2772,2500.0,3961012.0,0,1,0,1,1,0.0
160944,2007,2783,2500.0,4153582.0,0,1,0,1,1,0.0
160945,2006,1417,500.0,1300396.0,2,1,0,1,1,5778.5
160945,2007,1079,500.0,1300396.0,0,1,0,1,1,0.0
160945,2008,3132,500.0,4067361.0,0,1,0,1,1,0.0
160945,2009,3276,500.0,4311801.0,1,1,1,1,4,2298.0
160945,2010,2785,500.0,4095153.0,1,1,0,1,4,21317.16
160946,2006,1329,500.0,1063500.0,0,1,0,1,1,0.0
160946,2007,1454,500.0,1938995.0,0,1,0,1,1,0.0
160946,2008,1489,500.0,2012856.0,0,1,1,1,1,0.0
160946,2009,1429,500.0,2132579.0,2,1,1,1,1,5868.0
160946,2010,1418,500.0,2054075.0,1,1,0,1,1,22325.0
160947,2006,3042,1000.0,2766160.0,1,1,0,1,1,4652.52
160947,2007,2701,1000.0,4030595.0,2,1,0,1,1,33871.62
160947,2008,3083,1000.0,4166477.0,0,1,0,1,4,0.0
160947,2009,2556,1000.0,4406976.0,0,1,0,1,4,0.0
160947,2010,2561,1000.0,4268094.0,2,1,1,1,4,14044.79
160948,2007,3523,500.0,3355393.0,0,1,0,1,1,0.0
160948,2008,2065,500.0,2346169.0,0,1,0,1,1,0.0
160948,2009,2191,500.0,2434661.0,1,1,1,1,1,3246.6
160948,2010,2113,500.0,2577452.0,2,1,0,1,1,7519.02
160949,2007,8368,2500.0,13946200.0,0,1,0,1,1,0.0
160949,2008,10779,2500.0,21136082.0,2,1,0,1,1,12222.51
160949,2009,11592,2500.0,21872370.0,0,1,0,1,4,0.0
160949,2010,10322,2500.0,22937119.0,0,1,0,1,4,0.0
160950,2007,19451,2500.0,25260497.0,0,1,0,1,1,0.0
160950,2008,12673,2500.0,25863247.0,1,1,0,1,1,10300.0
160951,2007,4506,5000.0,6725771.0,0,1,0,1,1,0.0
160951,2008,3943,5000.0,7886639.0,0,1,0,1,1,0.0
160952,2007,4625,1000.0,4719449.0,0,1,0,1,1,0.0
160952,2008,3568,1000.0,5848485.0,0,1,0,1,1,0.0
160952,2009,3471,1000.0,6090471.0,0,1,1,1,4,0.0
160952,2010,3185,1000.0,6502289.0,0,1,1,1,4,0.0
160953,2008,3209,500.0,3115401.0,0,1,0,1,1,0.0
160953,2009,3650,500.0,4452101.0,0,1,0,1,1,0.0
160953,2010,3482,500.0,4642384.0,0,1,1,1,1,0.0
160954,2008,1022,500.0,774994.0,0,1,0,1,1,0.0
160954,2009,1119,500.0,804949.0,0,1,0,1,1,0.0
160954,2010,833,500.0,770755.0,0,1,1,1,1,0.0
160955,2008,3123,2500.0,5677099.0,0,1,0,1,2,0.0
160955,2009,3277,2500.0,5957474.0,0,1,0,1,2,0.0
160955,2010,3040,2500.0,6468639.0,1,1,1,1,2,2500.0
160956,2009,1671,500.0,928425.0,0,1,0,1,1,0.0
160956,2010,851,500.0,1166757.0,0,1,0,1,1,0.0
160957,2009,3249,500.0,3153787.0,5,1,0,1,1,8747.8
160957,2010,2448,500.0,3264727.0,0,1,0,1,1,0.0
160958,2010,2083,1000.0,3063500.0,0,0,0,1,1,0.0
160959,2009,8313,500.0,15113972.0,0,1,0,1,1,0.0
160959,2010,9596,500.0,16543805.0,0,1,0,1,4,0.0
160960,2010,2275,1000.0,4290028.0,1,1,0,1,1,1346.16
160961,2010,627,1000.0,921128.0,0,0,0,1,1,0.0
160962,2010,411,1000.0,572330.0,0,0,0,1,1,0.0
160963,2010,969,5000.0,2485125.0,0,1,0,1,1,0.0
160964,2010,1606,500.0,2085742.0,0,0,0,1,4,0.0
169036,2006,201,500.0,220313.0,0,0,0,1,1,0.0
169036,2007,279,500.0,312976.0,0,0,0,1,1,0.0
169036,2008,291,500.0,327643.0,0,0,1,1,1,0.0
169036,2009,264,500.0,338386.0,0,0,1,1,1,0.0
169036,2010,273,500.0,329630.0,0,0,1,1,1,0.0
169037,2006,586,500.0,650103.0,1,0,0,1,1,21634.0
169037,2007,568,500.0,693193.0,0,0,0,1,1,0.0
169037,2008,570,500.0,721537.0,0,0,0,1,1,0.0
169037,2009,628,500.0,775755.0,0,0,1,1,1,0.0
169037,2010,510,500.0,718870.0,0,0,1,1,1,0.0
169038,2006,3950,500.0,4438012.0,0,1,0,1,1,0.0
169038,2007,3661,500.0,4464958.0,0,1,0,1,1,0.0
169038,2008,3177,500.0,3738921.0,0,1,1,1,1,0.0
169038,2009,3217,500.0,4021079.0,0,1,1,1,3,0.0
169038,2010,3118,500.0,3756052.0,1,1,1,1,3,5204.05
169039,2006,6569,500.0,8759501.0,3,1,0,1,1,5101.82
169039,2007,7353,500.0,9427892.0,1,1,0,1,1,1923.18
169039,2008,10343,500.0,13259906.0,0,1,0,1,4,0.0
169040,2006,1170,1000.0,1581000.0,0,1,0,1,1,0.0
169040,2007,1533,1000.0,2017797.0,0,1,0,1,1,0.0
169040,2008,1885,1000.0,2731636.0,0,1,1,1,1,0.0
169040,2009,1686,1000.0,2859030.0,0,1,1,1,1,0.0
169040,2010,1698,1000.0,2696344.0,0,1,1,1,1,0.0
180030,2006,186,500.0,250522.0,0,1,0,4,1,0.0
180030,2007,178,500.0,262205.0,0,1,0,4,1,0.0
180030,2008,158,500.0,278145.0,0,1,1,4,1,0.0
180030,2009,200,500.0,282648.0,0,1,1,4,1,0.0
180030,2010,146,500.0,275536.0,0,1,1,4,2,0.0
180032,2006,600,500.0,732327.0,0,0,0,4,1,0.0
180032,2007,567,500.0,777657.0,1,0,0,4,1,18643.0
180032,2008,583,500.0,820504.0,0,0,0,4,1,0.0
180032,2009,596,500.0,850313.0,0,0,0,4,1,0.0
180032,2010,537,500.0,895245.0,1,0,1,4,2,10653.0
180045,2006,5005,500.0,5440041.0,0,0,0,4,4,0.0
180045,2007,4785,500.0,5765032.0,0,0,0,4,4,0.0
180045,2008,4598,500.0,6050738.0,0,0,1,4,4,0.0
180045,2009,5293,500.0,6873443.0,0,0,1,4,4,0.0
180045,2010,5913,500.0,7990342.0,1,0,1,4,4,2057.0
180047,2006,30496,1000.0,38119371.0,3,0,0,4,4,4883.63
180047,2007,28934,1000.0,40186485.0,0,0,0,4,4,0.0
180047,2008,30907,1000.0,41766957.0,2,0,0,4,4,1748.0
180047,2009,30797,1000.0,43376649.0,2,0,0,4,4,3956.65
180047,2010,27411,1000.0,42830334.0,8,0,0,4,4,23694.93
180050,2006,709,500.0,1013124.0,0,0,0,4,3,0.0
180050,2007,681,500.0,1081540.0,0,0,0,4,3,0.0
180050,2008,704,500.0,1135507.0,0,0,1,4,3,0.0
180050,2009,734,500.0,1183578.0,0,0,1,4,3,0.0
180050,2010,681,500.0,1260418.0,0,0,1,4,3,0.0
180051,2006,22180,500.0,23346907.0,4,1,0,4,1,19204.94
180051,2007,21644,500.0,25167573.0,3,1,0,4,4,10404.45
180051,2008,23151,500.0,26610765.0,4,1,0,4,4,7926.62
180051,2009,24286,500.0,27914873.0,5,1,0,4,4,6611.94
180051,2010,21935,500.0,27418301.0,8,1,0,4,4,23918.88
180060,2006,5860,500.0,5186137.0,0,1,0,4,4,0.0
180060,2007,5687,500.0,5467877.0,0,1,0,4,4,0.0
180060,2008,6426,500.0,6179395.0,0,1,1,4,4,0.0
180060,2009,5421,500.0,6611485.0,0,1,1,4,4,0.0
180060,2010,5368,500.0,6467632.0,0,1,1,4,4,0.0
180083,2006,146,500.0,148682.0,0,1,0,4,1,0.0
180083,2007,136,500.0,154320.0,0,1,0,4,1,0.0
180083,2008,135,500.0,163570.0,0,1,1,4,1,0.0
180083,2009,113,500.0,166195.0,0,1,1,4,1,0.0
180083,2010,116,500.0,163288.0,0,1,1,4,1,0.0
180085,2006,1037,500.0,1819560.0,0,1,0,4,1,0.0
180090,2006,2689,500.0,3360950.0,0,1,0,4,1,0.0
180090,2007,2478,500.0,3489261.0,0,1,0,4,1,0.0
180090,2008,2242,500.0,3675479.0,0,1,1,4,1,0.0
180090,2009,3289,500.0,6449444.0,0,1,1,4,4,0.0
180090,2010,3511,500.0,6384340.0,0,1,1,4,4,0.0
180110,2006,687,500.0,1345269.0,0,0,0,4,1,0.0
180110,2007,996,500.0,2032624.0,1,0,0,4,1,1353.88
180110,2008,927,500.0,2156255.0,0,0,0,4,1,0.0
180110,2009,974,500.0,2264653.0,1,0,0,4,1,1258.6
180110,2010,825,500.0,2170286.0,0,0,0,4,1,0.0
180120,2006,230,500.0,383758.0,0,1,0,4,1,0.0
180120,2007,232,500.0,401027.0,0,1,0,4,1,0.0
180120,2008,241,500.0,413860.0,0,1,1,4,4,0.0
180120,2009,221,500.0,434553.0,0,1,1,4,4,0.0
180120,2010,240,500.0,437160.0,0,1,1,4,4,0.0
180124,2006,1437,500.0,1578816.0,0,0,0,4,4,0.0
180124,2007,1320,500.0,1671368.0,0,0,0,4,4,0.0
180124,2008,1356,500.0,1760956.0,0,0,1,4,4,0.0
180124,2009,1401,500.0,1820783.0,0,0,1,4,4,0.0
180124,2010,1211,500.0,1729952.0,0,0,1,4,4,0.0
180140,2006,538,500.0,680738.0,1,0,0,4,1,1005.0
180140,2007,515,500.0,724148.0,0,0,0,4,1,0.0
180140,2008,536,500.0,755175.0,0,0,0,4,1,0.0
180140,2009,571,500.0,804527.0,0,0,1,4,1,0.0
180140,2010,473,500.0,751393.0,0,0,1,4,1,0.0
180150,2006,5941,25000.0,23765699.0,0,0,0,4,4,0.0
180150,2007,5791,25000.0,24131674.0,0,0,0,4,4,0.0
180150,2008,9284,5000.0,25093398.0,0,0,1,4,4,0.0
180150,2009,8502,5000.0,25763608.0,0,0,1,4,4,0.0
180150,2010,8816,5000.0,25930585.0,0,0,1,4,4,0.0
180190,2006,35091,25000.0,113196006.0,0,0,0,4,1,0.0
180190,2007,32456,25000.0,115913201.0,0,0,0,4,1,0.0
180190,2008,33346,25000.0,123505468.0,0,0,1,4,3,0.0
180190,2009,35092,25000.0,129971822.0,0,0,1,4,4,0.0
180190,2010,33100,25000.0,137918245.0,0,0,1,4,4,0.0
180194,2006,22660,5000.0,41964414.0,0,1,0,4,4,0.0
180194,2007,20466,5000.0,44489624.0,0,1,0,4,4,0.0
180194,2008,23512,5000.0,47024786.0,0,1,1,4,4,0.0
180194,2009,24682,5000.0,50371506.0,0,1,1,4,4,0.0
180194,2010,24006,5000.0,53347197.0,1,1,1,4,4,8969.15
180196,2006,31364,25000.0,68182857.0,3,1,0,4,4,7826.83
180196,2007,34797,25000.0,84870229.0,2,1,0,4,4,197542.93
180196,2008,36570,25000.0,89194303.0,0,1,0,4,4,0.0
180196,2009,42354,25000.0,96258003.0,0,1,0,4,4,0.0
180196,2010,42665,25000.0,101584723.0,0,1,1,4,4,0.0
180266,2006,991,500.0,1089991.0,1,1,0,4,1,2180.39
180305,2006,13748,5000.0,26438844.0,0,0,0,4,1,0.0
180305,2007,12363,5000.0,28096715.0,0,0,0,4,1,0.0
180305,2008,11396,5000.0,27135327.0,0,0,1,4,1,0.0
180305,2009,10114,5000.0,28895814.0,0,0,1,4,1,0.0
180305,2010,9512,5000.0,27177105.0,0,0,1,4,1,0.0
180370,2006,39708,25000.0,90246250.0,0,1,0,4,1,0.0
180370,2007,38721,25000.0,96802508.0,0,1,0,4,1,0.0
180370,2008,37680,25000.0,101836106.0,0,1,1,4,1,0.0
180370,2009,38695,25000.0,104581625.0,0,1,1,4,1,0.0
180370,2010,36582,25000.0,110856688.0,1,1,1,4,4,344992.26
180380,2006,132660,5000.0,276373639.0,0,1,0,4,4,0.0
180380,2007,104833,5000.0,291203387.0,0,1,0,4,4,0.0
180380,2008,110340,5000.0,306499604.0,2,1,1,4,4,8096.0
180380,2009,94479,5000.0,325790972.0,1,1,0,4,4,47264.81
180380,2010,90067,5000.0,310577727.0,1,1,0,4,4,263761.35
180420,2006,8225,25000.0,28363024.0,0,1,0,4,4,0.0
180420,2007,8630,25000.0,29757135.0,0,1,0,4,4,0.0
180420,2008,9108,25000.0,31408333.0,0,1,1,4,4,0.0
180420,2009,7826,25000.0,32609456.0,0,1,1,4,4,0.0
180420,2010,7862,25000.0,31447735.0,0,1,1,4,4,0.0
180430,2006,595,500.0,849286.0,0,0,0,4,1,0.0
180430,2007,609,500.0,895873.0,1,0,0,4,1,6875.0
180430,2008,637,500.0,936028.0,0,0,0,4,1,0.0
180430,2009,590,500.0,983447.0,0,0,0,4,1,0.0
180430,2010,901,500.0,1476265.0,0,0,1,4,1,0.0
180480,2006,11732,500.0,33517908.0,0,1,0,4,4,0.0
180480,2007,14853,500.0,46414306.0,0,1,0,4,4,0.0
180480,2008,11449,500.0,38163853.0,0,1,1,4,4,0.0
180480,2009,11269,500.0,40245722.0,0,1,1,4,4,0.0
180480,2010,9801,500.0,37696146.0,0,1,1,4,4,0.0
180490,2006,823,5000.0,1912583.0,0,1,0,4,4,0.0
180490,2007,780,5000.0,1998650.0,0,1,0,4,4,0.0
180490,2008,804,5000.0,2062607.0,0,1,1,4,4,0.0
180490,2009,693,5000.0,2165737.0,0,1,1,4,4,0.0
180490,2010,718,5000.0,2178732.0,0,1,1,4,4,0.0
180500,2006,649,500.0,969330.0,0,1,0,4,4,0.0
180500,2007,606,500.0,1010742.0,0,1,0,4,4,0.0
180500,2008,638,500.0,1063069.0,0,1,1,4,4,0.0
180500,2009,546,500.0,1091529.0,0,1,1,4,4,0.0
180500,2010,559,500.0,1074754.0,0,1,1,4,4,0.0
180508,2006,3159,500.0,4327056.0,0,1,0,4,1,0.0
180508,2007,3280,500.0,4554826.0,0,1,0,4,1,0.0
180508,2008,3406,500.0,4796782.0,0,1,1,4,1,0.0
180508,2009,3510,500.0,5014966.0,1,1,1,4,2,6095.75
180508,2010,3389,500.0,4578786.0,0,1,0,4,2,0.0
180513,2006,2058,500.0,2338850.0,0,1,0,4,1,0.0
180513,2007,1988,500.0,2484807.0,1,1,0,4,1,965.0
180513,2008,2040,500.0,2614031.0,1,1,0,4,1,2170.63
180513,2009,2106,500.0,2735764.0,0,1,0,4,1,0.0
180513,2010,1975,500.0,2633919.0,0,1,0,4,3,0.0
180520,2006,1699,5000.0,3775614.0,0,1,0,4,4,0.0
180520,2007,1482,5000.0,4006113.0,0,1,0,4,4,0.0
180520,2008,1553,5000.0,4196673.0,0,1,1,4,4,0.0
180520,2009,1611,5000.0,4353753.0,0,1,1,4,4,0.0
180520,2010,1418,5000.0,4572583.0,0,1,1,4,4,0.0
180526,2006,17703,5000.0,28553138.0,0,1,0,4,1,0.0
180526,2007,15918,10000.0,30611845.0,0,1,0,4,1,0.0
180526,2008,16486,10000.0,31702863.0,0,1,1,4,1,0.0
180526,2009,15839,10000.0,33700891.0,0,1,1,4,4,0.0
180526,2010,16455,10000.0,33581282.0,0,1,1,4,4,0.0
180530,2006,137,500.0,138562.0,0,1,0,4,1,0.0
180530,2007,135,500.0,146140.0,0,1,0,4,1,0.0
180530,2008,141,500.0,153551.0,0,1,1,4,1,0.0
180530,2009,130,500.0,158818.0,0,1,1,4,1,0.0
180530,2010,127,500.0,154965.0,0,1,1,4,1,0.0
180542,2006,123,500.0,135487.0,0,1,0,4,4,0.0
180542,2007,115,500.0,140871.0,0,1,0,4,4,0.0
180542,2008,117,500.0,149342.0,0,1,1,4,4,0.0
180542,2009,99,500.0,152352.0,0,1,1,4,4,0.0
180542,2010,103,500.0,147292.0,0,1,1,4,4,0.0
180546,2006,600,500.0,1200600.0,0,1,0,4,1,0.0
180546,2007,557,500.0,1266633.0,0,1,0,4,1,0.0
180546,2008,543,1000.0,1323631.0,0,1,1,4,1,0.0
180546,2009,546,1000.0,1365987.0,0,1,1,4,4,0.0
180546,2010,464,1000.0,1364621.0,0,1,1,4,4,0.0
180550,2006,1151,500.0,1036965.0,0,1,0,4,1,0.0
180550,2007,1082,500.0,1093692.0,0,1,0,4,1,0.0
180550,2008,1055,500.0,1158865.0,0,1,1,4,1,0.0
180550,2009,1088,500.0,1182734.0,1,1,1,4,1,3524.0
180550,2010,777,500.0,1021728.0,0,1,0,4,1,0.0
180570,2006,83908,5000.0,144668551.0,1,1,0,4,1,14167.2
180570,2007,146876,5000.0,271991981.0,0,1,0,4,1,0.0
180570,2008,145622,5000.0,274758933.0,0,1,0,4,1,0.0
180570,2009,143582,5000.0,287165147.0,0,1,1,4,1,0.0
180570,2010,122168,5000.0,265583242.0,0,1,1,4,4,0.0
180574,2006,20101,2500.0,31408129.0,0,1,0,4,4,0.0
180574,2007,16250,5000.0,33163172.0,0,1,0,4,4,0.0
180574,2008,15155,5000.0,34442871.0,0,1,1,4,4,0.0
180574,2009,16514,5000.0,35901404.0,0,1,1,4,4,0.0
180574,2010,15851,5000.0,37739043.0,0,1,1,4,4,0.0
180580,2006,23,1000.0,10372.0,0,1,0,4,1,0.0
180580,2007,20,1000.0,10759.0,0,1,0,4,1,0.0
180580,2008,213,1000.0,121971.0,0,1,1,4,1,0.0
180580,2009,95,1000.0,124405.0,0,1,1,4,1,0.0
180580,2010,91,1000.0,120400.0,0,1,1,4,1,0.0
180586,2006,250,10000.0,555455.0,0,0,0,4,1,0.0
180586,2007,246,10000.0,597779.0,0,0,0,4,1,0.0
180586,2008,255,10000.0,621174.0,0,0,1,4,1,0.0
180586,2009,262,10000.0,639809.0,0,0,1,4,1,0.0
180586,2010,234,10000.0,689287.0,0,0,1,4,2,0.0
180595,2006,18,500.0,17052.0,0,0,0,4,1,0.0
180595,2007,100,500.0,18109.0,0,0,0,4,1,0.0
180595,2008,19,500.0,18978.0,0,0,1,4,1,0.0
180595,2009,19,500.0,19737.0,0,0,1,4,1,0.0
180595,2010,17,500.0,19322.0,0,0,1,4,1,0.0
180600,2006,377,500.0,482871.0,0,1,0,4,1,0.0
180600,2007,377,500.0,509429.0,0,1,0,4,1,0.0
180609,2006,841,500.0,1039144.0,0,0,0,4,1,0.0
180609,2007,806,500.0,1104952.0,0,0,0,4,1,0.0
180609,2008,848,500.0,1161600.0,0,0,1,4,1,0.0
180609,2009,885,500.0,1229285.0,0,0,1,4,1,0.0
180609,2010,741,500.0,1176442.0,0,0,1,4,1,0.0
180615,2006,295,500.0,378651.0,0,0,0,4,1,0.0
180615,2007,304,500.0,399228.0,0,0,0,4,1,0.0
180615,2008,320,500.0,420942.0,0,0,1,4,1,0.0
180615,2009,292,500.0,435151.0,0,0,1,4,1,0.0
180615,2010,295,500.0,427061.0,0,0,1,4,1,0.0
180617,2006,6031,2500.0,18275754.0,0,1,0,4,4,0.0
180617,2007,6567,2500.0,19316788.0,0,1,0,4,4,0.0
180617,2008,6936,2500.0,20397922.0,1,1,1,4,4,2600.0
180617,2009,4154,25000.0,21863391.0,0,1,0,4,4,0.0
180617,2010,3979,25000.0,20940557.0,1,1,0,4,4,3500.0
180620,2006,2360,1000.0,3933360.0,0,1,0,4,1,0.0
180620,2007,2955,1000.0,4765350.0,0,1,0,4,1,0.0
180620,2008,2803,1000.0,5004530.0,0,1,1,4,1,0.0
180620,2009,2698,1000.0,5290204.0,1,1,1,4,1,5685.37
180620,2010,4717,1000.0,8901719.0,0,1,0,4,4,0.0
180632,2006,37,500.0,22061.0,0,1,0,4,1,0.0
180632,2007,34,500.0,22988.0,0,1,0,4,1,0.0
180632,2008,124,500.0,96339.0,0,1,1,4,1,0.0
180632,2009,20,500.0,24506.0,0,1,1,4,1,0.0
180632,2010,298,500.0,487493.0,0,1,1,4,1,0.0
180633,2006,11658,10000.0,25905932.0,0,1,0,4,4,0.0
180633,2007,10736,10000.0,27527141.0,1,1,0,4,4,16848.61
180633,2008,11634,10000.0,29833679.0,0,1,0,4,4,0.0
180633,2009,12535,10000.0,31335216.0,0,1,0,4,4,0.0
180633,2010,11538,10000.0,30362082.0,0,1,1,4,4,0.0
180634,2006,31049,5000.0,57497808.0,0,1,0,4,4,0.0
180636,2006,1038,500.0,1462201.0,0,1,0,4,1,0.0
180636,2007,1058,500.0,1532832.0,0,1,0,4,1,0.0
180636,2008,1107,500.0,1604792.0,0,1,1,4,1,0.0
180636,2009,1000,500.0,1695975.0,0,1,1,4,1,0.0
180636,2010,987,500.0,1618343.0,1,1,1,4,1,128400.0
180641,2006,1322,500.0,1612974.0,0,0,0,4,1,0.0
180641,2007,1268,500.0,1712617.0,0,0,0,4,1,0.0
180641,2008,1332,500.0,1798412.0,0,0,1,4,1,0.0
180641,2009,1383,500.0,1867554.0,0,0,1,4,4,0.0
180641,2010,1373,500.0,1990698.0,0,0,1,4,4,0.0
180642,2006,120,500.0,159936.0,0,1,0,4,1,0.0
180642,2007,94,500.0,138000.0,0,1,0,4,1,0.0
180642,2008,87,500.0,144210.0,0,1,1,4,1,0.0
180642,2009,81,500.0,148825.0,0,1,1,4,1,0.0
180642,2010,83,500.0,148676.0,0,1,1,4,1,0.0
180644,2006,388,500.0,467633.0,0,0,0,4,1,0.0
180644,2007,363,500.0,489612.0,0,0,0,4,1,0.0
180644,2008,364,500.0,519968.0,0,0,1,4,1,0.0
180644,2009,374,500.0,535567.0,0,0,1,4,1,0.0
180645,2006,5328,2500.0,9514813.0,0,1,0,4,3,0.0
180645,2007,4893,2500.0,10193085.0,0,1,0,4,3,0.0
180645,2008,1399,100000.0,10761858.0,0,1,1,4,3,0.0
180646,2006,1590,5000.0,2118763.0,0,1,0,4,1,0.0
180646,2007,1280,5000.0,2246017.0,0,1,0,4,1,0.0
180646,2008,1339,5000.0,2432780.0,0,1,1,4,1,0.0
180646,2009,1235,10000.0,2523110.0,0,1,1,4,1,0.0
180646,2010,1032,10000.0,2456407.0,0,1,1,4,4,0.0
180649,2006,453,500.0,647378.0,0,0,0,4,1,0.0
180649,2007,471,500.0,682983.0,1,0,0,4,1,1582.0
180649,2008,487,500.0,715551.0,0,0,0,4,1,0.0
180649,2009,451,500.0,751719.0,0,0,0,4,1,0.0
180649,2010,440,500.0,733053.0,0,0,1,4,1,0.0
180650,2006,3558,500.0,4502478.0,0,1,0,4,1,0.0
180650,2007,3599,500.0,4613618.0,1,1,0,4,1,5048.46
180650,2008,3737,500.0,4853436.0,1,1,0,4,1,2495.9
180660,2006,601,1000.0,1396823.0,0,0,0,4,1,0.0
180660,2007,548,1000.0,1481275.0,0,0,0,4,1,0.0
180660,2008,626,1000.0,1565457.0,0,0,1,4,1,0.0
180660,2009,630,1000.0,1656732.0,0,0,1,4,1,0.0
180660,2010,551,1000.0,1618911.0,0,0,1,4,1,0.0
180664,2006,7839,500.0,10314738.0,0,1,0,4,1,0.0
180664,2007,10942,500.0,16091609.0,0,1,0,4,1,0.0
180664,2008,13028,500.0,18610242.0,0,1,1,4,1,0.0
180664,2009,11885,500.0,19482367.0,0,1,1,4,1,0.0
180664,2010,11840,500.0,17939333.0,0,1,1,4,1,0.0
180666,2006,451,500.0,653740.0,0,1,0,4,1,0.0
180666,2007,486,500.0,714830.0,2,1,0,4,1,2073.6
180666,2008,1073,500.0,1577881.0,0,1,0,4,1,0.0
180666,2009,942,500.0,1683653.0,0,1,0,4,1,0.0
180666,2010,908,500.0,1592818.0,0,1,1,4,1,0.0
180670,2006,908,500.0,1210372.0,0,0,0,4,1,0.0
180670,2007,962,500.0,1394063.0,0,0,0,4,1,0.0
180670,2008,1023,500.0,1526774.0,1,0,1,4,1,1359.0
180670,2009,1052,500.0,1620245.0,1,0,0,4,1,1449.9
180670,2010,887,500.0,1555368.0,1,0,0,4,1,1449.9
180674,2006,1447,1000.0,812560.0,0,0,0,4,1,0.0
180674,2007,2692,1000.0,1264345.0,0,0,0,4,1,0.0
180674,2008,2168,1000.0,1329682.0,0,0,1,4,1,0.0
180674,2009,2153,1000.0,1388434.0,0,0,1,4,2,0.0
180674,2010,1527,1000.0,1328725.0,2,0,1,4,2,29654.8
180675,2006,627,500.0,803258.0,0,1,0,4,1,0.0
180675,2007,607,500.0,842880.0,0,1,0,4,1,0.0
180675,2008,612,500.0,886891.0,0,1,1,4,1,0.0
180675,2009,567,500.0,945418.0,0,1,1,4,1,0.0
180675,2010,581,500.0,921769.0,0,1,1,4,1,0.0
180677,2006,449,500.0,623655.0,1,0,0,4,1,1950.0
180677,2007,420,500.0,655317.0,1,0,0,4,1,950.0
180677,2008,431,500.0,683596.0,0,0,0,4,1,0.0
180677,2009,394,500.0,729636.0,0,0,0,4,1,0.0
180677,2010,381,500.0,692686.0,0,0,1,4,1,0.0
180679,2006,3696,500.0,4738333.0,0,1,0,4,1,0.0
180679,2007,3512,500.0,4947086.0,0,1,0,4,1,0.0
180679,2008,3616,500.0,5239984.0,2,1,1,4,1,2498.48
180679,2009,3245,500.0,5500096.0,1,1,0,4,1,5379.52
180679,2010,3206,500.0,5255994.0,0,1,0,4,3,0.0
180680,2006,83310,100000.0,1190129472.0,1,1,0,4,4,50000.0
180680,2007,87472,100000.0,1249604261.0,0,1,0,4,4,0.0
180680,2008,92960,100000.0,1327998418.0,0,1,0,4,4,0.0
180680,2009,98767,100000.0,1410961385.0,1,1,1,4,4,210781.96
180680,2010,95925,100000.0,1370366856.0,1,1,0,4,4,1223752.91
180690,2006,268,500.0,655373.0,0,1,0,4,1,0.0
180690,2007,296,500.0,738795.0,0,1,0,4,4,0.0
180690,2008,276,500.0,767006.0,0,1,1,4,4,0.0
180690,2009,248,500.0,799647.0,0,1,1,4,4,0.0
180690,2010,280,500.0,797762.0,0,1,1,4,4,0.0
180693,2009,11093,1000.0,9904875.0,0,0,0,4,1,0.0
180693,2010,10155,1000.0,10468515.0,0,0,0,4,1,0.0
180697,2006,4900,500.0,6447762.0,0,0,0,4,1,0.0
180698,2006,703,500.0,789098.0,0,1,0,4,1,0.0
180698,2007,745,1000.0,876774.0,0,1,0,4,1,0.0
180698,2008,717,1000.0,843587.0,1,1,1,4,1,3238.49
180698,2009,657,1000.0,876086.0,0,1,0,4,2,0.0
180698,2010,703,1000.0,857890.0,0,1,0,4,2,0.0
180699,2006,2912,500.0,3550751.0,0,1,0,4,1,0.0
180699,2007,3215,500.0,3738565.0,0,1,0,4,1,0.0
180699,2008,3303,500.0,3931792.0,0,1,1,4,1,0.0
180699,2009,2876,1000.0,4168079.0,0,1,1,4,1,0.0
180699,2010,2475,1000.0,3485947.0,0,1,1,4,1,0.0
180700,2006,118,500.0,157291.0,0,1,0,4,1,0.0
180700,2007,123,500.0,165686.0,0,1,0,4,1,0.0
180700,2008,127,500.0,173907.0,0,1,1,4,1,0.0
180700,2009,119,500.0,186883.0,0,1,1,4,2,0.0
180700,2010,120,500.0,181725.0,0,1,1,4,2,0.0
180701,2006,543,2500.0,624399.0,0,0,0,4,1,0.0
180701,2007,481,2500.0,659253.0,0,0,0,4,1,0.0
180701,2008,489,2500.0,689337.0,0,0,1,4,1,0.0
180701,2009,506,2500.0,713394.0,0,0,1,4,1,0.0
180701,2010,485,2500.0,758898.0,0,0,1,4,1,0.0
180702,2006,62602,25000.0,79242326.0,0,1,0,4,1,0.0
180702,2007,50478,25000.0,81416175.0,1,1,0,4,1,97726.16
180702,2008,50912,25000.0,86292817.0,0,1,0,4,4,0.0
180702,2009,54678,25000.0,91132036.0,0,1,0,4,4,0.0
180702,2010,43278,25000.0,94081775.0,1,1,1,4,4,147964.21
180704,2006,491,500.0,653940.0,0,0,0,4,1,0.0
180704,2007,469,500.0,690302.0,0,0,0,4,1,0.0
180704,2008,481,500.0,728465.0,0,0,1,4,1,0.0
180704,2009,493,500.0,746009.0,0,0,1,4,3,0.0
180704,2010,415,500.0,728992.0,0,0,1,4,3,0.0
180710,2006,584,500.0,584808.0,0,0,0,4,1,0.0
180710,2007,568,500.0,617135.0,0,0,0,4,1,0.0
180710,2008,550,1000.0,645987.0,0,0,1,4,1,0.0
180710,2009,494,2500.0,667515.0,0,0,1,4,1,0.0
180710,2010,477,2500.0,710966.0,0,0,1,4,1,0.0
180712,2006,1979,500.0,2603685.0,0,1,0,4,4,0.0
180712,2007,2026,500.0,2738865.0,0,1,0,4,4,0.0
180712,2008,2123,500.0,2868465.0,0,1,1,4,4,0.0
180712,2009,2177,500.0,2981828.0,1,1,1,4,4,4895.54
180712,2010,2292,500.0,2939063.0,0,1,0,4,4,0.0
180713,2006,184,2500.0,232102.0,0,0,0,4,1,0.0
180713,2007,209,500.0,248971.0,0,0,0,4,1,0.0
180713,2008,216,500.0,263663.0,0,0,1,4,1,0.0
180713,2009,225,500.0,278235.0,0,0,1,4,1,0.0
180713,2010,204,500.0,287598.0,0,0,1,4,1,0.0
180714,2006,562,500.0,639147.0,0,1,0,4,1,0.0
180714,2007,614,500.0,667339.0,0,1,0,4,1,0.0
180714,2008,674,500.0,710331.0,0,1,1,4,1,0.0
180714,2009,682,500.0,757575.0,0,1,1,4,1,0.0
180714,2010,726,500.0,771865.0,0,1,1,4,1,0.0
180716,2006,2148,5000.0,7672840.0,0,0,0,4,1,0.0
180716,2007,2340,5000.0,8071175.0,1,0,0,4,1,55499.9
180716,2008,2430,5000.0,8379130.0,0,0,0,4,1,0.0
180716,2009,1798,5000.0,8992739.0,0,0,0,4,1,0.0
180716,2010,2349,5000.0,8702847.0,0,0,1,4,1,0.0
180717,2006,100,500.0,15000.0,0,0,0,4,1,0.0
180717,2007,96,500.0,19140.0,0,0,0,4,1,0.0
180717,2008,105,500.0,19862.0,0,0,1,4,1,0.0
180717,2009,105,500.0,20243.0,0,0,1,4,1,0.0
180717,2010,108,500.0,19533.0,0,0,1,4,1,0.0
180718,2006,4462,1000.0,9701101.0,0,1,0,4,1,0.0
180718,2007,4183,1000.0,10203041.0,0,1,0,4,1,0.0
180718,2008,4191,1000.0,10747729.0,0,1,1,4,1,0.0
180718,2009,3806,1000.0,11191824.0,0,1,1,4,1,0.0
180718,2010,3417,1000.0,10355069.0,0,1,1,4,1,0.0
180724,2006,1789,500.0,3137264.0,0,1,0,4,4,0.0
180724,2007,2009,500.0,3402636.0,1,1,0,4,4,1299.89
180724,2008,2110,500.0,3576933.0,0,1,0,4,4,0.0
180724,2009,2018,500.0,3807911.0,1,1,0,4,4,62046.61
180724,2010,1881,500.0,3690247.0,0,1,0,4,4,0.0
180725,2006,9237,5000.0,23683590.0,0,0,0,4,1,0.0
180725,2007,8360,5000.0,25333256.0,0,0,0,4,4,0.0
180725,2008,9338,5000.0,26680670.0,0,0,1,4,4,0.0
180725,2009,9760,5000.0,27884794.0,0,0,1,4,4,0.0
180725,2010,9169,5000.0,29576617.0,0,0,1,4,4,0.0
180726,2006,160,500.0,163532.0,0,0,0,4,1,0.0
180728,2006,211,500.0,185454.0,0,0,0,4,1,0.0
180728,2007,197,500.0,196090.0,0,0,0,4,1,0.0
180728,2008,177,500.0,204447.0,0,0,1,4,1,0.0
180728,2009,200,500.0,211084.0,0,0,1,4,1,0.0
180728,2010,202,500.0,224200.0,0,0,1,4,1,0.0
180729,2006,111,500.0,134731.0,0,0,0,4,1,0.0
180729,2007,106,500.0,140799.0,0,0,0,4,1,0.0
180730,2006,342,500.0,487884.0,0,1,0,4,1,0.0
180730,2007,342,500.0,511474.0,0,1,0,4,1,0.0
180730,2008,359,500.0,535327.0,0,1,1,4,1,0.0
180730,2009,329,500.0,566082.0,0,1,1,4,1,0.0
180730,2010,1099,500.0,1863459.0,0,1,1,4,1,0.0
180731,2006,5418,1000.0,13216485.0,0,0,0,4,4,0.0
180731,2007,5133,1000.0,14260160.0,0,0,0,4,4,0.0
180731,2008,5590,1000.0,15109304.0,0,0,1,4,4,0.0
180731,2009,5737,1000.0,15937798.0,0,0,1,4,4,0.0
180731,2010,5128,1000.0,17093053.0,0,0,1,4,4,0.0
180732,2006,2222,2500.0,2222317.0,0,1,0,4,1,0.0
180733,2006,831,500.0,566065.0,0,0,0,4,1,0.0
180733,2007,818,500.0,624118.0,0,0,0,4,1,0.0
180733,2008,813,500.0,655594.0,0,0,1,4,1,0.0
180733,2009,672,500.0,679341.0,0,0,1,4,1,0.0
180733,2010,694,500.0,661364.0,0,0,1,4,1,0.0
180736,2006,118,500.0,145000.0,0,0,0,4,1,0.0
180736,2007,99,500.0,145000.0,0,0,0,4,1,0.0
180736,2008,420,500.0,598832.0,0,0,1,4,1,0.0
180736,2009,393,500.0,642625.0,1,0,1,4,1,9455.0
180736,2010,376,500.0,606450.0,0,0,0,4,1,0.0
180737,2006,216,500.0,300000.0,0,1,0,4,1,0.0
180737,2007,207,500.0,300000.0,0,1,0,4,1,0.0
180737,2008,212,500.0,306000.0,0,1,1,4,1,0.0
180737,2009,185,500.0,308448.0,0,1,1,4,1,0.0
180737,2010,186,500.0,301971.0,0,1,1,4,1,0.0
180738,2006,1258,500.0,1906512.0,0,0,0,4,3,0.0
180738,2007,1243,500.0,2037338.0,0,0,0,4,3,0.0
180738,2008,1269,500.0,2151219.0,0,0,1,4,3,0.0
180738,2009,1333,500.0,2258843.0,0,0,1,4,3,0.0
180738,2010,1264,500.0,2339795.0,0,0,1,4,3,0.0
180739,2006,554,500.0,667468.0,0,0,0,4,4,0.0
180739,2007,537,500.0,716509.0,0,0,0,4,4,0.0
180739,2008,545,500.0,766540.0,0,0,1,4,4,0.0
180739,2009,586,500.0,802538.0,0,0,1,4,4,0.0
180739,2010,541,500.0,860074.0,0,0,1,4,4,0.0
180740,2006,112,500.0,143520.0,0,0,0,4,1,0.0
180740,2007,96,500.0,153423.0,0,0,0,4,1,0.0
180740,2008,100,500.0,158985.0,0,0,1,4,1,0.0
180740,2009,109,500.0,172817.0,0,0,1,4,1,0.0
180740,2010,90,500.0,160029.0,0,0,1,4,1,0.0
180741,2006,9,500.0,8937.0,0,0,0,4,1,0.0
180741,2007,9,500.0,9491.0,0,0,0,4,1,0.0
180741,2008,9,500.0,9947.0,0,0,1,4,1,0.0
180741,2009,9,500.0,10345.0,0,0,1,4,1,0.0
180741,2010,9,500.0,10304.0,0,0,1,4,1,0.0
180742,2006,661,500.0,836202.0,0,0,0,4,1,0.0
180742,2007,641,500.0,891002.0,0,0,0,4,1,0.0
180742,2008,662,500.0,944897.0,0,0,1,4,1,0.0
180742,2009,691,500.0,1001906.0,0,0,1,4,1,0.0
180742,2010,500,1000.0,961143.0,0,0,1,4,1,0.0
180743,2006,460,500.0,656852.0,0,0,0,4,1,0.0
180743,2007,446,500.0,709325.0,1,0,0,4,1,4945.0
180743,2008,449,500.0,748338.0,0,0,0,4,1,0.0
180743,2009,537,500.0,910160.0,1,0,0,4,1,9400.0
180743,2010,744,500.0,1377799.0,1,0,0,4,1,8500.0
180744,2006,25744,5000.0,58510147.0,2,0,0,4,4,13844.32
180744,2007,29489,5000.0,51736549.0,0,0,0,4,4,0.0
180744,2008,28285,5000.0,55460937.0,0,0,0,4,4,0.0
180744,2009,27197,5000.0,57863522.0,0,0,1,4,4,0.0
180744,2010,26251,5000.0,55852702.0,0,0,1,4,4,0.0
180745,2006,1058,500.0,2520449.0,0,1,0,4,4,0.0
180745,2007,1010,500.0,2659107.0,0,1,0,4,4,0.0
180745,2008,722,2500.0,2778782.0,0,1,1,4,4,0.0
180745,2009,745,2500.0,2867746.0,0,1,1,4,4,0.0
180745,2010,687,2500.0,2864862.0,0,1,1,4,4,0.0
180747,2006,817,500.0,1103843.0,0,1,0,4,1,0.0
180747,2007,806,500.0,1185057.0,0,1,0,4,1,0.0
180749,2006,3401,2500.0,4596535.0,0,0,0,4,2,0.0
180751,2006,3940,1000.0,4804797.0,0,0,0,4,1,0.0
180751,2007,4246,1000.0,5055328.0,0,0,0,4,1,0.0
180751,2008,4294,1000.0,5301599.0,1,0,1,4,1,6270.24
180751,2009,3965,1000.0,5506996.0,0,0,0,4,1,0.0
180751,2010,4147,1000.0,5387095.0,0,0,0,4,3,0.0
180752,2006,686,500.0,1205046.0,0,0,0,4,1,0.0
180752,2007,738,500.0,1271324.0,0,0,0,4,1,0.0
180752,2008,772,500.0,1330915.0,0,0,1,4,1,0.0
180752,2009,742,500.0,1426574.0,0,0,1,4,1,0.0
180752,2010,725,500.0,1392671.0,0,0,1,4,1,0.0
180753,2006,3126,1000.0,3908068.0,0,1,0,4,1,0.0
180753,2007,3458,1000.0,4115877.0,0,1,0,4,1,0.0
180753,2008,3021,2500.0,4316392.0,0,1,1,4,1,0.0
180753,2009,2919,2500.0,4491033.0,0,1,1,4,1,0.0
180753,2010,3085,2500.0,4406738.0,0,1,1,4,1,0.0
180754,2006,4819,10000.0,8763145.0,0,1,0,4,4,0.0
180754,2007,5239,10000.0,9190491.0,0,1,0,4,4,0.0
180754,2008,4852,10000.0,9513273.0,0,1,1,4,4,0.0
180754,2009,4769,10000.0,10145460.0,0,1,1,4,4,0.0
180754,2010,5176,10000.0,10562609.0,0,1,1,4,4,0.0
180755,2006,88,500.0,30250.0,0,1,0,4,1,0.0
180755,2007,52,500.0,31703.0,0,1,0,4,1,0.0
180755,2008,50,500.0,33386.0,0,1,1,4,1,0.0
180755,2009,54,500.0,39487.0,0,1,1,4,1,0.0
180755,2010,53,500.0,38014.0,0,1,1,4,1,0.0
180756,2006,6698,2500.0,5875654.0,0,0,0,4,4,0.0
180756,2007,6245,2500.0,6183476.0,0,0,0,4,4,0.0
180756,2008,5924,2500.0,6510545.0,0,0,1,4,4,0.0
180756,2009,4757,2500.0,6796723.0,0,0,1,4,4,0.0
180756,2010,4672,2500.0,6579862.0,0,0,1,4,4,0.0
180758,2006,436,500.0,489895.0,0,1,0,4,1,0.0
180758,2007,466,500.0,513412.0,0,1,0,4,1,0.0
180758,2008,483,500.0,530868.0,0,1,1,4,1,0.0
180758,2009,505,500.0,566434.0,0,1,1,4,1,0.0
180758,2010,552,500.0,594257.0,0,1,1,4,1,0.0
180759,2006,872,500.0,1896135.0,0,1,0,4,1,0.0
180759,2007,840,500.0,2099934.0,0,1,0,4,3,0.0
180759,2008,955,500.0,2220094.0,0,1,1,4,3,0.0
180759,2009,971,500.0,2309017.0,0,1,1,4,4,0.0
180759,2010,929,500.0,2444077.0,1,1,1,4,4,1851.48
180761,2006,157,1000.0,150000.0,0,0,0,4,1,0.0
180761,2007,139,1000.0,150000.0,0,0,0,4,1,0.0
180763,2006,647,500.0,634092.0,0,0,0,4,4,0.0
180763,2007,619,500.0,673284.0,0,0,0,4,4,0.0
180763,2008,656,500.0,705740.0,0,0,1,4,4,0.0
180763,2009,682,500.0,733640.0,0,0,1,4,4,0.0
180763,2010,648,500.0,718761.0,0,0,1,4,4,0.0
180764,2006,52,500.0,42023.0,0,1,0,4,1,0.0
180764,2007,415,500.0,380845.0,0,1,0,4,2,0.0
180765,2006,115,500.0,102344.0,1,1,0,4,4,1465.0
180765,2007,115,500.0,107768.0,0,1,0,4,4,0.0
180765,2008,118,500.0,111001.0,0,1,0,4,4,0.0
180765,2009,103,500.0,116440.0,0,1,1,4,4,0.0
180765,2010,104,500.0,113762.0,0,1,1,4,4,0.0
180766,2006,186,500.0,188000.0,0,1,0,4,1,0.0
180766,2007,438,500.0,584053.0,1,1,0,4,1,3075.0
180766,2008,426,500.0,609858.0,0,1,0,4,1,0.0
180766,2009,453,500.0,647526.0,0,1,0,4,1,0.0
180766,2010,382,500.0,615783.0,0,1,1,4,1,0.0
180767,2006,210,500.0,200000.0,0,1,0,4,1,0.0
180767,2007,190,500.0,200000.0,0,1,0,4,1,0.0
180767,2008,181,500.0,190640.0,0,1,1,4,1,0.0
180767,2009,190,500.0,198225.0,0,1,1,4,1,0.0
180767,2010,182,500.0,197404.0,0,1,1,4,1,0.0
180768,2006,6401,1000.0,7357234.0,0,1,0,4,3,0.0
180768,2007,7247,1000.0,7709647.0,0,1,0,4,3,0.0
180768,2008,6897,1000.0,8113117.0,0,1,1,4,3,0.0
180768,2009,5138,1000.0,8424746.0,2,1,1,4,3,7846.75
180768,2010,4833,1000.0,8192072.0,0,1,0,4,3,0.0
180769,2006,551,1000.0,733948.0,0,1,0,4,1,0.0
180769,2007,608,500.0,770080.0,0,1,0,4,1,0.0
180769,2008,636,500.0,804491.0,0,1,1,4,1,0.0
180769,2009,612,500.0,838304.0,0,1,1,4,1,0.0
180769,2010,539,1000.0,829295.0,1,1,1,4,1,3405.0
180770,2006,186,500.0,216685.0,0,1,0,4,1,0.0
180770,2007,207,500.0,227086.0,0,1,0,4,1,0.0
180770,2008,213,500.0,234807.0,0,1,1,4,1,0.0
180770,2009,221,500.0,250539.0,0,1,1,4,1,0.0
180770,2010,374,500.0,407549.0,0,1,1,4,1,0.0
180771,2006,4656,5000.0,3448890.0,0,1,0,4,1,0.0
180771,2007,2734,500.0,3746298.0,0,1,0,4,1,0.0
180771,2008,2896,500.0,3967933.0,1,1,1,4,1,3928.48
180771,2009,2700,500.0,4152681.0,0,1,0,4,1,0.0
180771,2010,2727,500.0,4071379.0,0,1,0,4,1,0.0
180773,2006,541,500.0,409912.0,0,1,0,4,1,0.0
180773,2007,755,500.0,1019085.0,1,1,0,4,1,1510.0
180773,2008,734,500.0,1064820.0,0,1,0,4,1,0.0
180773,2009,748,500.0,1083977.0,0,1,0,4,1,0.0
180773,2010,643,500.0,1071536.0,0,1,1,4,1,0.0
180774,2006,238,500.0,176400.0,0,1,0,4,1,0.0
180774,2007,178,500.0,200000.0,0,1,0,4,1,0.0
180774,2008,191,500.0,209600.0,0,1,1,4,1,0.0
180774,2009,198,500.0,217984.0,0,1,1,4,1,0.0
180774,2010,188,500.0,213406.0,0,1,1,4,1,0.0
180775,2006,943,500.0,915200.0,0,1,0,4,1,0.0
180775,2007,753,500.0,978500.0,0,1,0,4,1,0.0
180775,2008,769,500.0,1011664.0,0,1,1,4,1,0.0
180775,2009,799,500.0,1050444.0,0,1,1,4,1,0.0
180775,2010,717,500.0,1022983.0,0,1,1,4,1,0.0
180776,2006,101,500.0,76400.0,0,1,0,4,1,0.0
180776,2007,72,500.0,81137.0,0,1,0,4,1,0.0
180776,2008,68,500.0,86167.0,0,1,1,4,1,0.0
180776,2009,69,500.0,87460.0,0,1,1,4,1,0.0
180776,2010,64,500.0,88859.0,0,1,1,4,1,0.0
180777,2006,3152,1000.0,2648500.0,0,1,0,4,1,0.0
180777,2007,1807,1000.0,3063500.0,0,1,0,4,1,0.0
180777,2008,5384,1000.0,8283020.0,0,1,1,4,2,0.0
180777,2009,5277,1000.0,8650181.0,0,1,1,4,2,0.0
180777,2010,5554,1000.0,8545496.0,1,1,1,4,2,20679.58
180778,2006,5448,500.0,5558687.0,0,1,0,4,1,0.0
180778,2007,2903,500.0,4087735.0,0,1,0,4,1,0.0
180778,2008,3872,5000.0,7744705.0,0,1,1,4,4,0.0
180778,2009,3219,5000.0,8255364.0,0,1,1,4,4,0.0
180778,2010,3210,5000.0,8025258.0,0,1,1,4,4,0.0
180779,2007,427,500.0,330500.0,1,1,0,4,1,1708.0
180779,2008,2118,500.0,2462363.0,0,1,0,4,1,0.0
180779,2009,2035,500.0,2543596.0,0,1,0,4,1,0.0
180779,2010,1829,500.0,2314204.0,0,1,1,4,1,0.0
180780,2007,8921,5000.0,15930517.0,0,1,0,4,1,0.0
180780,2008,11629,5000.0,15930517.0,0,1,0,4,1,0.0
180781,2008,196,500.0,250000.0,0,1,0,4,1,0.0
180781,2009,199,500.0,255671.0,0,1,0,4,1,0.0
180781,2010,187,500.0,268199.0,0,1,1,4,1,0.0
180782,2008,429,500.0,595970.0,0,1,0,4,1,0.0
180782,2009,326,500.0,603912.0,0,1,0,4,1,0.0
180782,2010,337,500.0,581567.0,0,1,1,4,1,0.0
180783,2008,191,1000.0,178596.0,0,1,0,4,1,0.0
180783,2009,143,1000.0,185593.0,1,1,0,4,1,11905.4
180783,2010,147,1000.0,180281.0,0,1,0,4,1,0.0
180784,2008,160,1000.0,500000.0,0,1,0,4,1,0.0
180784,2009,320,1000.0,915000.0,0,1,0,4,2,0.0
180784,2010,362,1000.0,951602.0,0,1,1,4,2,0.0
180785,2008,1120,1000.0,1000000.0,0,1,0,4,1,0.0
180785,2009,1076,1000.0,2444859.0,0,1,0,4,1,0.0
180785,2010,1094,1000.0,2327228.0,0,1,1,4,1,0.0
180786,2009,9192,500.0,7125879.0,0,1,0,4,1,0.0
180786,2010,5245,500.0,7387558.0,0,1,0,4,1,0.0
180787,2008,200,1000.0,200000.0,0,1,0,4,1,0.0
180787,2009,92,500.0,135182.0,0,1,0,4,1,0.0
180787,2010,199,500.0,285000.0,0,1,1,4,1,0.0
180788,2010,58344,100000.0,416739800.0,1,1,0,4,1,168304.05
180789,2010,295,500.0,500988.0,1,1,0,4,1,1034.33
180790,2010,2077,1000.0,3580665.0,0,1,0,4,4,0.0
180791,2010,81,500.0,118800.0,0,1,0,4,1,0.0
